Title	Publication Date	Authors	Journal	DOI	Cited By
Abstract 3878: Subcellular characterization of over 100 proteins in FFPE tumor biopsies with CosMx Spatial Molecular Imager	2022-06-15	Zachary Lewis, Tien Phan‐Everson, Gary Geiss, Mithra Korukonda, Ruchir Bhatt, Carl Brown, Dwayne Dunaway, Joseph Phan, Alyssa Rosenbloom, Brian Filanoski, Rhonda Meredith, Kan Chantranuvatana, Yan Liang, Emily Brown, Brian Birditt, Giang T. Ong, Hye Son Yi, Erin Piazza, Vikram Devgan, Nicole Ortogero, Patrick Danaher, Sarah Warren, Michael Rhodes, Joseph Beechem	Cancer Research	https://doi.org/10.1158/1538-7445.am2022-3878	6
Abstract 6765: Spatial insights into tumor immune evasion illuminated with 1000-plex RNA profiling with CosMx Spatial Molecular Imager	2023-04-04	Claire Williams, Jason Reeves, Patrick Danaher, Shanshan He, Sean Kim, Michael Patrick, Julian Preciado, Mark Gregory, Zach Reitz, Justin Jenkins, Rachel Liu, Sarah Murphy, Christine Kang, Byron H. Hartman, Vikram Devgan, Michael Rhodes, Joseph Beechem	Cancer Research	https://doi.org/10.1158/1538-7445.am2023-6765	8
A complete pipeline for high‐plex spatial proteomic profiling and analysis of neural cell phenotypes on the CosMx™ Spatial Molecular Imager and AtoMx™ Spatial Informatics Platform	2023-12-01	Alyssa Rosenbloom, Shilah A. Bonnett, Mark Conner, Tien Phan‐Everson, Zachary Lewis, Giang T. Ong, Yan Liang, Emily Brown, Liuliu Pan, Aster Wardhani, Mithra Korukonda, Carl Brown, Dwayne Dunaway, Edward Zhao, Dan McGuire, Sangsoon Woo, Brian Filanoski, Rhonda Meredith, Kan Chantranuvatana, Brian Birditt, Hye Son Yi, Erin Piazza, Jason Reeves, Christine Kang, Gary Geiss, Joseph Beechem	Alzheimer s & Dementia	https://doi.org/10.1002/alz.076665	4
A technical comparison of spatial transcriptomics platforms across six cancer types - Xenium & CosMx	2026-01-01	Sergi Cervilla, Daniela Grases Mendoza, Eduard Porta-Pardo	Zenodo (CERN European Organization for Nuclear Research)	https://doi.org/10.5281/zenodo.17986017	1
High-plex imaging of RNA and proteins at subcellular resolution in fixed tissue by spatial molecular imaging	2022-10-06	Shanshan He, Ruchir Bhatt, Carl Brown, Emily Brown, Derek L. Buhr, Kan Chantranuvatana, Patrick Danaher, Dwayne Dunaway, Ryan G. Garrison, Gary Geiss, Mark Gregory, Margaret L. Hoang, Rustem Khafizov, Emily Killingbeck, Dae Joon Kim, Tae Kyoung Kim, Young‐Mi Kim, Andrew Klock, Mithra Korukonda, Alecksandr Kutchma, Zachary Lewis, Yan Liang, Jeffrey S. Nelson, Giang T. Ong, Evan P. Perillo, Joseph C. Phan, Tien Phan-Everson, Erin Piazza, Tushar D. Rane, Zachary Reitz, Michael Rhodes, Alyssa Rosenbloom, David Ross, Hiromi Sato, Aster Wardhani, Corey A. Williams-Wietzikoski, Lidan Wu, Joseph Beechem	Nature Biotechnology	https://doi.org/10.1038/s41587-022-01483-z	690
NoButter: An R package for reducing transcript dispersion in CosMx Spatial Molecular Imaging Data	2024-11-28	Beibhinn O'Hora, Roman Laddach, Rosamond Nuamah, Victoire Boulat, Isobelle Wall, Joseph A. Bell, David A. Johnston, Sonya James, Jeanette Norman, Mark G. Jones, Ciro Chiappini, Anita Grigoriadis, Jelmar Quist	Unknown Journal	https://doi.org/10.1101/2024.11.25.625243	1
CosMx SMI data of one HGSOC tumour reveals ovarian cancer subclones with distinct tumour microenvironments and autocrine circuits	2023-01-01	Elena Denisenko, Rui Hou, Paul A. Cohen, Yu Yu, Alistair R. R. Forrest	Zenodo (CERN European Organization for Nuclear Research)	https://doi.org/10.5281/zenodo.10048057	1
Macrophage and neutrophil heterogeneity at single-cell spatial resolution in human inflammatory bowel disease	2023-07-26	Alba Garrido-Trigo, A M Corraliza, Marisol Veny, Isabella Dotti, Elisa Melón-Ardanaz, Aina Rill, Helena L. Crowell, Ángel L. Corbí, Victòria Gudiño, Míriam Esteller, Iris Álvarez-Teubel, Daniel Aguilar, Maria Carme Masamunt, Emily Killingbeck, Young‐Mi Kim, Michael Leon, Sudha Visvanathan, Doménica Marchese, Ginevra Caratù, Albert Martín‐Cardona, María Esteve, Íngrid Ordás, Julián Panés, Elena Ricart, Elisabetta Mereu, Holger Heyn, Azucena Salas	Nature Communications	https://doi.org/10.1038/s41467-023-40156-6	233
Single-cell multi-omic and spatial profiling of human kidneys implicates the fibrotic microenvironment in kidney disease progression	2024-07-24	Amin Abedini, Jonathan Levinsohn, Konstantin A. Klötzer, Bernhard Dumoulin, Ziyuan Ma, Julia Frederick, Poonam Dhillon, Michael S. Balzer, Rojesh Shrestha, Hongbo Liu, Steven Vitale, Andi M. Bergeson, Kishor Devalaraja‐Narashimha, Paola Grandi, Tanmoy Bhattacharyya, Erding Hu, Steven S. Pullen, Carine M. Boustany‐Kari, Paolo Guarnieri, Anil Karihaloo, Daniel Traum, Hanying Yan, Kyle Coleman, Matthew Palmer, Lea Sarov‐Blat, Lori Morton, Christopher A. Hunter, Klaus H. Kaestner, Mingyao Li, Katalin Suszták	Nature Genetics	https://doi.org/10.1038/s41588-024-01802-x	106
A Comparative Analysis of Imaging-Based Spatial Transcriptomics Platforms	2023-12-14	David P. Cook, Kirk B. Jensen, Kellie Wise, Michael J. Roach, Felipe Segato Dezem, Natalie K. Ryan, Michel Zamojski, Ioannis S. Vlachos, Simon Knott, Lisa M. Butler, Jeffrey L. Wrana, Nicholas E. Banovich, Jasmine Plummer, Luciano G. Martelotto	Unknown Journal	https://doi.org/10.1101/2023.12.13.571385	69
Spatial transcriptomics reveals discrete tumour microenvironments and autocrine loops within ovarian cancer subclones	2024-04-03	Elena Denisenko, Leanne de Kock, Adeline Tan, Aaron B. Beasley, Maria Beilin, Matthew E. Jones, Rui Hou, Dáithí Ó Muirí, Sanela Bilic, G. Raj K. A. Mohan, Stuart Salfinger, Simon A. Fox, Khaing Pann Witt Hmon, Yen Yeow, Youngmi Kim, Rhea John, Tami S. Gilderman, Emily Killingbeck, Elin S. Gray, Paul A. Cohen, Yu Yu, Alistair R. R. Forrest	Nature Communications	https://doi.org/10.1038/s41467-024-47271-y	98
Nanostring CosMx	2024-01-01	Ziyi Li	Figshare	https://doi.org/10.6084/m9.figshare.23972991	0
CosMx for FFPE v2	2025-06-24	Joanna Bi	Unknown Journal	https://doi.org/10.17504/protocols.io.3byl41mrolo5/v2	0
CosMx for FFPE v1	2025-06-24	Joanna Bi	Unknown Journal	https://doi.org/10.17504/protocols.io.3byl41mrolo5/v1	0
spaCI: deciphering spatial cellular communications through adaptive graph model	2022-12-21	Ziyang Tang, Tonglin Zhang, Baijian Yang, Jing Su, Qianqian Song	Briefings in Bioinformatics	https://doi.org/10.1093/bib/bbac563	69
CosMx raw data files	2026-02-10	Los Angeles University of California, University of Michigan	Zenodo (CERN European Organization for Nuclear Research)	https://doi.org/10.5281/zenodo.18602258	0
CosMx raw data files	2026-02-10	Los Angeles University of California, University of Michigan	Zenodo (CERN European Organization for Nuclear Research)	https://doi.org/10.5281/zenodo.18602259	0
Microglia-astrocyte crosstalk in the amyloid plaque niche of an Alzheimer’s disease mouse model, as revealed by spatial transcriptomics	2024-05-30	Anna Mallach, Magdalena Zielonka, Veerle van Lieshout, Yanru An, Jia Hui Khoo, Marisa Vanheusden, Wei-Ting Chen, Daan Moechars, I. Lorena Arancibia‐Cárcamo, Mark Fiers, Bart De Strooper	Cell Reports	https://doi.org/10.1016/j.celrep.2024.114216	82
CosMx Spatial Transcriptomics Protocol v1	2025-09-23	Asmita Kishor Lagwankar, Amanda Knoten, Siegmar Reinert, Sanjay Jain	Unknown Journal	https://doi.org/10.17504/protocols.io.x54v95w7pl3e/v1	0
CosMx Protein slide preparation v1	2024-04-25	Spatial Touchstone	Unknown Journal	https://doi.org/10.17504/protocols.io.bp2l62bokgqe/v1	0
CosMx RNA Slide Preparation v1	2024-04-25	Spatial Touchstone	Unknown Journal	https://doi.org/10.17504/protocols.io.eq2lywpomvx9/v1	0
High-plex Multiomic Analysis in FFPE at Subcellular Level by Spatial Molecular Imaging	2021-11-04	Shanshan He, Ruchir Bhatt, Carl Brown, Emily Brown, Derek L. Buhr, Kan Chantranuvatana, Patrick Danaher, Dwayne Dunaway, Ryan G. Garrison, Gary Geiss, Mark Gregory, Margaret L. Hoang, Rustem Khafizov, Emily Killingbeck, Dae Joon Kim, Tae Kyoung Kim, Youngmi Kim, Andrew Klock, Mithra Korukonda, Alecksandr Kutchma, Zachary Lewis, Yan Liang, Jeffrey S. Nelson, Giang T. Ong, Evan P. Perillo, Joseph C. Phan, Tien Phan-Everson, Erin Piazza, Tushar D. Rane, Zachary Reitz, Michael Rhodes, Alyssa Rosenbloom, David Ross, Hiromi Sato, Aster Wardhani, Corey A. Williams-Wietzikoski, Lidan Wu, Joseph Beechem	Unknown Journal	https://doi.org/10.1101/2021.11.03.467020	73
NanoString CosMx Manual Slide Preparation v1	2025-04-17	MacKenzie L. Bolen, Malú G. Tansey	Unknown Journal	https://doi.org/10.17504/protocols.io.q26g753m3lwz/v1	0
CosMx SMI Setup and Data Acquisition v1	2024-04-25	Spatial Touchstone	Unknown Journal	https://doi.org/10.17504/protocols.io.j8nlk8475l5r/v1	0
CosMx 6000-plex colon cancer dataset	2023-01-01	Patrick Danaher	Figshare	https://doi.org/10.6084/m9.figshare.24164388	0
From Xenium RNA to CosMx Protein v1	2024-04-25	Spatial Touchstone	Unknown Journal	https://doi.org/10.17504/protocols.io.5jyl82539l2w/v1	0
CosMx FFPE Microtome Sectioning v1	2025-04-07	Joanna Bi	Unknown Journal	https://doi.org/10.17504/protocols.io.14egn4z3mv5d/v1	0
Bolen Human Sigmoid Colon Protein CosMx Dataset	2025-12-12	Bolen, MacKenzie L., Buendia, Marc, Shi, Ji, Salas, Azucena, Thompson, E. Aubrey, Tansey, Malú G.	Zenodo (CERN European Organization for Nuclear Research)	https://doi.org/10.5281/zenodo.17917772	0
Bolen Human Sigmoid Colon Protein CosMx Dataset	2025-12-12	Bolen, MacKenzie L., Buendia, Marc, Shi, Ji, Salas, Azucena, Thompson, E. Aubrey, Tansey, Malú G.	Zenodo (CERN European Organization for Nuclear Research)	https://doi.org/10.5281/zenodo.17917771	0
cartloader CosMX SMI Starter Tutorial Results	2025-12-29	Weiqiu Cheng, Hyun Min KANG, Lee Jun Hee	Zenodo (CERN European Organization for Nuclear Research)	https://doi.org/10.5281/zenodo.18090863	0
CosMx Spatial transcriptome dataset of human gastric mucosa	2023-10-12	Ayumu Tsubosaka, Shumpei Ishikawa	Zenodo (CERN European Organization for Nuclear Research)	https://doi.org/10.5281/zenodo.8333281	0
Bolen Human Sigmoid Colon RNA CosMx Dataset	2025-12-12	Bolen, MacKenzie L., Buendia, Marc, Shi, Ji, Salas, Azucena, Thompson, E. Aubrey, Tansey, Malú G.	Zenodo (CERN European Organization for Nuclear Research)	https://doi.org/10.5281/zenodo.17917789	0
cartloader CosMX SMI Starter Tutorial Results	2025-12-16	CHENG, Weiqiu, KANG, Hyun Min, Lee Jun Hee	Zenodo (CERN European Organization for Nuclear Research)	https://doi.org/10.5281/zenodo.17955214	0
Bolen CosMx human Colon RNA and Protein code	2025-11-05	Marc Buendia, Bolen, Mackenzie, Tansey, Malu	Zenodo (CERN European Organization for Nuclear Research)	https://doi.org/10.5281/zenodo.17537302	0
Bolen CosMx human Colon RNA and Protein code	2025-11-05	Marc Buendia, Bolen, Mackenzie, Tansey, Malu	Zenodo (CERN European Organization for Nuclear Research)	https://doi.org/10.5281/zenodo.17537303	0
CosMx Spatial transcriptome dataset of human gastric mucosa	2023-10-12	Ayumu Tsubosaka, Shumpei Ishikawa	Zenodo (CERN European Organization for Nuclear Research)	https://doi.org/10.5281/zenodo.8333280	0
Bolen Human Sigmoid Colon RNA CosMx Dataset	2025-12-12	Bolen, MacKenzie L., Buendia, Marc, Shi, Ji, Salas, Azucena, Thompson, E. Aubrey, Tansey, Malú G.	Zenodo (CERN European Organization for Nuclear Research)	https://doi.org/10.5281/zenodo.17917788	0
Perillo Human Colitis Associated Cancer RNA CosMx Dataset	2026-01-15	University of Milano-Bicocca	Zenodo (CERN European Organization for Nuclear Research)	https://doi.org/10.5281/zenodo.18255741	0
Carver et al, Aged Brain Spatial Profiling - CosMx v1	2023-10-04	Chase Carver	Unknown Journal	https://doi.org/10.17504/protocols.io.dm6gp3yb5vzp/v1	0
CosMx Hepatocellular Carcinoma data (Original one is the BroadInstitute TCGA Data)	2026-01-01	Debolina Chatterjee	Synapse	https://doi.org/10.7303/syn71737248	0
HuBMAP | CosMx® SMI Manual Slide Preparation for RNA Assays v1	2025-06-06	Arivarasan Karunamurthy, Hi‐Joon Park	Unknown Journal	https://doi.org/10.17504/protocols.io.eq2lyqk9pvx9/v1	0
CosMx Spatial Transcriptomics of Colorectal Cancer Liver Metastases - Raw dataset TMA4	2026-01-26	Sanne M L Verheul, Tengyu Zhang, Claire Kennedy, João Da Silva Filho, M Doukas, P. Vermeulen, Cornelis Verhoef, Nigel Jamieson, Daniele V. F. Tauriello	Zenodo (CERN European Organization for Nuclear Research)	https://doi.org/10.5281/zenodo.18326662	0
CosMx Spatial Transcriptomics of Colorectal Cancer Liver Metastases - Raw dataset TMA4	2026-01-26	Sanne M L Verheul, Tengyu Zhang, Claire Kennedy, João Da Silva Filho, M Doukas, P. Vermeulen, Cornelis Verhoef, Nigel Jamieson, Daniele V. F. Tauriello	Zenodo (CERN European Organization for Nuclear Research)	https://doi.org/10.5281/zenodo.18326661	0
Perillo Human Colitis Associated Cancer RNA CosMx Dataset	2026-01-15	University of Milano-Bicocca	Zenodo (CERN European Organization for Nuclear Research)	https://doi.org/10.5281/zenodo.18255742	0
CosMx Transcriptomics data from the brain of a C57BL/6 female mouse	2025-11-11	Chase Carver, Marissa Schafer	Cellular Senescence Network (SenNet)	https://doi.org/10.60586/snt793.jcsp.883	0
147 Comprehensive <i>in situ</i> immune phenotyping with the CosMx™ high plex protein assay	2022-11-01	Tien Phan‐Everson, Jianji Chen, Zachary Lewis, Gary Geiss, Yan Liang, Emily Brown, Liuliu Pan, Stefan Phelan, Charlie Glaser, Mithra Korukonda, Carl J. Brown, Dwayne Dunaway, Joseph Phan, Alyssa Rosenbloom, Brian Filanoski, Rhonda Meredith, Kan Chantranuvatana, Brian Birditt, Giang T. Ong, Hye Son Yi, Erin Piazza, Jason Reeves, Subham Basu, Christine Kang, Vik Devgan, Edward Zhao, Michael Rhodes, Joseph Beechem	Regular and Young Investigator Award Abstracts	https://doi.org/10.1136/jitc-2022-sitc2022.0147	0
Spatially resolved human kidney multi-omics single cell atlas highlights the key role of the fibrotic microenvironment in kidney disease progression	2022-10-26	Amin Abedini, Jonathan Levinsohn, Konstantin A. Klötzer, Bernhard Dumoulin, Ziyuan Ma, Julia Frederick, Poonam Dhillon, Michael S. Balzer, Rojesh Shrestha, Hongbo Liu, Steven Vitale, Kishor Devalaraja‐Narashimha, Paola Grandi, Tanmoy Bhattacharyya, Erding Hu, Steven S. Pullen, Carine M. Boustany‐Kari, Paolo Guarnieri, Anil Karihaloo, Daniel Traum, Hanying Yan, Kyle Coleman, Matthew Palmer, Lea Sarov‐Blat, Lori Morton, Christopher A. Hunter, Klaus H. Kaestner, Mingyao Li, Katalin Suszták	Unknown Journal	https://doi.org/10.1101/2022.10.24.513598	42
Spatial transcriptomics in cancer research and potential clinical impact: a narrative review	2024-06-08	Michael A. Cilento, Christopher J. Sweeney, Lisa M. Butler	Journal of Cancer Research and Clinical Oncology	https://doi.org/10.1007/s00432-024-05816-0	39
Spatial transcriptomic profiling of intact and spinal cord–injured mouse spinal cords using CosMx SMI	2027-11-25	zhou, songlin, Yili, Liu	Zenodo (CERN European Organization for Nuclear Research)	https://doi.org/10.5281/zenodo.17711517	0
A technical comparison of spatial transcriptomics platforms across six cancer types - Xenium & CosMx	2026-01-01	Sergi Cervilla, Daniela Grases Mendoza, Eduard Porta-Pardo	Zenodo (CERN European Organization for Nuclear Research)	https://doi.org/10.5281/zenodo.17986016	0
UMN-TMCs: CosMx Spatial Molecular Imager for FFPE Tissue – RNA 1K-Plex (v1) v1	2025-04-02	Samuel T. Peters, Laura J. Niedernhofer, Paul Robbins	Unknown Journal	https://doi.org/10.17504/protocols.io.3byl4z7y8vo5/v1	0
Sopa: a technology-invariant pipeline for analyses of image-based spatial omics	2024-06-11	Quentin Blampey, Kevin Mulder, Margaux Gardet, Stergios Christodoulidis, Charles‐Antoine Dutertre, Fabrice André, Florent Ginhoux, Paul-Henry Cournède	Nature Communications	https://doi.org/10.1038/s41467-024-48981-z	34
Spatial transcriptomic profiling of intact and spinal cord–injured mouse spinal cords using CosMx SMI	2027-11-25	zhou, songlin, Yili, Liu	Zenodo (CERN European Organization for Nuclear Research)	https://doi.org/10.5281/zenodo.17711518	0
Mapping cellular interactions from spatially resolved transcriptomics data	2024-09-03	James Zhu, Y. Wang, Woo Yong Chang, Alicia Malewska, Fabiana Napolitano, Jeffrey Gahan, Nisha Unni, Min Zhao, Rongqing Yuan, Fangjiang Wu, Lauren Yue, Lei Guo, Zhuo Zhao, Danny Z. Chen, Raquibul Hannan, Siyuan Zhang, Guanghua Xiao, Ping Mu, Ariella B. Hanker, Douglas W. Strand, Carlos L. Arteaga, Neil Desai, Xinlei Wang, Yang Xie, Tao Wang	Nature Methods	https://doi.org/10.1038/s41592-024-02408-1	40
UMN-TMCs: CosMx Spatial Molecular Imager for FFPE Tissue – RNA 1K-Plex (v2) v1	2025-06-12	Samuel T. Peters, Laura J. Niedernhofer, Paul Robbins	Unknown Journal	https://doi.org/10.17504/protocols.io.3byl41p7zlo5/v1	0
UMN-TMCs: CosMx Spatial Molecular Imager for FFPE Tissue – Protein 64-Plex (v1) v1	2026-01-06	Samuel T. Peters, Laura Niedernhofer, Paul Robbins	Unknown Journal	https://doi.org/10.17504/protocols.io.rm7vze3exvx1/v1	0
SpaRx: elucidate single-cell spatial heterogeneity of drug responses for personalized treatment	2023-09-22	Ziyang Tang, Xiang Liu, Zuotian Li, Tonglin Zhang, Baijian Yang, Jing Su, Qianqian Song	Briefings in Bioinformatics	https://doi.org/10.1093/bib/bbad338	37
99 Spatial insights into tumor immune evasion illuminated with the CosMx™ spatial molecular imager platform	2022-11-01	Jason Reeves, Patrick Danaher, Shanshan He, Sean Kim, Michael J. Patrick, Julian Preciado, Justin Jenkins, Rachel Liu, Sarah Murphy, Christine Kang, Byron H. Hartman, Vik Devgan, Youngmi Kim, Michael Rhodes, Joseph Beechem	Regular and Young Investigator Award Abstracts	https://doi.org/10.1136/jitc-2022-sitc2022.0099	0
CosMx Transcriptomics data from the brain of 2 different sources: C57BL/6 female mouse	2025-11-11	Chase Carver, Marissa Schafer	Cellular Senescence Network (SenNet)	https://doi.org/10.60586/snt733.nctk.452	0
CosMx Transcriptomics data from the brain of 2 different sources: C57BL/6 female mouse	2025-11-11	Chase Carver, Marissa Schafer	Cellular Senescence Network (SenNet)	https://doi.org/10.60586/snt765.qqmh.597	0
CosMx SMI data of one HGSOC tumour reveals ovarian cancer subclones with distinct tumour microenvironments and autocrine circuits	2023-01-01	Elena Denisenko, Rui Hou, Paul A. Cohen, Yu Yu, Alistair R. R. Forrest	Zenodo (CERN European Organization for Nuclear Research)	https://doi.org/10.5281/zenodo.10048046	0
CosMx SMI data of one HGSOC tumour reveals ovarian cancer subclones with distinct tumour microenvironments and autocrine circuits	2023-01-01	Elena Denisenko, Rui Hou, Paul A. Cohen, Yu Yu, Alistair R. R. Forrest	Zenodo (CERN European Organization for Nuclear Research)	https://doi.org/10.5281/zenodo.8287970	0
Benchmarking of spatial transcriptomics platforms across six cancer types	2024-05-21	Sergi Cervilla, Daniela Grases, Elena Pérez, Francisco X. Real, Eva Musulén, Manel Esteller, Eduard Porta‐Pardo, Eduard Porta-Pardo	Unknown Journal	https://doi.org/10.1101/2024.05.21.593407	23
CosMx SMI data of one HGSOC tumour reveals ovarian cancer subclones with distinct tumour microenvironments and autocrine circuits	2023-10-01	Elena Denisenko, Rui Hou, Paul A. Cohen, Yu Yu, Alistair R. R. Forrest	Zenodo (CERN European Organization for Nuclear Research)	https://doi.org/10.5281/zenodo.8287971	0
TMIC-60. Spatial profiling of IDH-wildtype glioblastoma using CosMx Spatial Molecular Imaging technology to establish a large-scale FFPE tissue cohort	2025-11-01	D Lee, Joshua Li, Y. Miu Lam, Wei Dai, David Shih, Karrie Mei-Yee Kiang, Gkk Leung, Aya El Helali	Neuro-Oncology	https://doi.org/10.1093/neuonc/noaf201.1815	0
Abstract 5646: Spatial transcriptomic profiling of the human and mouse retina prepared with CryoJane Tape Transfer System using GeoMx and CosMx spatial analysis	2023-04-04	Steve Fetter, Su Ma, Wei Yang, Yan Liang, Joeseph Beechem, Vera L. Bonilha, Sujata Rao, William F Horrigan, Bela Anand‐Apte	Cancer Research	https://doi.org/10.1158/1538-7445.am2023-5646	0
Late Breaking Abstract - CosMx™ subcellular spatial molecular imaging of bronchial biopsies from patients with severe eosinophilic asthma treated with mepolizumab. Preliminary results of the MESILICO study.	2025-09-27	Kalliopi Domvri, James L. Sinclair, SSenkirikimbe William, Amanda J. Cox, Nicholas P. West, Κonstantinos Porpodis	Unknown Journal	https://doi.org/10.1183/13993003.congress-2025.pa4260	0
CosMx 1k plex panel on autoimmune hepatitis, seronegative liver disease and donor control human explant liver samples	2025-10-16	Amber Bozward	Unknown Journal	https://doi.org/10.6019/s-biad2346	0
Abstract PS18-03: GeoMx DSP and CosMx single cell spatial transcriptomics for molecular characterization of invasive lobular breast cancer cells and their microenvironment	2025-06-13	Lynda Bennett, Sunati Sahoo, Cheryl Lewis, Indu Raman, Guanchun Chen, Chengsong Zhu, Suzanne D. Conzen	Clinical Cancer Research	https://doi.org/10.1158/1557-3265.sabcs24-ps18-03	0
Spatial transcriptomic characterization of non-lesional, non-tumor lesional and tumor skin in mycosis fungoides using CosMx spatial molecular imaging	2025-10-01	Mona Pourjafar, Signe Hedebo, Rikke Bech	European Journal of Cancer	https://doi.org/10.1016/j.ejca.2025.115843	0
Single cell spatial profiling of FFPE splenic tissue from a humanized mouse model of HIV infection	2024-10-08	Guoxin Wu, Samuel H. Keller, Luca Sardo, Brian C. Magliaro, Paul Zuck, Carl J. Balibar, Claire Williams, Liuliu Pan, Mark Gregory, Kathy Ton, Jill W. Maxwell, Carol Cheney, T. Rush, Bonnie J. Howell	Biomarker Research	https://doi.org/10.1186/s40364-024-00658-x	5
Systematic benchmarking of high-throughput subcellular spatial transcriptomics platforms across human tumors	2025-10-17	Pengfei Ren, Rui Zhang, Yunfeng Wang, Peng Zhang, Ce Luo, Suyan Wang, Xiaohong Li, Zongxu Zhang, Yanping Zhao, Yufeng He, Haorui Zhang, Yufeng Li, Zhidong Gao, Xiuping Zhang, Yahui Zhao, Zhihua Liu, Yuanguang Meng, Zheng Zhang, Zexian Zeng	Nature Communications	https://doi.org/10.1038/s41467-025-64292-3	13
Systematic benchmarking of imaging spatial transcriptomics platforms in FFPE tissues	2025-11-20	Huan Wang, Ruixu Huang, Jack Nelson, Ce Gao, Miles Tran, Anna Yeaton, Sachi Krishna, Kristen D. Felt, Kathleen L. Pfaff, Teri Bowman, Scott J. Rodig, Kevin Wei, Brittany A. Goods, Samouil L. Farhi	Nature Communications	https://doi.org/10.1038/s41467-025-64990-y	3
vissE.cloud: a webserver to visualise higher order molecular phenotypes from enrichment analysis	2023-05-09	Ahmed Mohamed, Dharmesh D. Bhuva, Sam Lee, Ning Liu, Chin Wee Tan, Melissa J. Davis	Nucleic Acids Research	https://doi.org/10.1093/nar/gkad337	12
SIMVI reveals intrinsic and spatial-induced states in spatial omics data	2023-08-30	Mingze Dong, David Su, Harriet M. Kluger, Rong Fan, Yuval Kluger	Unknown Journal	https://doi.org/10.1101/2023.08.28.554970	5
SIMVI disentangles intrinsic and spatial-induced cellular states in spatial omics data	2025-03-27	Mingze Dong, David Su, Harriet M. Kluger, Rong Fan, Yuval Kluger	Nature Communications	https://doi.org/10.1038/s41467-025-58089-7	7
SpaGRN: Investigating spatially informed regulatory paths for spatially resolved transcriptomics data	2025-04-01	Yao Li, Xiaobin Liu, Lidong Guo, Kai Han, Shuangsang Fang, Xinjiang Wan, Dantong Wang, Xun Xu, Ling Jiang, Guangyi Fan, Mengyang Xu	Cell Systems	https://doi.org/10.1016/j.cels.2025.101243	6
Spatial transcriptomics elucidates localized immune responses in atherosclerotic coronary artery	2025-08-22	Joana Campos, Jack L. McMurray, Michelangelo Certo, Ketaki Hardikar, Christopher I. Morse, C. Russell Corfield, Bettina M. Weigand, Kun Yang, Mohsen Shoaran, Thomas D. Otto, Desley Neil, Pasquale Maffia, Claudio Mauro	EMBO Molecular Medicine	https://doi.org/10.1038/s44321-025-00280-w	5
Systematic Benchmarking of High-Throughput Subcellular Spatial Transcriptomics Platforms	2024-12-25	Pengfei Ren, Rui Zhang, Yunfeng Wang, Peng Zhang, Ce Luo, Suyan Wang, Xiaohong Li, Zongxu Zhang, Yanping Zhao, Yufeng He, Haorui Zhang, Yufeng Li, Zhidong Gao, Xiuping Zhang, Yahui Zhao, Zhiyuan Liu, Yuanguang Meng, Zheng Zhang, Zexian Zeng	Unknown Journal	https://doi.org/10.1101/2024.12.23.630033	8
Comparison of imaging based single-cell resolution spatial transcriptomics profiling platforms using formalin-fixed paraffin-embedded tumor samples	2025-09-26	Nejla Ozirmak Lermi, Marta Ayala, Sharia Hernandez, Wei Lu, Khaja Khan, Alejandra G. Serrano, Idania Carolina Lubo Julio, Leticia Hamana, Katarzyna Tomczak, Sean Barnes, Jinzhuang Dou, Qingnan Liang, Ahmed Al-Rawi, Claudio A. Arrechedera, Kelsey Ayers, Claudia Bedoya, Elizabeth M. Burton, Chae Yoon Chon, Randy Chu, Shadarra Crosby, Jonathan Do, Cibelle Lima, Fu Szu-Chin, P. Andrew Futreal, Ana Lineth García, Celia Garica-Prieto, Swati Gite, Curtis Gumbs, Kristin J. Hargraves, Meng He, Chacha Horombe, Heladio P. Ibarguen, Stacy Jackson, Jeena Jacob, Isha Khanduri, Walter Kinyua, Mark Knafl, Wenhua Lang, Latasha Little, Saradhi Mallampati, M Mendoza, Funda Meric‐Bernstam, Mohammad M. Mohammad, Mario Luiz Marques Piubelli, Sabitha Prabhakaran, Kenna Shaw, Xiaofei Song, Sandesh Subramanya, Baohua Sun, Shumaila Virani, Wanlin Wang, Scott E. Woodman, Mingchu Xu, Jianhua Zhang, Qingxiu Zhang, Shanyu Zhang, Maria Gabriela Raso, Ximing Tang, Mei Jiang, Beatriz Sánchez‐Espiridión, Annikka Weissferdt, John V. Heymach, Jianjun Zhang, Boris Sepesi, Tina Cascone, Anne S. Tsao, Mehmet Altan, Reza J. Mehran, Don L. Gibbons, Ignacio Wistuba, Cara Haymaker, Ken Chen, Luisa M. Solis Soto, Luisa M. Solis Soto	Nature Communications	https://doi.org/10.1038/s41467-025-63414-1	5
An information theoretic approach to detecting spatially varying genes	2023-06-01	Daniel C. Jones, Patrick Danaher, Young‐Mi Kim, Joseph Beechem, Raphaël Gottardo, Evan W. Newell	Cell Reports Methods	https://doi.org/10.1016/j.crmeth.2023.100507	4
SiGra: Single-cell spatial elucidation through image-augmented graph transformer	2022-08-19	Ziyang Tang, Tonglin Zhang, Baijian Yang, Jing Su, Qianqian Song	Unknown Journal	https://doi.org/10.1101/2022.08.18.504464	6
UCS: A Unified Approach to Cell Segmentation for Subcellular Spatial Transcriptomics	2025-01-07	Yuheng Chen, Xinyue Xu, Xiaomeng Wan, Jiashun Xiao, Can Yang	Small Methods	https://doi.org/10.1002/smtd.202400975	6
1448 Comparison of spatial transcriptomic platforms in FFPE TMA samples	2024-11-01	Nejla Ozirmak Lermi, Max Molina, Sharia Hernandez, Alejandra G. Serrano, Katarzyna Tomczak, Wei Lu, Khaja Khan, Sean Barnes, Jinzhuang Duo, Qingnan Liang, Jiang Mei, Beatriz Sánchez Espiridión, Annikka Weissferdt, John V. Heymach, Jianjun Zhang, Boris Sepesi, Tina Cascone, Anne S. Tsao, Mehmet Altan, Reza J. Mehran, Don L. Gibbons, Ignacio I. Wistuba, Cara Haymaker, Ken Chen, Luisa M. Solis Soto	Regular and Young Investigator Award Abstracts	https://doi.org/10.1136/jitc-2024-sitc2024.1448	1
Artifacts in spatial transcriptomics data: their detection, importance, prevalence, and prevention	2025-07-01	Erich Kummerfeld, Leland Williams, Yinzhao Wang, Samuel T. Peters, Elizabeth Schmidt, Mickayla J. DuFresne-To, David Bernlohr, Paul Robbins, Sayeed Ikramuddin, Oyedele Adeyi, L Laux, G. Barthel, Steve Johnson, Jinhua Wang, Rafael R. Flores, Andrew C. Nelson, Constantin Aliferis	Briefings in Bioinformatics	https://doi.org/10.1093/bib/bbaf306	3
Abstract 5637: Path to the holy grail of spatial biology: Spatial single-cell whole transcriptomes using 6000-plex spatial molecular imaging on FFPE tissue	2023-04-04	Shanshan He, Michael Patrick, Jason Reeves, Patrick Danaher, Julian Preciado, Joseph Phan, Erin Piazza, Zachary Reitz, Lidan Wu, Rustem Khafizov, Haiyan Zhai, Michael Rhodes, David Ruff, Joseph Beechem	Cancer Research	https://doi.org/10.1158/1538-7445.am2023-5637	6
Sub-cellular Imaging of the Entire Protein-Coding Human Transcriptome (18933-plex) on FFPE Tissue Using Spatial Molecular Imaging	2024-12-03	Rustem Khafizov, Erin Piazza, Yi Cui, Michael Patrick, Tyler Hether, Daniel McGuire, Dwayne Dunaway, Patrick Danaher, Margaret L. Hoang, Andrew Grootsky, Megan E. Grout, Shanshan He, Rachel Liu, Michael McKean, Michael Rhodes, Joseph Beechem	Unknown Journal	https://doi.org/10.1101/2024.11.27.625536	15
EPCO-27. RECONSTRUCTION OF THE SPATIAL ECOSYSTEM OF GLIOBLASTOMA REVEALS RECURRENT RELATIONSHIPS BETWEEN TUMOR CELL STATES AND TUMOR MICROENVIRONMENT	2023-11-01	Bruno Adabbo, Simona Migliozzi, Luciano Garofano, Young Taek Oh, Sakir H. Gultekin, Fulvio D’Angelo, Evan R. Roberts, Daniel Bilbao, Pedro Davila, Siôn L. Williams, Benjamin Currall, Michele Ceccarelli, Anna Lasorella, Antonio Iavarone	Neuro-Oncology	https://doi.org/10.1093/neuonc/noad179.0490	1
spatialGE Is a User-Friendly Web Application That Facilitates Spatial Transcriptomics Data Analysis	2024-12-05	Oscar E. Ospina, Roberto Manjarres-Betancur, Guillermo Gonzalez-Calderon, Alex C. Soupir, Inna Smalley, Kenneth Y. Tsai, Joseph Markowitz, Ethan Vallebuona, Anders Berglund, Steven A. Eschrich, Xiaoqing Yu, Brooke L. Fridley, Brooke L. Fridley	Cancer Research	https://doi.org/10.1158/0008-5472.can-24-2346	4
Abstract 5641: Single cell spatial molecular imaging of 76-plex proteins in clinical cancer samples in response to personalized treatment	2023-04-04	Zachary Lewis, Brian Birditt, Emily Brown, Kan Chantranuvatana, Brian Filanoski, C. L. Corless, Tien Phan‐Everson, Gary Geiss, Tyler Hether, Evthokia Hobbs, Brett Johnson, Taylor Kelley, Charles D. Lopez, Rhonda Meredith, Anastasiya Olson, Giang T. Ong, Mithra Korukonda, Erin Piazza, Jason Reeves, Alyssa Rosenbloom, Kiara Siex, Hye Son Yi, Edward Zhao, Joseph Beechem, Gordon B. Mills	Cancer Research	https://doi.org/10.1158/1538-7445.am2023-5641	1
Library size confounds biology in spatial transcriptomics data	2024-01-31	Dharmesh D. Bhuva, Chin Wee Tan, Claire Marceaux, Jinjin Chen, Malvika Kharbanda, Xinyi Jin, Ning Liu, Kristen Feher, Givanna Putri, Marie-Liesse Asselin-Labat, Belinda Phipson, Melissa J. Davis, Hickey, Theresa E, Marie-Liesse Asselin-Labat, Phipson, Belinda, Davis, Melissa J	Zenodo (CERN European Organization for Nuclear Research)	https://doi.org/10.5281/zenodo.7959786	1
Multiplexed trackable intratumor microdosing of the investigational STING agonist TAK-676 alone and in combination in the native tumor microenvironment of patients with head and neck cancer: A phase 0 trial.	2023-06-01	Karthik Rajasekaran, Thomas J. Ow, Cherie‐Ann O. Nathan, Alice L. Tang, Vikas Mehta, Bradley A. Schiff, John Pang, Annemieke van Zante, Atticus Turner, Marc Grenley, Connor Burns, Angela Merrell, Emily Beirne, Jonathan M.J. Derry, Nathan J. Schauer, Jason P. Frazier, Wendy Jenkins, Richard C. Gregory, Neil Lineberry, Richard A. Klinghoffer	Journal of Clinical Oncology	https://doi.org/10.1200/jco.2023.41.16_suppl.2579	4
A technical comparison of spatial transcriptomics platforms across six cancer types - Visium/VisiumCytAssist/VisiumHD	2026-01-01	Sergi Cervilla, Daniela Grases Mendoza, Eduard Porta-Pardo	Zenodo (CERN European Organization for Nuclear Research)	https://doi.org/10.5281/zenodo.17999961	1
An information theoretic approach to detecting spatially varying genes	2022-11-03	Daniel C. Jones, Patrick Danaher, Young‐Mi Kim, Joseph Beechem, Raphaël Gottardo, Evan W. Newell	Unknown Journal	https://doi.org/10.1101/2022.11.02.514777	2
Macrophage and neutrophil heterogeneity at single-cell spatial resolution in inflammatory bowel disease	2022-11-29	Alba Garrido-Trigo, A M Corraliza, Marisol Veny, Isabella Dotti, E Melón-Ardanaz, Aina Rill, Helena L. Crowell, Ángel L. Corbí, Victòria Gudiño, Míriam Esteller, Iris Álvarez-Teubel, Daniel Aguilar, Maria Carme Masamunt, Emily Killingbeck, Youngmi Kim, Michael Leon, Sudha Visvanathan, Doménica Marchese, Ginevra Caratù, Albert Martín‐Cardona, María Esteve, Julián Panés, E Ricart, Elisabetta Mereu, Holger Heyn, Azucena Salas	Unknown Journal	https://doi.org/10.1101/2022.11.28.518139	3
Rapid and memory-efficient analysis and quality control of large spatial transcriptomics datasets	2024-07-24	Bence Kövér, Alessandra Vigilante	Unknown Journal	https://doi.org/10.1101/2024.07.23.604776	2
A technical comparison of spatial transcriptomics platforms across six cancer types - XeniumMT & Xenium5K	2026-01-01	Sergi Cervilla, Daniela Grases Mendoza, Eduard Porta-Pardo	Zenodo (CERN European Organization for Nuclear Research)	https://doi.org/10.5281/zenodo.18000256	1
Applying high-resolution spatial transcriptomics to characterize the amyloid plaque cell niche in Alzheimer’s Disease	2023-07-01	Anna Mallach, Magdalena Zielonka, Veerle van Lieshout, Yanru An, Jia Hui Khoo, Marisa Vanheusden, Wei-Ting Chen, Daan Moechars, I. Lorena Arancibia‐Cárcamo, Mark Fiers, Bart De Strooper	Unknown Journal	https://doi.org/10.1101/2023.06.29.546675	2
Sopa: a technology-invariant pipeline for analyses of image-based spatial-omics	2023-12-23	Quentin Blampey, Kevin Mulder, Charles‐Antoine Dutertre, Margaux Gardet, Fabrice André, Florent Ginhoux, Paul-Henry Cournède	Unknown Journal	https://doi.org/10.1101/2023.12.22.571863	3
373 Identification of immune cell pathways in acne vs. rosacea by single-cell RNA sequencing and single-cell spatial imaging	2023-04-17	T.H. Do, Jonathan Perrie, M. Pellegrini, J. Gudjonsson, F. Ma, R.L. Modlin	Journal of Investigative Dermatology	https://doi.org/10.1016/j.jid.2023.03.378	1
SORBET: Automated cell-neighborhood analysis of spatial transcriptomics or proteomics for interpretable sample classification via GNN	2024-01-02	Shay Shimonov, Joseph M. Cunningham, Ronen Talmon, Lilach Aizenbud, Shruti Desai, David L. Rimm, Kurt A. Schalper, Harriet M. Kluger, Yuval Kluger	Unknown Journal	https://doi.org/10.1101/2023.12.30.573739	4
Comparison of imaging-based single-cell resolution spatial transcriptomics profiling platforms using formalin-fixed, paraffin-embedded tumor samples	2024-12-17	Nejla Ozirmak Lermi, Marta Ayala, Sharia Hernandez, Wei Lu, Khaja Khan, Alejandra G. Serrano, Idania Carolina Lubo Julio, Leticia Hamana, Katarzyna Tomczak, Sean Barnes, Jinzhuang Dou, Qingnan Liang, RTI Team, Maria Gabriela Raso, Ximing Tang, Mei Jiang, Beatriz Sánchez‐Espiridión, Annikka Weissferdt, John V. Heymach, Jianjun Zhang, Boris Sepesi, Tina Cascone, Anne S. Tsao, Mehmet Altan, Reza J. Mehran, Don L. Gibbons, Ignacio Wistuba, Cara Haymaker, Ken Chen, Luisa M. Solis Soto	Unknown Journal	https://doi.org/10.1101/2024.12.13.628390	2
Popari: Modeling multisample variation in spatial transcriptomics	2025-05-13	Shahul Alam, Tianming Zhou, E. El Haber, Benjamin Chidester, Sophia Liu, Fei Chen, Jian Ma	Unknown Journal	https://doi.org/10.1101/2025.05.08.652741	2
Standardized metrics for assessment and reproducibility of imaging-based spatial transcriptomics datasets	2025-12-03	Jasmine Plummer, Felipe Segato Dezem, David P. Cook, Jiwoon Park, Luke Zhang, Yutian Liu, Maycon Marção, Hannah DuBose, Wani Arjumand, Kellie Wise, Michael J. Roach, Kate Harvey, Taopeng Wang, Kirk B. Jensen, Natalia S. Morosini, Roberto De Gregorio, Alicia Alonso, Shauna L Houlihan, Robert E. Schwartz, Erika Hissong, Catherine Snopkowski, Jeffrey L. Wrana, Natalie K. Ryan, Lisa M. Butler, George Church, Alexander Swarbrick, Christopher E. Mason, Luciano G. Martelotto	Nature Biotechnology	https://doi.org/10.1038/s41587-025-02811-9	2
UCS: a unified approach to cell segmentation for subcellular spatial transcriptomics	2024-07-08	Yuheng Chen, Xin Xu, Xiaomeng Wan, Jiashun Xiao, Can Yang	Unknown Journal	https://doi.org/10.1101/2024.07.08.601384	2
Mapping Cellular Interactions from Spatially Resolved Transcriptomics Data	2023-09-21	James Zhu, Yunguan Wang, Woo Yong Chang, Alicia Malewska, Fabiana Napolitano, Jeffrey Gahan, Nisha Unni, Min Zhao, Rongqing Yuan, Fangjiang Wu, Lauren Yue, Lei Guo, Zhuo Zhao, Danny Z. Chen, Raquibul Hannan, Siyuan Zhang, Guanghua Xiao, Ping Mu, Ariella B. Hanker, Douglas W. Strand, Carlos L. Arteaga, Neil Desai, Xinlei Wang, Yang Xie, Tao Wang	Unknown Journal	https://doi.org/10.1101/2023.09.18.558298	3
Spatial Biology and Organoid Technologies Reveal a Potential Therapy-Resistant Cancer Stem Cell Population in Pancreatic Ductal Adenocarcinoma	2025-05-24	Pritha Adhikary, Jayati Chakrabarti, Jiang Wang, Ugonna Ezuma-Igwe, Xi Sun, William Bastian, Nicolas Braissand, Megan P. Caputo, Eugene F. Douglass, Sangmin Kim, Rohan Kanakamedala, Arnold Branch, Saptarshi Mallick, Meenu Priya Resmi, Payton D. Stevens, Marco Padilla‐Rodriguez, Maga Sanchez, Gregory L. Beatty, James I. Griffin, Petros G. Nikolinankos, Kellen Chen, Taylor S. Riall, Syed A. Ahmad, Rachna T. Shroff, Frédéric Hollande, Davendra Sohal, Yana Zavros	Unknown Journal	https://doi.org/10.1101/2025.05.22.655586	1
Graph contrastive learning of subcellular-resolution spatial transcriptomics improves cell type annotation and reveals critical molecular pathways	2024-11-22	Qiaolin Lu, Jiayuan Ding, Lingxiao Li, Yi Chang	Briefings in Bioinformatics	https://doi.org/10.1093/bib/bbaf020	2
Comparison of imaging-based single-cell resolution spatial transcriptomics profiling platforms using formalin-fixed, paraffin-embedded tumor samples	2025-01-16	Luisa M. Solis Soto, Nejla Ozirmak Lermi, Marta Ayala, Sharia Hernandez, Wei Lu, Khaja Khan, Alejandra G. Serrano, Idania Carolina Lubo Julio, Leticia Hamana, Katarzyna Tomczak, Sean Barnes, Jinzhuang Dou, Qingnan Liang, RTI Team, Maria Gabriela Raso, Ximing Tang, Mei Jiang, Beatriz Sánchez‐Espiridión, Annikka Weissferdt, John V. Heymach, Jianjun Zhang, Boris Sepesi, Tina Cascone, Anne S. Tsao, Mehmet Altan, Reza J. Mehran, Don L. Gibbons, Ignacio Wistuba, Cara Haymaker, Ken Chen	Unknown Journal	https://doi.org/10.21203/rs.3.rs-5656204/v1	1
A Human Immuno‐Lung Organoid Model to Study Macrophage‐Mediated Lung Cell Senescence Upon SARS‐CoV‐2 Infection	2025-07-25	Yuling Han, Dongliang Leng, Tuo Zhang, Jian Ge, Yinshan Fang, Tiankun Lu, Xue Dong, Manoj S. Nair, Neranjan de Silva, Zhanwen Han, T. Y. Jiao, Yuanhao Huang, Meiqi Zhao, Anjali Saqi, Hanina Hibshoosh, Zihe Meng, Jenny Xiang, Chendong Pan, Yanjie Sun, David D. Ho, Todd Evans, Jie Liu, Liuliu Yang, Jianwen Que, Shuibing Chen	Advanced Science	https://doi.org/10.1002/advs.202503932	1
SPATIAL TRANSCRIPTOMIC PROFILING OF ADVANCED OVARIAN CLEAR CELL CARCINOMA REVEALS INTRA-TUMOR HETEROGENEITY IN EPITHELIAL-MESENCHYMAL GRADIENT	2024-10-22	Thang Truong Le, Duncan Yi-Te Wang, Ko-Chen Chen, Simin Yan, Pei-Yu Chu, Tuan Zea Tan, Yi-Chia Chiu, Jia-Yuh Sheu, Caizhi Huang, Jieru Ye, Ya-Ting Tai, Hsueh‐Fen Juan, Fu-Chieh Tsai, Wei‐Chou Lin, Lin‐Hung Wei, Ruby Yun‐Ju Huang	Unknown Journal	https://doi.org/10.1101/2024.10.19.619181	1
The Spatial Atlas of Human Anatomy (SAHA): A Multimodal Subcellular-Resolution Reference Across Human Organs	2025-06-16	Jiwoon Park, Roberto De Gregorio, Erika Hissong, Elif Ozcelik, Nicholas Bartelo, Felipe Segato Dezem, Luke Zhang, Maycon Marção, Hannah Chasteen, Yi-Min Zheng, Ernesto Abila, Junbum Kim, Theodore M. Nelson, Jacqueline Proszynski, Mohith Reddy Arikatla, Mohith Reddy Arikatla, Yutian Liu, Yutian Liu, S. Rogers, S. Rogers, Parambir S. Dulai, Jason Reeves, Jason Reeves, Liuliu Pan, Subir Bhattacharjee, Subir Bhattacharjee, Michael Patrick, Ashley Heck, Mithra Korukonda, Mithra Korukonda, Dan McGuire, Aster Wardhani, Aster Wardhani, Joseph Beechem, Steven M. Lipkin, Steven M. Lipkin, Fabio Socciarelli, Rohit Chandwani, Sébastien Monette, Jan Krumsiek, Massimo Loda, Sébastien Monette, Brian D. Robinson, Massimo Loda, André F. Rendeiro, Alicia Alonso, Robert E. Schwartz, André F. Rendeiro, Christopher E. Mason, Robert E. Schwartz, Shauna L Houlihan, Christopher E. Mason	Unknown Journal	https://doi.org/10.1101/2025.06.16.658716	1
Next generation statistical framework for next generation spatial transcriptomics data	2025-05-08	Fatoumata Mangane, Pierre Bost	Unknown Journal	https://doi.org/10.1101/2025.05.02.651852	1
Abstract 2083: Solving the problem of spatial informatics: Harnessing the power of the cloud and enabling the integration of open source tools for spatial ‘omics analytics	2023-04-04	Jason Reeves, David Henderson, Matt Crow, April Munn, Kenlyn Terai, Joachim Schmid	Cancer Research	https://doi.org/10.1158/1538-7445.am2023-2083	1
SpaNorm: spatially-aware normalisation for spatial transcriptomics data	2024-06-03	Agus Salim, Dharmesh D. Bhuva, Carissa Chen, Pengyi Yang, Melissa J. Davis, Jean Yang	Unknown Journal	https://doi.org/10.1101/2024.05.31.596908	2
GRIDGENE: Guided Region Identification based on Density of GENEs – a transcript density-based approach to characterize tissues by spatial transcriptomics	2025-08-19	Ana Marta Sequeira, Marieke E. Ijsselsteijn, Miguel Rocha, Jessica Roelands, Noel F.C.C. de Miranda	Unknown Journal	https://doi.org/10.1101/2025.08.14.670318	1
Identifying the common denominator: Dectin-1 as a promising marker for macrophage modulation in lung cancer and fibrosis	2023-09-09	Safaa Naiel, Anna Dvorkin‐Gheva, Megan Vierhout, Anmar Ayaub, Takuma Isshiki, Pareesa Ali, Spencer Revill, Amir Reihani, Pavithra Parthasarthy, Hemisha Patel, Ashgar Naqvi, Martin Kolb, Kjetil Ask	Unknown Journal	https://doi.org/10.1183/13993003.congress-2023.pa4072	2
Epithelial Plasticity and an Immune Suppressive Microenvironment Underpin Tumour Budding in Colorectal Cancer	2025-03-07	Phimmada Hatthakarnkul, Natalie C. Fisher, Leonor SchubertSantana, Holly Leslie, Assya Legrini, Aula Ammar, Amna Matly, Kathryn A.F. Pennel, Ian Powley, Courtney Bull, Peter Alexander, Janos Sztanko, Jean A. Quinn, Jennifer Hay, Hannah Morgan, Claire Kennedy‐Dietrich, Yoana Doncheva, Gerard Lynch, Noori Maka, Campbell S.D. Roxburgh, Hester C. van Wyk, Xiao Fu, Donald McMillan, Philip D. Dunne, Nigel B. Jamieson, Chanitra Thuwajit, Joanne Edwards, Chanitra Thuwajit, Joanne Edwards	Unknown Journal	https://doi.org/10.1101/2025.03.05.641608	1
Tracing colorectal malignancy transformation from cell to tissue scale	2025-06-27	Helena L. Crowell, Irene Ruano, Zedong Hu, Yourae Hong, Ginevra Caratù, Hubert Piessevaux, Ashley Heck, Doudou Liu, Max Walter, Megan Vandenberg, Kim Tae Young, Dan McGuire, Tyler Hether, Margaret L. Hoang, Joseph Beechem, Sabine Tejpar, Anna Pascual Reguant, Holger Heyn	Unknown Journal	https://doi.org/10.1101/2025.06.23.660674	3
Spatial molecular imaging of the human type 2 diabetic islet	2023-01-04	Grant R. Kolar, David Ross, Emily Killingbeck, Willis K. Samson, Gina L. C. Yosten	Unknown Journal	https://doi.org/10.1101/2023.01.04.519955	1
CellsFromSpace: A fast, accurate and reference-free tool to deconvolve and annotate spatially distributed Omics data	2023-09-04	Corentin Thuilliez, Gaël Moquin‐Beaudry, Pierre Khneisser, Maria Eugénia Marques Da Costa, Slim Karkar, Hanane Boudhouche, Damien Drubay, Baptiste Audinot, Birgit Geoerger, Jean‐Yves Scoazec, Nathalie Gaspar, Antonin Marchais	Unknown Journal	https://doi.org/10.1101/2023.08.30.555558	1
Abstract 233: Cabozantinib changes the landscape of the pancreatic tumor microenvironment and improves the efficacy of pembrolizumab	2024-03-22	Pritha Adhikary, Jayati Chakrabarti, Meenu Priya Resmi, Jiang Wang, Davendra Sohal, Rachna T. Shroff, Syed A. Ahmad, Yana Zavros	Cancer Research	https://doi.org/10.1158/1538-7445.am2024-233	1
Applications of Spatial Transcriptomics in Veterinary Medicine: A Scoping Review of Research, Diagnostics, and Treatment Strategies	2025-06-26	Rachael M. Weiderman, Mahamudul Hasan, Laura C. Miller	International Journal of Molecular Sciences	https://doi.org/10.3390/ijms26136163	1
Learning directed acyclic graphs for ligands and receptors based on spatially resolved transcriptomic data of ovarian cancer	2025-03-01	Shrabanti Chowdhury, Sammy Ferri‐Borgogno, Yang Peng, Wenyi Wang, Jie Peng, Samuel C. Mok, Pei Wang	Briefings in Bioinformatics	https://doi.org/10.1093/bib/bbaf085	1
SpaRx: Elucidate single-cell spatial heterogeneity of drug responses for personalized treatment	2023-08-06	Ziyang Tang, Xiang Liu, Zuotian Li, Tonglin Zhang, Baijian Yang, Jing Su, Qianqian Song	Unknown Journal	https://doi.org/10.1101/2023.08.03.551911	2
Spatial transcriptomic analysis reveals similar gene expression patterns in the Long COVID and IPF lungs.	2023-09-09	A. Justet, Claudia Ravaglia, Amy Zhao, Nibal Al Hussein, Taylor Adams, Agshin Balayev, Joe Deluliis, Naftali Kaminski, Sara Tomassetti, Venerino Poletti	Unknown Journal	https://doi.org/10.1183/13993003.congress-2023.oa4198	1
Spatially Resolved Single-Cell Transcriptome Analysis of Mycosis Fungoides Reveals Distinct Biomarkers GNLY and FYB1 Compared With Psoriasis and Chronic Spongiotic Dermatitis	2024-12-14	Joon Min Jung, Chong Hyun Won, Sung Eun Chang, Mi Woo Lee, Woo Jin Lee	Modern Pathology	https://doi.org/10.1016/j.modpat.2024.100681	1
Biological and Prognostic Subgroups of Plasmablastic Lymphoma Defined By EBV Status and <i>MYC</i> Rearrangement- an L.L.M.P.P. Study	2024-11-05	Jasper Wong, Fabian Frontzek, Andrew Lytle, Brett Collinge, Laura K. Hilton, Susana Ben‐Neriah, Graham W. Slack, Pedro Farinha, Alina S. Gerrie, Li Yang, Corinna Kosnopfel, James R. Cook, Itziar Salaverría, Elı́as Campo, G. Ott, Andreas Rosenwald, Catalina Amador, Elaine S. Jaffe, Timothy C. Greiner, Philipp W. Raess, Joo Y. Song, Giorgio Inghirami, Dennis D. Weisenburger, Wing C. Chan, Harald Holte, Klaus Beiske, Kai Fu, Jan Delabie, Stefania Pittaluga, Andrew L. Feldman, Kerry J. Savage, Andrew J. Mungall, Christian Steidl, Georg Lenz, Lisa M. Rimsza, Ryan D. Morin, David W. Scott	Blood	https://doi.org/10.1182/blood-2024-208880	2
629 Neoadjuvant SEMA4D inhibitor pepinemab combination with nivolumab increases crosstalk between B cell and CD26<sup>hi</sup> T cell in patients with resectable stage III melanoma	2023-10-31	Ayana T. Ruffin, Brian M. Olson, Crystal Mallow, Christine Reilly, Jacklyn Hammons, Jayden Kim, Brian Burns, Agnes Harutyunyan, Elizabeth Evans, Terrence L. Fisher, Maurice Zauderer, Keith A. Delman, Melinda Yushak, Ali Mokhtari, Douglas J. Parker, Ragini R. Kudchadkar, Chrystal M. Paulos, Gregory B. Lesinski, Michael Lowe	Regular and Young Investigator Award Abstracts	https://doi.org/10.1136/jitc-2023-sitc2023.0629	1
PRISM: A Python Package for Interactive and Integrated Analysis of Multiplexed Tissue Microarrays	2024-12-23	Rafael Tubelleza, A. Kilgallon, Chin Wee Tan, James Monkman, John F. Fraser, Arutha Kulasinghe	Unknown Journal	https://doi.org/10.1101/2024.12.23.630034	1
SpaceSequest: A unified pipeline for spatial transcriptomics data analysis	2025-09-23	Yu Sun, Sarbottam Piya, Zhengyu Ouyang, Yirui Chen, Jake Gagnon, Shaolong Cao, Haotian Zhang, Baobao Song, Jing Zhu, Khyati Chandratre, Houlin Yu, Wenxing Hu, Matthew Ryals, Fergal Casey, Dann Huh, Baohong Zhang	Unknown Journal	https://doi.org/10.1101/2025.09.15.676389	1
Graph Contrastive Learning of Subcellular-resolution Spatial Transcriptomics Improves Cell Type Annotation and Reveals Critical Molecular Pathways	2024-03-13	Qiaolin Lu, Jiayuan Ding, Lingxiao Li, Yi Chang, Jiliang Tang, Xiaojie Qiu	Unknown Journal	https://doi.org/10.1101/2024.03.08.584192	1
Abstract 3644: Uncover spatial signatures of tumor microenvironment and oncogenic pathways using 6,000-plex single-cell spatial molecular imaging on FFPE skin squamous cell carcinoma	2024-03-22	Michael Patrick, Shanshan He, Saskia Ilcisin, David Kroeppler, Patrick Danaher, Jason Reeves, Mark Gregory, Haiyan Zhai, Michael Rhodes, Joseph Beechem	Cancer Research	https://doi.org/10.1158/1538-7445.am2024-3644	2
86 Reveal spatial signatures of tumor microenvironment and oncogenic pathways using 6,000-plex single-cell spatial molecular imaging on FFPE tissue	2023-10-31	Shanshan He, Michael Patrick, David Kroeppler, Patrick Danaher, Jason Reeves, Mark Gregory, Julian Preciado, Olivia Ho-Shing, Haiyan Zhai, Michael Rhodes, Joseph Beechem	Regular and Young Investigator Award Abstracts	https://doi.org/10.1136/jitc-2023-sitc2023.0086	1
Increased spatial coupling of integrin and collagen IV in the immunoresistant clear cell renal cell carcinoma tumor microenvironment.	2024-01-29	Mitchell Hayes, Alex C. Soupir, Taylor Peak, Oscar E. Ospina, Jonathan V. Nguyen, Nicholas H. Chakiryan, Natasha Francis, Paola Ramos Echevarria, Kenneth Y. Tsai, Jodi Balasi, Yamila Caraballo Perez, Jasreman Dhillon, Lindsey A. Martinez, Warren E. Gloria, James J. Mulé, Brooke L. Fridley, Brandon J. Manley	Journal of Clinical Oncology	https://doi.org/10.1200/jco.2024.42.4_suppl.468	1
Abstract 4900: Spatial Atlas of Human Anatomy (SAHA): A subcellular, multiscale spatial odyssey of immune and gastrointestinal tissues and tumors	2024-03-22	Jiwoon Park, Roberto De Gregorio, Erika Hissong, Sanjay Patel, Brian D. Robinson, Fabio Socciarelli, E Metzger, Yan Liang, Jason Reeves, Joseph Beechem, Olivier Elemento, Alicia Alonso, Shauna L Houlihan, Robert E. Schwartz, Christopher E. Mason	Cancer Research	https://doi.org/10.1158/1538-7445.am2024-4900	1
Abstract C038: Repeat RNA dysregulation of cellular states in the pancreatic cancer microenvironment	2022-11-15	Eunae You, Luli S. Zou, Patrick Danaher, Ildiko E. Phillips, Michael J. Raabe, Bidish K. Patel, Amaya Pankaj, Khrystyna North, Sean Kim, Youngmi Kim, Martin J. Aryee, David T. Ting	Cancer Research	https://doi.org/10.1158/1538-7445.panca22-c038	1
Abstract 777: Revealing the transcriptional and proteomic spatial neighborhoods of early prostate cancer and the tumor microenvironment	2025-04-21	Anna Y. Lee, Megan Hopkins, Linda M. Liao, Vida Talebian, Tamara Jamaspishvili, David M. Berman, Melanie Spears, Jane Bayani	Cancer Research	https://doi.org/10.1158/1538-7445.am2025-777	1
Abstract 5788: Single-cell and spatial transcriptomic mapping of human renal cell carcinoma brain metastases uncovers actionable immune-resistance targets	2023-04-04	Elshad Hasanov, Truong Lam, Jerome Lin, Patrick K. Reville, Merve Hasanov, Tod D. Casasent, David Shih, Şahin Hanalıoğlu, Mehmet Asım Bilen, Omar Alhalabi, Berrin Babaoğlu, Baylar Baylarov, Adeboye O. Osunkoya, Lisa Norberg, Joy Gumin, Tuan M. Tran, Jianzhuo Li, Anh Hoang, Haidee Chancoco, Brittany C. Parker Kerrigan, Erika J. Thompson, Betty YS Kim, Dima Suki, Melike Mut, Figen Söylemezoğlu, Giannicola Genovese, Kadir C. Akdemir, Hussain Tawbi, Nizar M. Tannir, Florencia McAllister, Michael A. Davies, Padmanee Sharma, Jason T. Huse, Frederick Lang, Nicholas E. Navin, Eric Jonasch	Cancer Research	https://doi.org/10.1158/1538-7445.am2023-5788	1
Abstract 985: An innovative spatial biology biomarker discovery approach to enable acceleration of drug development	2023-04-04	Jason Reeves, Esperanza Anguiano, Vikram Devgan, Nicholas Confuorto, Joachim Schmid, Yan Liang, Joseph Beechem	Cancer Research	https://doi.org/10.1158/1538-7445.am2023-985	0
Spatial-Temporal Multiomic Analysis of Tumor-Immune Interactions in Patients with AML Receiving Pembrolizumab and Decitabine	2022-11-15	Gege Gui, Abigail Wong-Rolle, Laura W. Dillon, Meghali Goswami, Eddie Martin, Prajan Divakar, Jason Reeves, Katherine R. Calvo, Kasper D. Hansen, Christopher S. Hourigan, Zhao Chen	Blood	https://doi.org/10.1182/blood-2022-168191	1
Additional file 1 of Niche-DE: niche-differential gene expression analysis in spatial transcriptomics data identifies context-dependent cell-cell interactions	2024-01-01	Kaishu Mason, Anuja Sathe, Paul R. Hess, Jiazhen Rong, Chi-Yun Wu, Emma E. Furth, Katalin Suszták, Jonathan Levinsohn, Hanlee P. Ji, Nancy R. Zhang	Figshare	https://doi.org/10.6084/m9.figshare.24993682	0
Spatial Transcriptomics of RA Synovium	2022-07-01	Roopa Madhu, Ilya Korsunsky	Zenodo (CERN European Organization for Nuclear Research)	https://doi.org/10.5281/zenodo.6786911	0
MOSAIK	2025-11-24	Baptista, Anthony	Zenodo (CERN European Organization for Nuclear Research)	https://doi.org/10.5281/zenodo.17700741	0
Figure S8 from TREM2-Expressing Multinucleated Giant Macrophages Are a Biomarker of Good Prognosis in Head and Neck Squamous Cell Carcinoma	2024-12-02	Grégoire Gessain, Ahmed-Amine Anzali, Marvin Lerousseau, Kevin Mulder, Mathilde Bied, Anne Aupérin, Daniel Stockholm, Nicolas Signolle, Farah Sassi, Maria Eugénia Marques Da Costa, Antonin Marchais, Alexandre Sayadi, Daniela Weidner, Stefan Uderhardt, Quentin Blampey, Sumanth Reddy Nakkireddy, Sophie Broutin, Charles‐Antoine Dutertre, Pierre Busson, Thomas Walter, Alix Marhic, Antoine Moya‐Plana, Joanne Guerlain, Ingrid Breuskin, Odile Casiraghi, Philippe Gorphe, Marion Classe, Jean‐Yves Scoazec, Camille Blériot, Florent Ginhoux	Unknown Journal	https://doi.org/10.1158/2159-8290.27938838	0
lupus nephritis SP11_1139 data.RData	2022-01-01	Patrick Danaher	Figshare	https://doi.org/10.6084/m9.figshare.21420330	0
Spatial Transcriptomics of RA Synovium	2022-07-01	Roopa Madhu, Ilya Korsunsky	Unknown Journal	https://doi.org/10.5281/zenodo.6786912	0
Data repository	2026-05-01	Bernhard Dumoulin, Jonathan Levinsohn, Konstantin Adrian Klötzer, Chenyu Li, Liran Mao, Eunji Ha, Samer Mohandes, Thao Nguyen, Luca Paruzzo, Daigoro Hirohama, Victoria Fang, Vijay Bhoj, Hamideh Parhiz, Magaiver Andrade Silva, Amin Abedini, Andi Bergeson, Daniel Traum, Michael J May, Klaus H Kaestner, Marco Antonio Ruella, Fiona E. McAllister, A. Ari Hakimi, Mingyao Li, Matthew Palmer, E John Wherry, Christopher A Hunter, TRIDENT consortium, Katalin Susztak	Zenodo (CERN European Organization for Nuclear Research)	https://doi.org/10.5281/zenodo.18674907	0
K_Fukumoto_et_al_CosMx_MASH_sample_1_2_NT_2025_v1.1	2025-02-25	Fukumoto, Kenji	Zenodo (CERN European Organization for Nuclear Research)	https://doi.org/10.5281/zenodo.17532914	0
951 Spatial atlases of immunological development within the lymph node	2022-11-01	Tyler Hether, Stephanie Zimmerman, Zachary Lewis, Shanshan He, Liang Zhang, Kathy Ton, Liuliu Pan, Wei Yang, Stefan Phelan, Steve Fetter, Andy Nam, Emily Brown, Michael J. Patrick, Gary Geiss, S. Church, Michael Rhodes, Yan Liang, Jason Reeves, Joseph Beechem	Regular and Young Investigator Award Abstracts	https://doi.org/10.1136/jitc-2022-sitc2022.0951	0
Streamlining single-cell spatial transcriptomics for human kidney tissue	2025-01-01	Vo, Son, Meadows, Kieran, Do, Han, Chapman, Kevin, Andonegui, Graciela, Muruve, Daniel A., Pham, Thang, Chun, Justin	Figshare	https://doi.org/10.6084/m9.figshare.30752232	0
Streamlining single-cell spatial transcriptomics for human kidney tissue	2025-01-01	Vo, Son, Meadows, Kieran, Do, Han, Chapman, Kevin, Andonegui, Graciela, Muruve, Daniel A., Pham, Thang, Chun, Justin	Figshare	https://doi.org/10.6084/m9.figshare.30752232.v1	0
Data repository	2026-11-21	Dumoulin, Bernhard, Levinsohn, Jonathan, Klötzer, Konstantin Adrian, Li, Chenyu, Mao, Liran, Ha, Eunji, Mohandes, Samer, Nguyen, Thao, Paruzzo, Luca, Hirohama, Daigoro, Fang, Victoria, Bhoj, Vijay G, Parhiz, Hamideh, Andrade Silva, Magaiver, Abedini, Amin, Bergeson, Andi, Traum, Daniel, May, Michael J, Kaestner, Klaus H, Ruella, Marco, McAllister, Fiona Elizabeth, Hakimi, Ari A, Li, Mingyao, Palmer, Matthew, Wherry, E John, Hunter, Christopher A, TRIDENT consortium, Susztak, Katalin	Zenodo (CERN European Organization for Nuclear Research)	https://doi.org/10.5281/zenodo.17674524	0
Abstract 4617: A complete pipeline for high-plex spatial proteomic profiling and analysis on the cosmxtm spatial molecular imager and atomtm spatial informatics platform	2023-04-04	Tien Phan‐Everson, Zachary Lewis, Giang T. Ong, Yan Liang, Emily Brown, Liuliu Pan, Aster Wardhani, Mithra Korukonda, Carl Brown, Dwayne Dunaway, Edward Zhao, Dan McGuire, Sangsoon Woo, Alyssa Rosenbloom, Brian Filanoski, Rhonda Meredith, Kan Chantranuvatana, Brian Birditt, Hye Son Yi, Erin Piazza, Jason Reeves, John S. Lyssand, Vik Devgan, Michael Rhodes, Gary Geiss, Joseph Beechem	Cancer Research	https://doi.org/10.1158/1538-7445.am2023-4617	0
Two Trigonometric Series	2011-01-01	Guohui Chen	Studies in College Mathematics		0
Cell Pellet Array annotation and raw counts.RData	2022-01-01	Patrick Danaher	Figshare	https://doi.org/10.6084/m9.figshare.21420327	0
Supplementary Figure S7 from &lt;i&gt;In Situ&lt;/i&gt; Proinflammatory Effects of Dazostinag Alone or with Chemotherapy on the Tumor Microenvironment of Patients with Head and Neck Squamous Cell Carcinoma	2025-07-30	Richard C. Gregory, Neil Lineberry, Alexander Parent, Karthik Rajasekaran, Thomas J. Ow, Cherie‐Ann O. Nathan, Beryl A. Hatton, Wendy Jenkins, Marc Grenley, Connor Burns, Angela Merrell, Jason P. Frazier, Jonathan M.J. Derry, Emily Beirne, Richard A. Klinghoffer	Unknown Journal	https://doi.org/10.1158/2767-9764.29672746	0
Supplementary Table S2 from SARC028 Samples Reveal an Interplay between TGF-β, IFN Signaling, and Low HLA Class I Expression as Contributors to Ewing Sarcoma Checkpoint Blockade Resistance	2025-09-02	Jessica D. Daley, Elina Mukherjee, David Ferraro, Shanthi Bhaskar, Anthony Green, E. Michael Meyer, Hussein A. Tawbi, Melissa Burgess, Tullia C. Bruno, Anthony R. Cillo, Kelly M. Bailey	Unknown Journal	https://doi.org/10.1158/1078-0432.30028528	0
FFPE Tissue Microarray protocol v1	2024-11-19	MacKenzie L. Bolen, Malú G. Tansey, Qian Xue	Unknown Journal	https://doi.org/10.17504/protocols.io.eq2ly6pppgx9/v1	0
Supplementary Table S1 from spatialGE Is a User-Friendly Web Application That Facilitates Spatial Transcriptomics Data Analysis	2025-03-03	Oscar E. Ospina, Roberto Manjarres-Betancur, Guillermo Gonzalez-Calderon, Alex C. Soupir, Inna Smalley, Kenneth Y. Tsai, Joseph Markowitz, Mariam Lotfy Khaled, Ethan Vallebuona, Anders Berglund, Steven A. Eschrich, Xiaoqing Yu, Brooke L. Fridley	Unknown Journal	https://doi.org/10.1158/0008-5472.28523325	0
Figure S7 from TREM2-Expressing Multinucleated Giant Macrophages Are a Biomarker of Good Prognosis in Head and Neck Squamous Cell Carcinoma	2024-12-02	Grégoire Gessain, Ahmed-Amine Anzali, Marvin Lerousseau, Kevin Mulder, Mathilde Bied, Anne Aupérin, Daniel Stockholm, Nicolas Signolle, Farah Sassi, Maria Eugénia Marques Da Costa, Antonin Marchais, Alexandre Sayadi, Daniela Weidner, Stefan Uderhardt, Quentin Blampey, Sumanth Reddy Nakkireddy, Sophie Broutin, Charles‐Antoine Dutertre, Pierre Busson, Thomas Walter, Alix Marhic, Antoine Moya‐Plana, Joanne Guerlain, Ingrid Breuskin, Odile Casiraghi, Philippe Gorphe, Marion Classe, Jean‐Yves Scoazec, Camille Blériot, Florent Ginhoux	Unknown Journal	https://doi.org/10.1158/2159-8290.27938841	0
ST-Community Detection Methods for Spatial Transcriptomics Data Analysis	2026-01-01	Charles Zhao, Jian-Jian Ren	Stats	https://doi.org/10.3390/stats9010004	0
biopsy_spatial_CosMx.h5ad	2024-01-01	Michael G. Kattah	Figshare	https://doi.org/10.6084/m9.figshare.21919338	0
Interrogating the Synergistic Potential of Gemcitabine and Thermal Ablation in Breast Cancer: Drawing Insights Through Spatial Transcriptomics	2025-09-04	Timothy N. J. Bullock, Awndre Gamache	Unknown Journal	https://doi.org/10.31225/osf.io/kynqh_v1	0
Data repository	2026-05-01	Dumoulin, Bernhard, Levinsohn, Jonathan, Klötzer, Konstantin Adrian, Li, Chenyu, Mao, Liran, Ha, Eunji, Mohandes, Samer, Nguyen, Thao, Paruzzo, Luca, Hirohama, Daigoro, Fang, Victoria, Bhoj, Vijay G, Parhiz, Hamideh, Andrade Silva, Magaiver, Abedini, Amin, Bergeson, Andi, Traum, Daniel, May, Michael J, Kaestner, Klaus H, Ruella, Marco, McAllister, Fiona Elizabeth, Hakimi, Ari A, Li, Mingyao, Palmer, Matthew, Wherry, E John, Hunter, Christopher A, TRIDENT consortium, Susztak, Katalin	Zenodo (CERN European Organization for Nuclear Research)	https://doi.org/10.5281/zenodo.17674523	0
Spatial Transcriptomics Data for jazzPanda	2026-01-05	Xinyi Jin, Givanna Putri, Jinming Cheng, Marie-Liesse Asselin-Labat, G. B. SMYTH, Belinda Phipson	Zenodo (CERN European Organization for Nuclear Research)	https://doi.org/10.5281/zenodo.18149455	0
Abstract 2779: Whole transcriptome spatial exploration of cultured tumor cells at subcellular resolution	2025-04-21	Yi Cui, Margaret L. Hoang, Shanshan He, Rachel Liu, Tushar D. Rane, Rustem Khafizov, Haiyan Zhai, Christine Kang, Michael D. Rhodes, Joseph Beechem	Cancer Research	https://doi.org/10.1158/1538-7445.am2025-2779	0
Data repository	2026-01-01	Bernhard Dumoulin, Jonathan Levinsohn, Konstantin Adrian Klötzer, Chenyu Li, Liran Mao, Eunji Ha, Samer Mohandes, Thao Nguyen, Luca Paruzzo, Daigoro Hirohama, Victoria Fang, Vijay Bhoj, Hamideh Parhiz, Magaiver Andrade Silva, Amin Abedini, Andi Bergeson, Daniel Traum, Michael J May, Klaus H Kaestner, Marco Antonio Ruella, Fiona E. McAllister, A. Ari Hakimi, Mingyao Li, Matthew Palmer, E John Wherry, Christopher A Hunter, TRIDENT consortium, Katalin Susztak	Open MIND		0
Abstract 2091: Integrating single-cell spatial whole transcriptome and histopathology to uncover drivers of tumor heterogeneity in lung adenocarcinoma and squamous cell carcinoma	2025-04-21	Michael Patrick, Liang Zhang, Patrick Danaher, Shanshan He, Sierra Mckinzie, Haiyan Zhai, Michael Rhodes, Joseph Beechem	Cancer Research	https://doi.org/10.1158/1538-7445.am2025-2091	0
Abstract 2080: Whole transcriptome single cell spatial imaging of tumor vs normal tissue microarray	2025-04-21	Wei Yang, I Re Lee, Michael J. Patrick, Yi Cui, Shanshan He, Martin Shelton, Haiyan Zhai, Michael Rhodes, Joseph Beechem	Cancer Research	https://doi.org/10.1158/1538-7445.am2025-2080	0
TLR7-induced murine inflammation results in a global neuroinflammatory response driving neural circuit-specific transcriptomic changes	2025-01-01	Gardner-Stephen, Kirstyn, Carvajal Quisilema, Robin, Andrianova, Lilya, McGonigal, Rhona, Sharma, Deepika, Barrie, Jennifer, Saathoff, Megan, Cole, John, Jamieson, Nigel, Craig, Michael T., Cavanagh, Jonathan	University of Glasgow	https://doi.org/10.5525/gla.researchdata.2076	0
Spatial Transcriptomics Data for jazzPanda	2026-01-05	Xinyi Jin, Givanna Putri, Jinming Cheng, Marie-Liesse Asselin-Labat, G. B. SMYTH, Belinda Phipson	Zenodo (CERN European Organization for Nuclear Research)	https://doi.org/10.5281/zenodo.18149456	0
RCC-01	2022-01-01	Daniel Jones	Figshare	https://doi.org/10.6084/m9.figshare.21539253	0
SecActPy Example Datasets: Bulk RNA-seq, scRNA-seq, and Spatial Transcriptomics	2026-02-07	Beibei Ru, park seongyong, Peng Jiang	Zenodo (CERN European Organization for Nuclear Research)	https://doi.org/10.5281/zenodo.18520356	0
spatialGE: Visualization and Analysis of Spatial Heterogeneity in Spatially-Resolved Gene Expression	2025-05-13	Oscar E. Ospina, Alex C. Soupir, Brooke L. Fridley	Unknown Journal	https://doi.org/10.32614/cran.package.spatialge	0
MOSAIK: Multi-Origin Spatial Transcriptomics Analysis and Integration Kit	2025-05-16	Ana Sofia Baptista, Rosamond Nuamah, Ciro Chiappini, Anita Grigoriadis	arXiv (Cornell University)	https://doi.org/10.48550/arxiv.2505.11384	0
A technical comparison of spatial transcriptomics platforms across six cancer types - Visium/VisiumCytAssist/VisiumHD	2026-01-01	Sergi Cervilla, Daniela Grases Mendoza, Eduard Porta-Pardo	Zenodo (CERN European Organization for Nuclear Research)	https://doi.org/10.5281/zenodo.17999960	0
Mayo Schafer TDA - Aged Brain Spatial Profiling Collection v2	2025-08-27	Chase Carver, Marissa J. Schafer	Unknown Journal	https://doi.org/10.17504/protocols.io.4r3l21qzjg1y/v2	0
Library size confounds biology in spatial transcriptomics data	2023-05-22	Dharmesh D. Bhuva, Chin Wee Tan, Claire Marceaux, Jinjin Chen, Malvika Kharbanda, Xinyi Jin, Ning Liu, Kristen Feher, Givanna Putri, Marie-Liesse Asselin-Labat, Belinda Phipson, Melissa J. Davis	Zenodo (CERN European Organization for Nuclear Research)	https://doi.org/10.5281/zenodo.7959787	0
A technical comparison of spatial transcriptomics platforms across six cancer types - XeniumMT & Xenium5K	2026-01-01	Sergi Cervilla, Daniela Grases Mendoza, Eduard Porta-Pardo	Zenodo (CERN European Organization for Nuclear Research)	https://doi.org/10.5281/zenodo.18000255	0
Spatial Analysis of NETotic Neutrophil Crosstalk with Monocytes/Mφ in Oral Squamous Cell Carcinoma	2024-05-01	Arthur J. Lowery, Juan-Juan Zhao, Austin W.T. Chiang, Yanfang Zhu	The Journal of Immunology	https://doi.org/10.4049/jimmunol.212.supp.0537.5228	0
Data for Epstein-Barr Virus Orchestrates Spatial Reorganization and Immunomodulation within the classical Hodgkin Lymphoma Tumor Microenvironment	2026-02-01	Yao Yu Yeo, Huaying Qiu, Yunhao Bai, Bokai Zhu, Sizun Jiang	Zenodo (CERN European Organization for Nuclear Research)	https://doi.org/10.5281/zenodo.18434741	0
SecActPy Example Datasets: Bulk RNA-seq, scRNA-seq, and Spatial Transcriptomics	2026-02-07	Beibei Ru, park seongyong, Peng Jiang	Zenodo (CERN European Organization for Nuclear Research)	https://doi.org/10.5281/zenodo.18520355	0
Abstract 2068: Mapping the spatial whole transcriptome from normal to tumor tissue in renal clear cell carcinoma: tumorigenesis and microenvironmental shifts at single-cell resolution	2025-04-21	Shanshan He, Liang Zhang, Michael Patrick, Shaun McKenzie, Haiyan Zhai, Christine Kang, Michael Rhodes, Joseph Beechem	Cancer Research	https://doi.org/10.1158/1538-7445.am2025-2068	0
biopsy_spatial_CosMx_longitudinal.h5ad	2024-01-01	Michael G. Kattah	Figshare	https://doi.org/10.6084/m9.figshare.23896959	0
Utilizing combined spatial transcriptomics to elucidate localized immune responses within human coronary arteries throughout the progression of atherosclerosis	2025-03-01	Joana Campos, Jack L. McMurray, Michelangelo Certo, Ketaki Hardikar, Christopher I. Morse, C. Russell Corfield, Melanie Weigand, Desley Neil, Pasquale Maffia, Claudio Mauro	Unknown Journal	https://doi.org/10.1101/2025.02.20.639291	0
Analysis of community connectivity in spatial transcriptomics data	2024-07-12	Juan Xie, Kyeong Joo Jung, Carter Allen, Yuzhou Chang, Subhadeep Paul, Zihai Li, Qin Ma, Dongjun Chung	Frontiers in Applied Mathematics and Statistics	https://doi.org/10.3389/fams.2024.1403901	0
Abstract 751: High-resolution and AI-enabled single-cell spatial transcriptomics and histopathology integrated to reveal tumor differentiation and immune exclusion in skin squamous cell carcinoma	2025-04-21	Patrick Danaher, Michael Patrick, Shanshan He, Liang Zhang, S. Rogers, Michael Rhodes, Haiyan Zhai, Joseph Beechem	Cancer Research	https://doi.org/10.1158/1538-7445.am2025-751	0
Abstract 2078: Single-cell spatial transcriptomics in colon adenocarcinoma reveals tumor heterogeneity and immune microenvironmental shifts	2025-04-21	Margaret L. Hoang, Yi Cui, Songbo He, Michael Patrick, Megan E. Grout, S. Rogers, Tyler Hether, Haiyan Zhai, Martin Shelton, Michael Rhodes, Joseph Beechem	Cancer Research	https://doi.org/10.1158/1538-7445.am2025-2078	0
Spatial single-cell proteomics (64-plex) of colonic mucosal tissue of CD patients in remission and non-IBD controls	2026-01-01	Annika Raschdorf, Larissa Nogueira de Almeida, Philipp Solbach, Martha M. Kirstein, Jens U Marquardt, Franziska Schmelter, Ulrich L Günther, Heidi Schlichting, Maren Hicken, Lea Christiansen, Miriam Wiestler, Hauke Christian Tews, Dominik Bettenworth, OUTLIVE-CRC consortium, Matthias Peipp, Thomas Valerius, Mohab Ragab, Thorben Sauer, Timo Gemoll, Marc Ehlers, Philip Rosenstiel, Rudolf A Manz, Axel Künstner, Hauke Busch, Christian Sina, Stefanie Derer	Figshare	https://doi.org/10.6084/m9.figshare.31057111.v1	0
The data scientist as a mainstay of the tumor board: global implications and opportunities for the global south	2025-02-06	Myles Joshua Toledo Tan, Daniel Andrew Lichlyter, Nicholle Mae Amor Tan Maravilla, Weston John Schrock, Frederic Ivan L. Ting, Joanna Marie Choa-Go, Kishi Kobe Yee Francisco, Mickael Cavanaugh Byers, Hezerul Abdul Karim, Nouar AlDahoul	Frontiers in Digital Health	https://doi.org/10.3389/fdgth.2025.1535018	9
Supplementary Materiel to: Tracing colorectal malignancy transformation from cell to tissue scale	2025-05-30	Crowell, Helena Lucia	Zenodo (CERN European Organization for Nuclear Research)	https://doi.org/10.5281/zenodo.17927477	0
TissueViewer: A Web-Based Multiplexed Image Viewer	2024-06-27	David G.P. van IJzendoorn, Magdalena Matusiak, Robert B. West, Matt van de Rijn	Unknown Journal	https://doi.org/10.1101/2024.06.21.600100	0
Statistical and computational methods for enabling the clinical and translational application of spatial transcriptomics	2024-12-01	Peijun Wu, Xiang Zhou	Clinical and Translational Medicine	https://doi.org/10.1002/ctm2.70119	2
RNA2seg: a generalist model for cell segmentation in image-based spatial transcriptomics	2026-01-30	Thomas Defard, Alice Blondel, Sebastien Bellow, Anthony Coléon, Guilherme Dias De Melo, Florian Mueller, Thomas Walter	Genome biology	https://doi.org/10.1186/s13059-025-03908-9	0
Abstract 1151: Reconstruction of the spatial ecosystem of glioblastoma reveals relationships between tumor cell states and microenvironment	2024-03-22	Bruno Adabbo, Simona Migliozzi, Luciano Garofano, Fulvio D’Angelo, Pedro Davila, Sakir H. Gultekin, Daniel Bilbao Cortes, Benjamin Currall, Siôn L. Williams, Marc Sanson, Franck Bielle, Anna Luisa Di Stefano, Michele Ceccarelli, Anna Lasorella, Antonio Iavarone	Cancer Research	https://doi.org/10.1158/1538-7445.am2024-1151	0
Data from Trackable Intratumor Microdosing and Spatial Profiling Provide Early Insights into Activity of Investigational Agents in the Intact Tumor Microenvironment	2024-09-16	Jonathan M.J. Derry, Connor Burns, Jason P. Frazier, Emily Beirne, Marc Grenley, Christopher C. DuFort, Emily Killingbeck, Michael Leon, Claire Williams, Mark Gregory, Jeffrey Houlton, Daniel Clayburgh, Paul Swiecicki, Dennis Huszar, Allison Berger, Richard A. Klinghoffer	Unknown Journal	https://doi.org/10.1158/1078-0432.c.6758648.v4	0
Spatial single-cell proteomics (64-plex) of colonic mucosal tissue of CD patients in remission and non-IBD controls	2026-01-01	Annika Raschdorf, Larissa Nogueira de Almeida, Philipp Solbach, Martha M. Kirstein, Jens U Marquardt, Franziska Schmelter, Ulrich L Günther, Heidi Schlichting, Maren Hicken, Lea Christiansen, Miriam Wiestler, Hauke Christian Tews, Dominik Bettenworth, OUTLIVE-CRC consortium, Matthias Peipp, Thomas Valerius, Mohab Ragab, Thorben Sauer, Timo Gemoll, Marc Ehlers, Philip Rosenstiel, Rudolf A Manz, Axel Künstner, Hauke Busch, Christian Sina, Stefanie Derer	Figshare	https://doi.org/10.6084/m9.figshare.31057111	0
Performance evaluation of PaaSc on spatial transcriptomics data from human lung cancer.	2025-11-10	Xiqi Liao (22593395), Yuyang Hong (22593398), Yan Feng (128912), Henghui Li (547700), Hai Fang (160549), Jiantao Shi (70432)	Figshare	https://doi.org/10.1371/journal.pcbi.1013666.g009	0
Multi-omic spatial profiling of nasal polyps identifies multiple immune-epithelial cell-ligand receptor interactions 4292	2025-11-01	Nicholas P. West, Sarah Williams, Oliver Braubach, Matthew H. Ingalls, Dyana Sanchez, James L. Sinclair, Peter Smith, Peter Howarth, Raquel Alvarado, Peter Earls, Richard J. Harvey, Amanda J. Cox	The Journal of Immunology	https://doi.org/10.1093/jimmun/vkaf283.1992	0
Characteristics associated with spatially resolved immune landscapes in triple-negative breast cancer in the FinXX trial and Mayo Clinic cohort.	2023-06-01	Saranya Chumsri, Jodi M. Carter, Yaohua Ma, Douglas Hinerfeld, Heather Ann Brauer, Sarah Warren, Heikki Joensuu, Edith A. Perez, Roberto A. Leon‐Ferre, David M. Zahrieh, David W. Hillman, Judy C. Boughey, James N. Ingle, Krishna R. Kalari, Fergus J. Couch, Matthew P. Goetz, Keith L. Knutson, E. Aubrey Thompson	Journal of Clinical Oncology	https://doi.org/10.1200/jco.2023.41.16_suppl.581	0
SPATIAL PROFILING CELLULAR SENESCENCE IN THE HUMAN BRAIN ACROSS EIGHT DECADES OF LIFE	2023-12-01	Miranda E. Orr	Innovation in Aging	https://doi.org/10.1093/geroni/igad104.0731	0
Abstract 2067: Single-cell spatial whole transcriptome reveals tumor heterogeneity and stromal dynamics in invasive ductal carcinoma of the breast	2025-04-21	Liang Zhang, Shanshan He, Michael Patrick, S. Rogers, Haiyan Zhai, John S. Lyssand, Michael Rhodes, Joseph Beechem	Cancer Research	https://doi.org/10.1158/1538-7445.am2025-2067	0
Computational Pathology Fusing Spatial Technologies	2023-03-13	Samuel Border, Nicholas Lucarelli, Michael T. Eadon, Tarek M. El‐Achkar, Sanjay Jain, Pinaki Sarder	Clinical Journal of the American Society of Nephrology	https://doi.org/10.2215/cjn.0000000000000146	1
Data from Trackable Intratumor Microdosing and Spatial Profiling Provide Early Insights into Activity of Investigational Agents in the Intact Tumor Microenvironment	2023-07-25	Jonathan M.J. Derry, Connor Burns, Jason P. Frazier, Emily Beirne, Marc Grenley, Christopher C. DuFort, Emily Killingbeck, Michael Leon, Claire Williams, Mark Gregory, Jeffrey Houlton, Daniel Clayburgh, Paul Swiecicki, Dennis Huszar, Allison Berger, Richard A. Klinghoffer	Unknown Journal	https://doi.org/10.1158/1078-0432.c.6758648.v1	0
Figure 2 from &lt;i&gt;In Situ&lt;/i&gt; Proinflammatory Effects of Dazostinag Alone or with Chemotherapy on the Tumor Microenvironment of Patients with Head and Neck Squamous Cell Carcinoma	2025-07-30	Richard C. Gregory, Neil Lineberry, Alexander Parent, Karthik Rajasekaran, Thomas J. Ow, Cherie‐Ann O. Nathan, Beryl A. Hatton, Wendy Jenkins, Marc Grenley, Connor Burns, Angela Merrell, Jason P. Frazier, Jonathan M.J. Derry, Emily Beirne, Richard A. Klinghoffer	Unknown Journal	https://doi.org/10.1158/2767-9764.29672776	0
Complete single nucleus and spatial gene expression dataset	2026-01-01	Vignesh Shanmugam, Naeem Nadaf, Sean Sullivan, Irving A. Barrera-Lopez	Figshare	https://doi.org/10.6084/m9.figshare.28220345.v1	0
Figure 4 from &lt;i&gt;In Situ&lt;/i&gt; Proinflammatory Effects of Dazostinag Alone or with Chemotherapy on the Tumor Microenvironment of Patients with Head and Neck Squamous Cell Carcinoma	2025-07-30	Richard C. Gregory, Neil Lineberry, Alexander Parent, Karthik Rajasekaran, Thomas J. Ow, Cherie‐Ann O. Nathan, Beryl A. Hatton, Wendy Jenkins, Marc Grenley, Connor Burns, Angela Merrell, Jason P. Frazier, Jonathan M.J. Derry, Emily Beirne, Richard A. Klinghoffer	Unknown Journal	https://doi.org/10.1158/2767-9764.29672770	0
Complete single nucleus and spatial gene expression dataset	2026-01-01	Vignesh Shanmugam, Naeem Nadaf, Sean Sullivan, Irving A. Barrera-Lopez	Figshare	https://doi.org/10.6084/m9.figshare.28220345	0
Supplementary Figures S1-S25 from Preexisting Skin-Resident CD8 and γδ T-cell Circuits Mediate Immune Response in Merkel Cell Carcinoma and Predict Immunotherapy Efficacy	2024-09-04	Zachary Z. Reinstein, Yue Zhang, Oscar E. Ospina, Matt D. Nichols, Victoria A. Chu, Álvaro de Mingo Pulido, Karol Prieto, Jonathan V. Nguyen, Rui Yin, Carlos Moran Segura, A. Usman, Brittney Sell, Spencer Ng, Janis V. de la Iglesia, Sunandana Chandra, Jeffrey A. Sosman, Raymond J. Cho, Jeffrey B. Cheng, Ellie Ivanova, Sergei B. Koralov, Robbert J.C. Slebos, Christine H. Chung, Nikhil I. Khushalani, Jane L. Messina, Amod A. Sarnaik, Jonathan S. Zager, Vernon K. Sondak, Charles Vaske, Sungjune Kim, Andrew S. Brohl, Xinlei Mi, Brian G. Pierce, Xuefeng Wang, Brooke L. Fridley, Kenneth Y. Tsai, Jaehyuk Choi	Unknown Journal	https://doi.org/10.1158/2159-8290.26935026	0
Comparative skin cancer atlas and interactome: A multi-modal spatial approach to uncovering the cells and interactions underlying skin cancer diversity	2022-11-28	Quan Dong Nguyen	Zenodo (CERN European Organization for Nuclear Research)	https://doi.org/10.5281/zenodo.7373889	0
Data from Trackable Intratumor Microdosing and Spatial Profiling Provide Early Insights into Activity of Investigational Agents in the Intact Tumor Microenvironment	2023-07-25	Jonathan M.J. Derry, Connor Burns, Jason P. Frazier, Emily Beirne, Marc Grenley, Christopher C. DuFort, Emily Killingbeck, Michael Leon, Claire Williams, Mark Gregory, Jeffrey Houlton, Daniel Clayburgh, Paul Swiecicki, Dennis Huszar, Allison Berger, Richard A. Klinghoffer	Unknown Journal	https://doi.org/10.1158/1078-0432.c.6758648	0
Abstract 5072: Multi-omic, multi-scale characterisation of colorectal cancer defines spatiotemporal patterns of recurrence	2024-03-22	Colin S. Wood, João Luiz Silva‐Filho, Andrew J. Cameron, Assya Legrini, Holly Leslie, Tengyu Zhang, Yoana Doncheva, Claire Kennedy‐Dietrich, Matthias Marti, Joanne Edwards, Paul G. Horgan, Campbell S.D. Roxburgh, Colin W. Steele, Nigel B. Jamieson	Cancer Research	https://doi.org/10.1158/1538-7445.am2024-5072	0
RNA2seg: a generalist model for cell segmentation in image-based spatial transcriptomics	2025-03-11	Thomas Defard, Alice Blondel, Sebastien Bellow, Anthony Coléon, Guilherme Dias de Melo, Thomas Walter, Florian Mueller	Unknown Journal	https://doi.org/10.1101/2025.03.03.641259	0
Data from Trackable Intratumor Microdosing and Spatial Profiling Provide Early Insights into Activity of Investigational Agents in the Intact Tumor Microenvironment	2023-07-27	Jonathan M.J. Derry, Connor Burns, Jason P. Frazier, Emily Beirne, Marc Grenley, Christopher C. DuFort, Emily Killingbeck, Michael Leon, Claire Williams, Mark Gregory, Jeffrey Houlton, Daniel Clayburgh, Paul Swiecicki, Dennis Huszar, Allison Berger, Richard A. Klinghoffer	Unknown Journal	https://doi.org/10.1158/1078-0432.c.6758648.v2	0
Data from Trackable Intratumor Microdosing and Spatial Profiling Provide Early Insights into Activity of Investigational Agents in the Intact Tumor Microenvironment	2023-09-15	Jonathan M.J. Derry, Connor Burns, Jason P. Frazier, Emily Beirne, Marc Grenley, Christopher C. DuFort, Emily Killingbeck, Michael Leon, Claire Williams, Mark Gregory, Jeffrey Houlton, Daniel Clayburgh, Paul Swiecicki, Dennis Huszar, Allison Berger, Richard A. Klinghoffer	Unknown Journal	https://doi.org/10.1158/1078-0432.c.6758648.v3	0
Deciphering Microenvironmental Heterogeneity by Scalable Niche Guided Module Discovery	2025-08-25	Xun Lan, Chang Liu, Yuze Zhou, Longchen Xu, Xianan Qin, Tianhao Liu, Tian Chen, Jie Li	Unknown Journal	https://doi.org/10.21203/rs.3.rs-7243521/v1	0
Supplementary Figures S1-S25 from Preexisting Skin-Resident CD8 and γδ T-cell Circuits Mediate Immune Response in Merkel Cell Carcinoma and Predict Immunotherapy Efficacy	2024-09-04	Zachary Z. Reinstein, Yue Zhang, Oscar E. Ospina, Matt D. Nichols, Victoria A. Chu, Álvaro de Mingo Pulido, Karol Prieto, Jonathan V. Nguyen, Rui Yin, Carlos Moran Segura, A. Usman, Brittney Sell, Spencer Ng, Janis V. de la Iglesia, Sunandana Chandra, Jeffrey A. Sosman, Raymond J. Cho, Jeffrey B. Cheng, Ellie Ivanova, Sergei B. Koralov, Robbert J.C. Slebos, Christine H. Chung, Nikhil I. Khushalani, Jane L. Messina, Amod A. Sarnaik, Jonathan S. Zager, Vernon K. Sondak, Charles Vaske, Sungjune Kim, Andrew S. Brohl, Xinlei Mi, Brian G. Pierce, Xuefeng Wang, Brooke L. Fridley, Kenneth Y. Tsai, Jaehyuk Choi	Unknown Journal	https://doi.org/10.1158/2159-8290.26935026.v1	0
Supplementary Figures S1-S25 from Preexisting Skin-Resident CD8 and γδ T-cell Circuits Mediate Immune Response in Merkel Cell Carcinoma and Predict Immunotherapy Efficacy	2024-11-14	Zachary Z. Reinstein, Yue Zhang, Oscar E. Ospina, Matt D. Nichols, Victoria A. Chu, Álvaro de Mingo Pulido, Karol Prieto, Jonathan V. Nguyen, Rui Yin, Carlos Moran Segura, A. Usman, Brittney Sell, Spencer Ng, Janis V. de la Iglesia, Sunandana Chandra, Jeffrey A. Sosman, Raymond J. Cho, Jeffrey B. Cheng, Ellie Ivanova, Sergei B. Koralov, Robbert J.C. Slebos, Christine H. Chung, Nikhil I. Khushalani, Jane L. Messina, Amod A. Sarnaik, Jonathan S. Zager, Vernon K. Sondak, Charles Vaske, Sungjune Kim, Andrew S. Brohl, Xinlei Mi, Brian G. Pierce, Xuefeng Wang, Brooke L. Fridley, Kenneth Y. Tsai, Jaehyuk Choi	Unknown Journal	https://doi.org/10.1158/2159-8290.27725748	0
Abstract 4586: Multi-scale multi-omic assessment of matched synchronous colorectal cancer liver metastases using multiple spatial transcriptomic tools	2025-04-21	Colin S. Wood, Luke McNickle, Andrew J. Cameron, R. Sarma, Vaidehi Pandya, João Luiz Silva‐Filho, Colin W. Steele, John Cole, Joanne Edwards, Paul G. Horgan, Campbell S.D. Roxburgh	Cancer Research	https://doi.org/10.1158/1538-7445.am2025-4586	0
Abstract 1582: Cabozantinib changes the tumor microenvironment to increase the efficacy of immunotherapy in refractory metastatic pancreatic ductal adenocarcinoma	2024-03-22	Jayati Chakrabarti, Pritha Adhikary, Jiang Wang, Davendra Sohal, Syed A. Ahmad, Junaid Arshad, Aaron J. Scott, Rachna T. Shroff, Yana Zavros	Cancer Research	https://doi.org/10.1158/1538-7445.am2024-1582	0
Discovering cell type and tissue architecture with imaging-based spatial transcriptomics	2025-01-01	Kok Hao Chen	Unknown Journal	https://doi.org/10.14293/apmc13-2025-0012	0
Supplementary Figures S1-S25 from Preexisting Skin-Resident CD8 and γδ T-cell Circuits Mediate Immune Response in Merkel Cell Carcinoma and Predict Immunotherapy Efficacy	2024-11-25	Zachary Z. Reinstein, Yue Zhang, Oscar E. Ospina, Matt D. Nichols, Victoria A. Chu, Álvaro de Mingo Pulido, Karol Prieto, Jonathan V. Nguyen, Rui Yin, Carlos Moran Segura, A. Usman, Brittney Sell, Spencer Ng, Janis V. de la Iglesia, Sunandana Chandra, Jeffrey A. Sosman, Raymond J. Cho, Jeffrey B. Cheng, Ellie Ivanova, Sergei B. Koralov, Robbert J.C. Slebos, Christine H. Chung, Nikhil I. Khushalani, Jane L. Messina, Amod A. Sarnaik, Jonathan S. Zager, Vernon K. Sondak, Charles Vaske, Sungjune Kim, Andrew S. Brohl, Xinlei Mi, Brian G. Pierce, Xuefeng Wang, Brooke L. Fridley, Kenneth Y. Tsai, Jaehyuk Choi	Unknown Journal	https://doi.org/10.1158/2159-8290.27901552	0
Changes in the transcriptomic landscape of the hypothalamus in Prader-Willi Syndrome	2025-05-01	Colleen Bocke, Megan Pater, Grant R. Kolar, Willis K. Samson, Gina L. C. Yosten	Physiology	https://doi.org/10.1152/physiol.2025.40.s1.0488	0
Association of transitional gradient from clear cell to sarcomatoid renal cell carcinoma with macrophage/tumor cell crosstalk.	2024-01-29	Allison M. May, Claire Williams, Stephanie The, Jake McGue, Matthew Wainstein, Greg Shelley, Tyler Robinson, Simpa S. Salami, Rohit Mehra, Timothy L. Frankel, Aaron M. Udager, Evan T. Keller	Journal of Clinical Oncology	https://doi.org/10.1200/jco.2024.42.4_suppl.480	0
Supplementary Tables S1-S36 from Preexisting Skin-Resident CD8 and γδ T-cell Circuits Mediate Immune Response in Merkel Cell Carcinoma and Predict Immunotherapy Efficacy	2024-11-14	Zachary Z. Reinstein, Yue Zhang, Oscar E. Ospina, Matt D. Nichols, Victoria A. Chu, Álvaro de Mingo Pulido, Karol Prieto, Jonathan V. Nguyen, Rui Yin, Carlos Moran Segura, A. Usman, Brittney Sell, Spencer Ng, Janis V. de la Iglesia, Sunandana Chandra, Jeffrey A. Sosman, Raymond J. Cho, Jeffrey B. Cheng, Ellie Ivanova, Sergei B. Koralov, Robbert J.C. Slebos, Christine H. Chung, Nikhil I. Khushalani, Jane L. Messina, Amod A. Sarnaik, Jonathan S. Zager, Vernon K. Sondak, Charles Vaske, Sungjune Kim, Andrew S. Brohl, Xinlei Mi, Brian G. Pierce, Xuefeng Wang, Brooke L. Fridley, Kenneth Y. Tsai, Jaehyuk Choi	Unknown Journal	https://doi.org/10.1158/2159-8290.27725742	0
Visual analysis of spatial transcriptomics data with RedeViz	2024-07-13	Dehe Wang, Xianwen Ren	Unknown Journal	https://doi.org/10.1101/2024.07.09.602652	0
Φ-Space ST: a platform-agnostic method to identify cell states in spatial transcriptomics studies	2025-02-08	Jiadong Mao, Jarny Choi, Kim‐Anh Lê Cao	Unknown Journal	https://doi.org/10.1101/2025.02.05.636735	0
Robust integration and annotation of single-cell and spatial omics data using interpretable gene programs	2025-12-01	Yuelei Zhang, Wenxuan Ming, Bianjiong Yu, Lele Wang, Kaiyan Lu, Lei Xu, Yanhong Ni, Runzhi Deng, Dijun Chen	Cell Genomics	https://doi.org/10.1016/j.xgen.2025.101105	0
Single-cell Spatial Transcriptional Profiling Uncovers Heterogeneous Cellular Responses to Pathogenic Tau in a Mouse Model of Neurodegeneration	2025-11-19	Xuehan Sun, Lidan Wu, Timothy C. Orr, Ashley Heck, Kimberly Young, Nathan Dunaway, Jose Ceja Navarro, Joseph Beechem, Miranda E. Orr	Unknown Journal	https://doi.org/10.1101/2025.11.19.689127	0
Comparative Analysis of Neonatal Hypomyelination Models Using Spatial Transcriptomics	2025-06-24	Rafael Bandeira Fabres, Viviane Aline Oliveira Silva, Siwei Zhang, Sylvia Synowiec, Silvia Honda Takada, Jubao Duan, Alexander Drobyshevsky	Unknown Journal	https://doi.org/10.1101/2025.06.23.661209	0
Mapping disease critical spatially variable gene programs by integrating spatial transcriptomics with human genetics	2025-09-25	Hanbyul Lee, Haochen Sun, Xuewei Cao, Berke Karaahmet, Zhijian Li, Hans Ulrich-Klein, Mariko Taga, Gao Wang, Philip L. De Jager, David A. Bennett, Luca Pinello, Xin Jin, Rahul Mazumder, Kushal K. Dey	Unknown Journal	https://doi.org/10.1101/2025.09.24.678397	0
Spatial transcriptomics and lethality-associated stromal remodeling of colorectal cancer.	2025-01-27	Colin S. Wood, João Luiz Silva‐Filho, Tengyu Zhang, Campbell SD Roxburgh, Paul G. Horgan, Joanne Edwards, Matthias Marti, Colin W. Steele, Nigel B. Jamieson	Journal of Clinical Oncology	https://doi.org/10.1200/jco.2025.43.4_suppl.227	0
SpatialMap: A Scalable Deep Learning Method for Cell Typing in Subcellular Spatial Transcriptomics	2025-07-05	Pengzhen Jia, Yahui Long, Yichao Zhao, Ning Zhang, Zhaoyu Fang, Siqi Chen, Min Li	Unknown Journal	https://doi.org/10.1101/2025.07.03.662904	0
Supplementary Tables S1-S36 from Preexisting Skin-Resident CD8 and γδ T-cell Circuits Mediate Immune Response in Merkel Cell Carcinoma and Predict Immunotherapy Efficacy	2024-11-25	Zachary Z. Reinstein, Yue Zhang, Oscar E. Ospina, Matt D. Nichols, Victoria A. Chu, Álvaro de Mingo Pulido, Karol Prieto, Jonathan V. Nguyen, Rui Yin, Carlos Moran Segura, A. Usman, Brittney Sell, Spencer Ng, Janis V. de la Iglesia, Sunandana Chandra, Jeffrey A. Sosman, Raymond J. Cho, Jeffrey B. Cheng, Ellie Ivanova, Sergei B. Koralov, Robbert J.C. Slebos, Christine H. Chung, Nikhil I. Khushalani, Jane L. Messina, Amod A. Sarnaik, Jonathan S. Zager, Vernon K. Sondak, Charles Vaske, Sungjune Kim, Andrew S. Brohl, Xinlei Mi, Brian G. Pierce, Xuefeng Wang, Brooke L. Fridley, Kenneth Y. Tsai, Jaehyuk Choi	Unknown Journal	https://doi.org/10.1158/2159-8290.27901549	0
Microenvironment-aware spatial modeling for accurate inference of cell identity	2025-12-13	Q Liu, Yu Wang, Chih–Yuan Hsu, Celestine N. Wanjalla, Ken S Lau, Yu Shyr	Nucleic Acids Research	https://doi.org/10.1093/nar/gkaf1477	0
Understanding molecular differences in endocrine and exocrine pancreatic tissue in healthy and unhealthy metabolic states	2024-05-01	Megan Pater, Willis K. Samson, Grant R. Kolar, Gina L. C. Yosten	Physiology	https://doi.org/10.1152/physiol.2024.39.s1.1773	0
SM3DD with segmented PCA: a comprehensive method for interpreting 3D spatial transcriptomics	2026-01-06	Tony Blick, Aaron Kilgallon, James Monkman, Caroline Cooper, Chin Wee Tan, Emily E Killingbeck, Liuliu Pan, Youngmi Kim, Yan Liang, Andy Nam, Michael Leon, Paulo S F Guimaraes, Seigo Nagashima, Ana P C Martins, Cleber Machado-Souza, Lucia de Noronha, John F Fraser, Gabrielle T Belz, Fernando Souza-Fonseca-Guimaraes, Arutha Kulasinghe	NAR Genomics and Bioinformatics	https://doi.org/10.1093/nargab/lqag007	0
Spatially resolved transcriptomics reveals immunosuppressive niches and clonal diversity in extramedullary disease in multiple myeloma refractory to immunotherapy	2025-11-03	Junia Vieira, Reyka G. Jayasinghe, Tarek H. Mouhieddine, Jordan Lu, Hajer Merarda, Darwin D’souza, Hyo Jeong Nam, Adolfo Aleman, Meghana Ram, Zhihong Chen, Seunghee Kim‐Schulze, Gaurav Bhatt, Julie M. Fortier, Michael Slade, Alina Florea, Rachel Brody, Larysa Sanchez, Cesar Rodriguez Valdes, Joshua Richter, Shambavi Richard, Adriana Rossi, Sundar Jagannath, Ravi Vij, Li Ding, Samir Parekh, Alessandro Laganà	Blood	https://doi.org/10.1182/blood-2025-3949	0
Supplementary Tables S1-S36 from Preexisting Skin-Resident CD8 and γδ T-cell Circuits Mediate Immune Response in Merkel Cell Carcinoma and Predict Immunotherapy Efficacy	2024-09-04	Zachary Z. Reinstein, Yue Zhang, Oscar E. Ospina, Matt D. Nichols, Victoria A. Chu, Álvaro de Mingo Pulido, Karol Prieto, Jonathan V. Nguyen, Rui Yin, Carlos Moran Segura, A. Usman, Brittney Sell, Spencer Ng, Janis V. de la Iglesia, Sunandana Chandra, Jeffrey A. Sosman, Raymond J. Cho, Jeffrey B. Cheng, Ellie Ivanova, Sergei B. Koralov, Robbert J.C. Slebos, Christine H. Chung, Nikhil I. Khushalani, Jane L. Messina, Amod A. Sarnaik, Jonathan S. Zager, Vernon K. Sondak, Charles Vaske, Sungjune Kim, Andrew S. Brohl, Xinlei Mi, Brian G. Pierce, Xuefeng Wang, Brooke L. Fridley, Kenneth Y. Tsai, Jaehyuk Choi	Unknown Journal	https://doi.org/10.1158/2159-8290.26935023.v1	0
Humanized PDX models reveal Lymphoma–Host interactions and enhanced T-cell therapies via epigenetic modulation	2025-11-03	Giovanni Medico, Giorgia Zanetti, Giorgio Bertolazzi, Francesco Vallania, Paul Zumbo, Maider Astorkia Amiama, Doron Betel, Maria Teresa Cacciapuoti, Abigail Taylor, Clarisse Kayembe, Sanjay Patel, Jennifer Ziello, Arvin Ruiz, Jason L. Weirather, Gulpreet Kaur, Luca Vincenzo Cappelli, Luca Paruzzo, Marco Ruella, Zhenyuan Dong, Larry W. Kwak, Nicolás Di Siervi, María V. Revuelta, Claudio Tripodo, Leandro Cerchietti, Giorgio Inghirami	Blood	https://doi.org/10.1182/blood-2025-350	0
Spatial data analysis for characterisation of human lung	2026-01-01	Isabel Uwagboe, Jody Rosenblatt, M Parsons	The Francis Crick Institute	https://doi.org/10.25418/crick.30987019	0
Abstract 5289: Mechanisms of metastasis revealed through single-cell spatial transcriptome analysis in patients with liver metastatic colorectal cancer	2025-04-21	Jong Won Lee, Yeseul Kim, Hyo Seon Ryu, Jongmin Sim, Chungyeul Kim, Hyun Woo Kwon, Hyun Je Kim, Jong Min Park, Ah-Reum Lim, Jung Sun Kim, Hwa Jung Sung, Xingyi Guo, Jung Min Choi, Jung Yoon Choi	Cancer Research	https://doi.org/10.1158/1538-7445.am2025-5289	0
Supplementary Tables S1-S36 from Preexisting Skin-Resident CD8 and γδ T-cell Circuits Mediate Immune Response in Merkel Cell Carcinoma and Predict Immunotherapy Efficacy	2024-09-04	Zachary Z. Reinstein, Yue Zhang, Oscar E. Ospina, Matt D. Nichols, Victoria A. Chu, Álvaro de Mingo Pulido, Karol Prieto, Jonathan V. Nguyen, Rui Yin, Carlos Moran Segura, A. Usman, Brittney Sell, Spencer Ng, Janis V. de la Iglesia, Sunandana Chandra, Jeffrey A. Sosman, Raymond J. Cho, Jeffrey B. Cheng, Ellie Ivanova, Sergei B. Koralov, Robbert J.C. Slebos, Christine H. Chung, Nikhil I. Khushalani, Jane L. Messina, Amod A. Sarnaik, Jonathan S. Zager, Vernon K. Sondak, Charles Vaske, Sungjune Kim, Andrew S. Brohl, Xinlei Mi, Brian G. Pierce, Xuefeng Wang, Brooke L. Fridley, Kenneth Y. Tsai, Jaehyuk Choi	Unknown Journal	https://doi.org/10.1158/2159-8290.26935023	0
SM3DD with Segmented PCA: A Comprehensive Method for Interpreting 3D Spatial Transcriptomics	2025-04-18	Tony Blick, A. Kilgallon, James Monkman, Caroline Cooper, Chin Wee Tan, Emily Killingbeck, Liuliu Pan, Youngmi Kim, Yan Liang, Andy Nam, Michael Leon, Paulo Souza‐Fonseca‐Guimaraes, Seigo Nagashima, Ana Paula Camargo Martins, Cleber Machado‐Souza, Lúcia de Noronha, John F. Fraser, Gabrielle T. Belz, Fernando Souza-Fonseca-Guimarães, Arutha Kulasinghe	Unknown Journal	https://doi.org/10.1101/2025.04.17.649456	0
Spatial data analysis for characterisation of human lung	2026-01-01	Isabel Uwagboe, Jody Rosenblatt, M Parsons	The Francis Crick Institute	https://doi.org/10.25418/crick.30987019.v1	0
AB0167 SINGLE-CELL SPATIAL TRANSCRIPTOME ANALYSIS IDENTIFIES DISEASE-SPECIFIC FIBROBLASTS IN RHEUMATOID VASCULITIS	2023-06-01	Atsuko Tsujii, Yoshihiko Hoshida, Tsutomu Tamada, Daekeun Kim, Kenichi Yamamoto, Akihiko Nakabayashi, Maiko Yoshimura, Kentaro Isoda, Shiro Ohshima	Annals of the Rheumatic Diseases	https://doi.org/10.1136/annrheumdis-2023-eular.728	0
High-resolution H&E images from the HistoSweep study across multiple tissues and diseases	2026-01-05	Amelia Schroeder, Alexander Huang, Lars Mäegdefessel, Mingyao Li, Humam Kadara, Katalin Suszták	Zenodo (CERN European Organization for Nuclear Research)	https://doi.org/10.5281/zenodo.18157806	0
Data from spatialGE Is a User-Friendly Web Application That Facilitates Spatial Transcriptomics Data Analysis	2025-03-03	Oscar E. Ospina, Roberto Manjarres-Betancur, Guillermo Gonzalez-Calderon, Alex C. Soupir, Inna Smalley, Kenneth Y. Tsai, Joseph Markowitz, Mariam Lotfy Khaled, Ethan Vallebuona, Anders Berglund, Steven A. Eschrich, Xiaoqing Yu, Brooke L. Fridley	Unknown Journal	https://doi.org/10.1158/0008-5472.c.7700640	0
VEDOLIZUMAB RESPONSE AND NON-RESPONSE IN ULCERATIVE COLITIS: INSIGHTS FROM SPATIAL TRANSCRIPTOMICS	2024-01-25	Elvira Mennillo, Gyehyun Lee, Madison Lotstein, Jessica Tsui, Uma Mahadevan, Gabriela K. Fragiadakis, Alexis J. Combes, Michael G. Kattah	Inflammatory Bowel Diseases	https://doi.org/10.1093/ibd/izae020.151	0
Spatially Resolved Multiomics Reveals Metabolic Remodeling and Autophagy Activation in Adamantinomatous Craniopharyngiomas	2026-01-05	Dongting Chen, Y. Gao, Yulin Wang, Ting Lei, Zheng Qu, Yuhan An, Jiaxu Fu, X. Li, F J Liu, Yan Li	Advanced Science	https://doi.org/10.1002/advs.202516965	0
Streamlining single-cell spatial transcriptomics for human kidney tissue	2025-10-03	Son Vo, Kieran Meadows, Hung Do, Kevin Chapman, Graciela Andonegui, Daniel A. Muruve, Thang V. Pham, Justin Chun	BioTechniques	https://doi.org/10.1080/07366205.2025.2591484	0
Streamlining Spatial Transcriptomics for Human Kidney Tissue	2025-09-07	Son Vo, Kieran Meadows, Hung Do, Kevin Chapman, Graciela Andonegui, Daniel A. Muruve, Thang V. Pham, Justin Chun	Unknown Journal	https://doi.org/10.1101/2025.09.02.673834	0
IL-17 Cytokines Induce IκBζ in Dermal Fibroblasts to Promote Pro-Inflammatory Gene Expression in Psoriasis	2026-01-28	Lejla Svraka, Anna Skarnvad Andersen, Toke Touborg, Thomas Emmanuel, Udayaraja GK, Haja N. Kadarmideen, T. Bertelsen, Christian Vestergaard, Claus Johansen	International Journal of Molecular Sciences	https://doi.org/10.3390/ijms27031297	0
Pituitary Neuroendocrine Tumor Organoids Generated from Induced Pluripotent Stem Cells Reveal the Dysregulation of Cell Lineage Differentiation in Cushing’s Disease	2024-05-01	Saptarshi Mallick, Jayati Chakrabarti, Jennifer Eschbacher, Matthew L. Chang, Jared M. Churko, Elisabeth Ferris, Beth Hermes	Physiology	https://doi.org/10.1152/physiol.2024.39.s1.2104	0
172 | AGGRESSIVE B‐CELL LYMPHOMAS RETAIN ATR‐DEPENDENT DETERMINANTS OF T‐CELL EXCLUSION FROM THE GERMINAL CENTER DARK ZONE	2025-06-01	Valeria Cancila, G. Bertolazzi, A. S. Chan, G. Morello, Chih‐Huang Lai, Gautam N. Shenoy, Hong Liang, Daniel Paysan, Patrick Jaynes, Giovanna Schiavoni, Fabrizio Mattei, Silvia Piconese, M.P. Revuelta, F. Noto, Luca Businaro, Adele De Ninno, Ilenia Cammarata, Fabio Pagni, Saradha Venkatachalapathy, Sabina Sangaletti, Arianna Di Napoli, Davide Vacca, Silvia Lonardi, Luisa Lorenzi, Andrés J.M. Ferreri, Beatrice Belmonte, Min Liu, Meiyappan Lakshmanan, Michelle S. Ong, Z. Biyan, Ting Yi See, Kong‐Peng Lam, Gabriele Varano, Mario P. Colombo, Silvio Bicciato, Giorgio Inghirami, Giovanni Medico, Leandro Cerchietti, Mirco Ponzoni, Roberta Zappasodi, Fabio Facchetti, Marco Foiani, Stefano Casola, Anand D. Jeyasekharan, Claudio Tripodo	Hematological Oncology	https://doi.org/10.1002/hon.70094_172	0
High-resolution H&E images from the HistoSweep study across multiple tissues and diseases	2026-01-06	Amelia Schroeder, Alexander Huang, Lars Mäegdefessel, Mingyao Li, Humam Kadara, Katalin Suszták	Zenodo (CERN European Organization for Nuclear Research)	https://doi.org/10.5281/zenodo.18165537	0
Pixel2Gene enables histology-guided reconstruction and prediction of spatial gene expression	2026-02-23	M. Li, Sicong Yao, Amelia Schroeder, Shunzhou Jiang, Soyoung Im, Jeong Hwan Park, Bernhard Dumoulin, Tae Hyun Hwang, Katalin Susztak	Unknown Journal	https://doi.org/10.64898/2026.02.21.707168	0
Artificial Intelligence–driven spatial transcriptomics in OSCC: Mapping the tumor microenvironment and personalizing therapy	2025-11-01	S. Manogaran, Ramya Ramadoss, Suganya Panneer Selvam, Sandhya Sundar, Nitya Krishnasamy, Hemashree, Karunya Krishnakumar, Preethi Shankar	Journal of Oral Biology and Craniofacial Research	https://doi.org/10.1016/j.jobcr.2025.10.015	0
19 | MULTI‐OMIC PROFILING OF DARK ZONE LYMPHOMAS UNCOVERS DYSREGULATED GENE REGULATORY NETWORKS REFLECTING DZ‐LZ B‐CELL TRANSITION DYNAMICS	2025-06-01	Annie Fong, Brett Collinge, Laura K. Hilton, Shinya Rai, Clifford Cassidy, Susana Ben‐Neriah, M. Boyle, Adèle Telenius, Barbara Meissner, Pedro Farinha, A. Lytle, Graham W. Slack, L. Venturruti, Andrew Roth, Christian Steidl, Ryan D. Morin, David W. Scott	Hematological Oncology	https://doi.org/10.1002/hon.70093_19	0
Multimodal single-cell and spatial analyses reveal a distinct immune ecosystem in pediatric classic Hodgkin lymphoma	2025-11-03	Shinichiro Oshima, Yifan Yin, Nawar Dakhallah, Rose Chami, Bo Ngan, Angela Punnett, Hang Yin, Isabella Y. Kong, Shinya Rai, Adèle Telenius, Robert Kridel, Federico Gaiti, David W. Scott, Kara M. Kelly, Debra L. Friedman, Sharon M. Castellino, Lisa Roth, Christian Steidl, Tomohiro Aoki	Blood	https://doi.org/10.1182/blood-2025-3552	0
A transcriptional map of human tonsil architecture: beyond the sum of (single cell) parts	2025-09-13	Helena L. Crowell, Laura Llaó Cid, Gerard Frigola, Samuel Gunz, Patricia Lorden, María Teresa Gil Ruiz, Irene Ruano, Marta Kulis, José I. Martı́n-Subero, Holger Heyn, Elı́as Campo, Anna Pascual Reguant	Unknown Journal	https://doi.org/10.1101/2025.09.08.674825	0
Ectopic Expression of <i>MUC5B</i> in the Respiratory Bronchiole Initiates Endoplasmic Reticulum Stress in the IPF Lung	2025-10-15	Rachel Z. Blumhagen, Jonathan S. Kurche, Carlyne D. Cool, David Heinz, Xiaoqian Ma, Elizabeth Davidson, Tasha E. Fingerlin, Jonathan Huber, Evgenia Dobrinskikh, David A. Schwartz, Ivana V. Yang	American Journal of Respiratory Cell and Molecular Biology	https://doi.org/10.1165/rcmb.2025-0261oc	0
Advances in Spatial Transcriptomics for Infectious Disease Research: Insight for Vaccine Development	2026-02-07	Taehwan Oh	Vaccines	https://doi.org/10.3390/vaccines14020158	0
SPACESEQUEST: A UNIFIED PIPELINE FOR SPATIAL TRANSCRIPTOMICS DATA ANALYSIS	2026-01-19	Yu Henry Sun, Sarbottam Piya, Zhengyu Ouyang, Yirui Chen, Jake Gagnon, Shaolong Cao, Haotian Zhang, Baobao Song, Jing Zhu, Khyati Chandratre, Houlin Yu, Wenxing Hu, Matthew Ryals, Fergal Casey, Dann Huh, Baohong Zhang	Journal of Advance Research in Pharmacy & Biological Science (ISSN 2208-2360)	https://doi.org/10.61841/nn-pbs-12-1-1	0
Spatial transcriptomics links hepatocyte-macrophage interactions to viral signatures in seronegative hepatitis	2025-11-11	Amber Bozward, Mahboobeh Buhruznia, John Cole, Scott Davies, Kylie Savoye, Chiranjit Das, Matthew Pugh, Grace Wootton, Patricia Reis Nisa, Fabian Spill, Owen Cain, Adam P. Croft, Alan McNally, Ye Htun Oo	Unknown Journal	https://doi.org/10.21203/rs.3.rs-7971511/v1	0
jazzPanda: A hybrid approach to find spatial marker genes in imaging-based spatial transcriptomics data	2026-02-16	Xinyi Jin, Givanna Putri, Jinming Cheng, Marie-Liesse Asselin-Labat, Peng Li, Belinda Phipson	Unknown Journal	https://doi.org/10.64898/2026.02.13.705867	0
Presence of onco-fetal neighborhoods in hepatocellular carcinoma is associated with relapse and response to immunotherapy	2024-01-01	Ankur Sharma, Florent Ginhoux	Figshare	https://doi.org/10.6084/m9.figshare.22297816	0
Abstract 1138: A single-cell spatially resolved atlas of immune-mediated control of lung adenocarcinoma using 1,000-plex single-cell spatial molecular imaging in a transgenic mouse model	2024-03-22	Tito Panciera, Francesca Zanconato, Michelangelo Cordenonsi, Mattia Forcato, Giada Vanni, Silvio Bicciato, Julian Preciado, Saskia Ilcisin, Katrina van Raay, Margaret L. Hoang, Michael Patrick, Shanshan He, Joseph Beechem, Stefano Piccolo	Cancer Research	https://doi.org/10.1158/1538-7445.am2024-1138	0
Utilisation of spatial methodologies for the investigation of the tumour microenvironment	2026-01-01	Margaux Gardet, Florent Ginhoux, Kevin Mulder	Methods in cell biology	https://doi.org/10.1016/bs.mcb.2025.10.012	0
Abstract 1162: Tumor-immune microenvironment associated with obesity in triple-negative breast cancer in the Mayo Clinic cohort	2024-03-22	Songhan Pang, Yi Liu, Yaohua Ma, Zhuo Li, Roberto A. Leon‐Ferre, David M. Zahrieh, David W. Hillman, Judy C. Boughey, James N. Ingle, Krishna R. Kalari, Fergus J. Couch, Matthew P. Goetz, Keith L. Knutson, Saranya Chumsri, E. Aubrey Thompson	Cancer Research	https://doi.org/10.1158/1538-7445.am2024-1162	0
Abstract 4532: Spatial profiling delineates tumor-T-cell dynamics in anti-PD-1-refractory melanoma treated with ipilimumab or ipilimumab plus nivolumab	2023-04-04	Nataly Naser Al Deen, Katie M. Campbell, Egmidio Medina, Cynthia R. Gonzalez, Philip O. Scumpia, Antoni Ribas	Cancer Research	https://doi.org/10.1158/1538-7445.am2023-4532	0
MisTIC: Missegmented Transcript Inference Correction for Improved Spatial Transcriptomics Analysis	2025-12-15	Yuqiu Yang, Erica DePasquale, David Adeleke, Xiangfei Xie, Zeyu Lu, Michael D. Nelson, Guanghua Xiao, Xinlei Wang, Yunguan Wang	Unknown Journal	https://doi.org/10.64898/2025.12.11.693759	0
TissueNarrator: Generative Modeling of Spatial Transcriptomics with Large Language Models	2025-11-27	Sizhe Liu, Junjie Tang, Jian Ma, Shaoheng Liang	Unknown Journal	https://doi.org/10.1101/2025.11.24.690325	0
Abstract 2485: A Bayesian framework for unraveling disease biology from spatially resolved single-cell omics datasets by combining unbiased approaches with biological priors for cell-based microdomain discovery	2025-04-21	Brian Falkenstein, Raymond Yan, Shannon Quinn, Akif Burak Tosun, S. Chakra Chennubhotla, Arutha Kulasinghe, Filippo Pullara	Cancer Research	https://doi.org/10.1158/1538-7445.am2025-2485	0
Spatial Profiling of Glioblastoma Microenvironments and Response to Immunotherapy	2023-05-01	Lizmarie Garcia-Rivera, Dan Chen, Susan M. Kaech	The Journal of Immunology	https://doi.org/10.4049/jimmunol.210.supp.86.06	0
HIGH RESOLUTION SPATIAL PROTEOGENOMICS TO ASSESS TARGET ENGAGEMENT AND COMPARE SENOLYTIC EFFICACY IN THE BRAIN OF TAU TRANSGENIC MICE	2024-12-01	Miranda E. Orr, Valentina R. Garbarino, Timothy Orr	Innovation in Aging	https://doi.org/10.1093/geroni/igae098.1144	0
Intraductal Papillary Mucinous Neoplasm Cellular Plasticity is Linked with Repeat Element Dysregulation	2025-01-19	Amaya Pankaj, Michael J. Raabe, Yuhui Song, Bidish K. Patel, Katherine Xu, Joshua R. Kocher, Nicholas J Caldwell, Peiyun Ni, Maria Ganci, Linda T. Nieman, M. Lisa Zhang, Mari Mino-Kenudson, Vikram Deshpande, Nabeel Bardeesy, Carlos Fernandez del-Castillo, Martin J. Aryee, Mari Mino–Kenudson, David T. Ting, Yasmin G. Hernandez‐Barco, Yasmin G. Hernandez-Barco	Unknown Journal	https://doi.org/10.1101/2025.01.14.632658	0
Genomic heterogeneity drives distinct infiltration patterns in glioblastoma	2025-11-29	Dylan Scott Lykke Harwood, Sara Blaabjerg Artzi, Vilde Pedersen, Alessio Locallo, Maya Jeje Schuang Lü, David Scheie, Dorte Schou Nørøxe, Nadine Margaretha Hammouda, Ulrik Lassen, Joachim Weischenfeldt, Bjarne Winther Kristensen	Acta Neuropathologica Communications	https://doi.org/10.1186/s40478-025-02106-9	0
Intra-tumoral bacterial signals are associated with distinct immune niches in metastatic brain tumors 3692	2025-11-01	Golnaz Morad, Ashish Damania, Brenda Melendez, Bharat Singh, Matthew C. Wong, Pranoti Sahasrabhojane, Yasmine Hoballah, Fabiana J. Veguilla, Sarah B. Johnson, Jillian Losh, Susan Bullman, Nadim J. Ajami, Sherise D. Ferguson, Jennifer A. Wargo	The Journal of Immunology	https://doi.org/10.1093/jimmun/vkaf283.1463	0
Abstract 3652: Celleporter: a foundation model of cell and tissue biology with application to patient stratification and target discovery	2025-04-21	Yubin Xie, E. Margalit, Tyler Van Hensbergen, David Gómez de Antonio, JP Schmidt, Yan Guo, Jérémie Decalf, Maxime Dhainaut, Lucas Cavalcante, Hargita Kaplan, Rodney Collins, Francis Fernandez, R. Schiemann, Eric Siefkas, Michela Meister, Joy S. Tea, Carl Ebeling, Anastasia Mavropoulos, Nicole Snell, Shafique N. Virani, Ron Alfa, Lacey Padrón, Jacob Rinaldi, Daniel Bear	Cancer Research	https://doi.org/10.1158/1538-7445.am2025-3652	0
Method for Numerical Evaluation of the Coefficients of Fourier Series	1959-01-01	Kurt Haase	The Journal of the Acoustical Society of America	https://doi.org/10.1121/1.1930133	0
Abstract C041: Multi-Omics profiling of high-grade serous ovarian cancer reveals ancestry-associated molecular and tumor microenvironmental differences	2025-09-18	Ayodele Omotoso, Alex Covarrubias-Sanchez, Jovanka Ravix, Olivier Moralès, Rasheed Fatima, Maurice J. Chery, Lauren Smith, Daniela Betancur, Ivana Sorbit, Melissa Castillo, Destiny Burnett, Sandy St-Hillare, Elizabeth Smith, Olugbenga Silas, Emmanuel Kunle Abudu, Solomon Musa Dauda, Adeyemi Okunowo, Patience Odusolu, Theophilus Ipeh Ugbem, Murtala Abubakar, Saida Bowe, Uchenna Simon Ezenkwa, Aisha Mustapha, Raleigh Butler, Matthew Schlumbrecht, Bala Audu, Saad Ahmed, André Pinto, Sophia George, Darron Halliday, Caryn Sands, George Bruney, A. Jacob, Michael Olatunde Tanimowo	Cancer Epidemiology Biomarkers & Prevention	https://doi.org/10.1158/1538-7755.disp25-c041	0
Abstract 7130: Spatially resolved single-cell analysis reveals cGAS-STING-mediated tumor-immune interactions via IFNα as determinants of pembrolizumab sensitivity in triple-negative breast cancer	2025-04-21	Yi Liu, Saranya Chumsri, Yaohua Ma, Jodi M. Carter, Aziza Nassar, Edith A. Perez, Roberto A. Leon‐Ferre, David M. Zahrieh, David W. Hillman, Judy C. Boughey, James N. Ingle, Krishna R. Kalari, Fergus J. Couch, Matthew P. Goetz, Keith L. Knutson, E. Aubrey Thompson	Cancer Research	https://doi.org/10.1158/1538-7445.am2025-7130	0
Molecular and Spatial Transcriptomics Analysis in Silica-Induced Pulmonary Fibrosis	2025-03-20	Nebal Abu Hussein, Taylor Adams, Sabina Anderson, Mordechai R. Kramer, Fadi Nikola, Robert Homer, A. Najjar, Prapti Sharma, Luning Yang, Yuning Zhang, Xiting Yan, Barak Perzov, Naftali Kaminski	Unknown Journal	https://doi.org/10.1183/23120541.lsc-2025.tp230	0
Spatial biology discovery approaches to dissect in situ modification of site-specific tissue HIV reservoirs 2542	2025-11-01	Stephen T Yeung, Preeti Moar, Vanessa Gomez-Moreno, Davey M Smith, Antoine Chaillon, Sara Gianella, Lishomwa C Ndhlovu	The Journal of Immunology	https://doi.org/10.1093/jimmun/vkaf283.448	0
OP0199 SPATIAL INSIGHTS INTO THE SALIVARY GLANDS OF PATIENTS WITH SJOGREN’S DISEASE	2024-06-01	Saba Nayar, Jason D. Turner, J. Flint, Dianne Gardner, Simon Bowman, Adam P. Croft, Andrew Filer, B Fisher	Annals of the Rheumatic Diseases	https://doi.org/10.1136/annrheumdis-2024-eular.5434	0
BSBM-06 SINGLE-CELL SPATIAL ANALYSIS OF METASTATIC BRAIN TUMORS REVEALS INTRACELLULAR BACTERIAL SIGNAL AND THEIR CORRELATION WITH THE TUMOR MICROENVIRONMENT	2024-08-01	Golnaz Morad, Ashish Damani, Brenda Melendez, Bharat Singh, Matthew C. Wong, Pranoti Sahasrabhojane, Yasmine Hoballah, Fabiana J. Veguilla, Jillian Losh, Nadim J. Ajami, Sherise D. Ferguson, Jennifer A. Wargo	Neuro-Oncology Advances	https://doi.org/10.1093/noajnl/vdae090.005	0
Spatial Transcriptomics Profiling and Bulk RNA Sequencing to Assess Niches in End-Stage Silicosis	2025-09-27	Nebal Abu Hussein, Taylor Adams, Sabina Anderson, Mordechai R. Kramer, Fadi Nikola, Robert Robert, Alex Najjar, Prapti Sharma, Luning Yang, Y. Zhang, Xiting Yan, Barak Pertzov, Naftali Kaminski	Unknown Journal	https://doi.org/10.1183/13993003.congress-2025.pa6335	0
923 Deep single-cell, proteogenomic insights from SARS-CoV-2 infected lung tissues	2022-11-01	Arutha Kulasinghe, Chin Wee Tan, Ning Liu, James Monkman, Emily Killingbeck, Young Mi Kim, Liuliu Pan, Tony Blick, Dharmesh D. Bhuva, Kristen Feher, Michael Leon, Mark Gregory, Kirsty R. Short, Fernando Guimarães, Michael Rhodes, Gabrielle T. Belz, Melissa B. Davis	Regular and Young Investigator Award Abstracts	https://doi.org/10.1136/jitc-2022-sitc2022.0923	0
<i>Spatial Characterization of Molecular Pathways Suggests the Dysregulation of LGR5 Expressing Fibroblasts in Patients with sclerodermatous Chronic Graft-Vs-Host Disease</i>	2024-11-05	Marjia Afrin, Sahar Nasr, Cristabelle De Souza, Brooke E. Howitt, Antonia M.S. Mueller, Sally Arai, Judith A. Shizuru, Gerlinde Wernig	Blood	https://doi.org/10.1182/blood-2024-211863	0
Abstract A039: Repeat RNA mediated disruption of cellular plasticity in pancreatic cancer	2024-09-15	Eunae You, Patrick Danaher, Chenyue Lu, Siyu Sun, Luli S. Zou, Ildiko E. Phillips, Alexandra S. Rojas, Natalie I. Ho, Yuhui Song, Michael J. Raabe, Katherine Xu, Peter Richieri, Hao Li, N O Aston, Rebecca L. Porter, Bidish K. Patel, Linda T. Nieman, Nathan Schurman, Briana M. Hudson, Khrystyna North, S. Church, Vikram Deshpande, Andrew S. Liss, Tae‐im Kim, Yi Cui, Young‐Mi Kim, Benjamin D. Greenbaum, Martin J. Aryee, David T. Ting	Cancer Research	https://doi.org/10.1158/1538-7445.pancreatic24-a039	0
Abstract SY12-04: Multicellular spatial community featuring a novel neuronal-like malignant phenotype is enriched in pancreatic cancer after neoadjuvant chemotherapy and radiotherapy	2022-06-15	William L. Hwang, Karthik A. Jagadeesh, Jimmy A. Guo, Hannah I. Hoffman, Carina Shiau, Jennifer Su, Payman Yadollahpour, Jason Reeves, Youngmi Kim, Sean Kim, Mark Gregory, Prajan Divakar, Eric Miller, Michael Rhodes, Sarah Warren, Erroll H. Rueckert, Kit Fuhrman, Daniel R. Zollinger, Robin Fropf, Joseph Beechem, Arnav Mehta, Toni Delorey, Cristin McCabe, Jaimie L. Barth, Piotr Zelga, Cristina R. Ferrone, Motaz Qadan, Keith D. Lillemoe, Rakesh K. Jain, Jennifer Y. Wo, Theodore S. Hong, Ramnik J. Xavier, Orit Rozenblatt–Rosen, Andrew J. Aguirre, Carlos Fernández‐del Castillo, Andrew S. Liss, Mari Mino–Kenudson, David T. Ting, Tyler Jacks, Aviv Regev	Cancer Research	https://doi.org/10.1158/1538-7445.am2022-sy12-04	0
WORKSHOP: Spatial omics	2025-10-28	Frederick R. Jaya, Sarah Williams, Mitchell J. O’Brien, Nicholas Matigian, Amarinder Singh Thind, Ciccy Wang, Giorgia Mori	Zenodo (CERN European Organization for Nuclear Research)	https://doi.org/10.5281/zenodo.18168943	0
Identification of abnormal airway niches in the fibrotic lung using spatial transcriptomics	2024-03-01	A. Justet, Claudia Ravaglia, Angela Zhao, Niamh Adams, B. Agshin, Naftali Kaminski, Sara Tomasseti, Venerino Poletti	Revue des Maladies Respiratoires	https://doi.org/10.1016/j.rmr.2024.01.068	0
Mapping the Microenvironment: A Single-Cell Spatial Atlas of Diabetic Nephropathy	2024-10-01	Bernhard Dumoulin, Jonathan Levinsohn, Konstantin A. Kloetzer, Eunji Ha, Andi M. Bergeson, Katalin Suszták	Journal of the American Society of Nephrology	https://doi.org/10.1681/asn.2024drdrywbz	0
Abstract 5498: Multi-modal examination of spatial heterogeneity in the astrocytoma microenvironment	2024-03-22	Joel J D Moffet, Jurgen Kriel, Tianyao Lu, Lutz Freytag, James R. Whittle, Sarah A. Best, Saskia Freytag	Cancer Research	https://doi.org/10.1158/1538-7445.am2024-5498	0
962 Single-cell spatial in situ transcriptomics unravels vulvar HSIL composition associated with complete response to therapeutic vaccination	2023-10-31	Ziena Abdulrahman, Mariëtte I.E. van Poelgeest, Marij J.P. Welters, Sjoerd van der Burg	Regular and Young Investigator Award Abstracts	https://doi.org/10.1136/jitc-2023-sitc2023.0962	0
WORKSHOP: Spatial omics	2025-10-28	Frederick R. Jaya, Sarah Williams, Mitchell J. O’Brien, Nicholas Matigian, Amarinder Singh Thind, Ciccy Wang, Giorgia Mori	Zenodo (CERN European Organization for Nuclear Research)	https://doi.org/10.5281/zenodo.18168944	0
Abstract B118: Investigating the tumor microenvironment’s role in lineage fate determination in pancreatic ductal adenocarcinoma	2025-09-28	Joshua Muscat, Eva C. Freckmann, Anastasios D. Papanastasiou, Jennifer P. Morton, Crispin Miller	Cancer Research	https://doi.org/10.1158/1538-7445.pancreatic25-b118	0
Abstract 6297: Mapping cellular interactions from spatially resolved transcriptomics data	2025-04-21	James Zhu, Y. Wang, Woo Yong Chang, Alicia Malewska, Fabiana Napolitano, Jeffrey Gahan, Nisha Unni, Min Zhao, Rongqing Yuan, Fangjiang Wu, Lauren Yue, Lei Guo, Zhuo Zhao, Danny Z. Chen, Raquibul Hannan, Siyuan Zhang, Guanghua Xiao, Ping Mu, Ariella B. Hanker, Douglas W. Strand, Carlos L. Arteaga, Neil Desai, Xinlei Wang, Yang Xie, Tao Wang	Cancer Research	https://doi.org/10.1158/1538-7445.am2025-6297	0
Abstract 4368563: Progression of Fontan Associated Liver Disease (FALD) Leads to a Metabolic Transformation in Hepatocytes	2025-11-03	Brandon M. Lehrich, Vik Meadows, Caleb Watson, Jordann Lewis, Lori Schmitt, Mylarappa Ningappa, Catherine K. Gestrich, Victor O. Morell, Rakesh Sindhi, Shveta Monga, Anita Saraf	Circulation	https://doi.org/10.1161/circ.152.suppl_3.4368563	0
EXTH-73. TARGETING THE CELL ADHESION CLUSTER OF DIFFERENTIATION 44 TRANSMEMBRANE GLYCOPROTEIN SENSITIZES CRANIOPHARYNGIOMAS TO IMMUNOTHERAPY	2024-11-01	Alejandro Luján Feliu‐Pascual, Jayati Chakrabarti, Jennifer Eschbacher, Gabriel Zada, Albert Kim, Andrew Little, Sandro Santagata, Yana Zavros	Neuro-Oncology	https://doi.org/10.1093/neuonc/noae165.1003	0
Spatial transcriptomic profiling of metastatic renal cell carcinoma identifies chemokine-driven macrophage and CD8+ T-cell interactions predictive of immunotherapy response	2025-10-01	Charis Kalogirou, Markus Krebs, Andreas Steven Kunz, Oliver Hahn, Hubert Kübler, Marcel Schwinger, Arndt Hartmann, Astrid Schmieder, Markus Eckstein	Journal for ImmunoTherapy of Cancer	https://doi.org/10.1136/jitc-2025-012991	0
Obesity-Driven Fibroblast Remodelling in Intestinal Fibrosis: A Multi-Omic Approach	2026-01-01	M F Nani	Journal of Crohn s and Colitis	https://doi.org/10.1093/ecco-jcc/jjaf231.1584	0
#271 Tubular epithelial cells are the primary source of Flt3L in acute kidney injury, independent of immune cells	2025-10-01	Na Li, Stefanie Steiger, Zhihua Zheng, Yun Chen	Nephrology Dialysis Transplantation	https://doi.org/10.1093/ndt/gfaf116.0968	0
LSO-101 A spatially-resolved single cell resolution atlas of pediatric lupus nephritisuncovers complex interactions between stromal and infiltrating immune cells	2023-07-01	Sarah K. Baxter, Patrick Danaher, Daryl M. Okamura, Shaun W. Jackson	Unknown Journal	https://doi.org/10.1136/lupus-2023-kcr.83	0
Data from &lt;i&gt;In Situ&lt;/i&gt; Proinflammatory Effects of Dazostinag Alone or with Chemotherapy on the Tumor Microenvironment of Patients with Head and Neck Squamous Cell Carcinoma	2025-07-30	Richard C. Gregory, Neil Lineberry, Alexander Parent, Karthik Rajasekaran, Thomas J. Ow, Cherie‐Ann O. Nathan, Beryl A. Hatton, Wendy Jenkins, Marc Grenley, Connor Burns, Angela Merrell, Jason P. Frazier, Jonathan M.J. Derry, Emily Beirne, Richard A. Klinghoffer	Unknown Journal	https://doi.org/10.1158/2767-9764.c.7955881	0
582 Spatial profiling reveals architecture difference between primary and lung metastatic ccRCC	2024-11-01	Yufei Wang, Jae-Won Cho, Yasmin Nabil Laimon, Aseman Sheshdeh Bagheri, Nithyassree Murugan, Hsien-Chi Yuan, Jon O. Wee, Wenxin Xu, David A. Braun, Toni K Choueiri, Catherine J. Wu, Sabina Signoretti, Gordon J. Freeman, Martin Hemberg, Wayne A. Marasco	Regular and Young Investigator Award Abstracts	https://doi.org/10.1136/jitc-2024-sitc2024.0582	0
Abstract Tu0025: Single cell and spatial multi-Omics show the Regulation and Therapeutic Potential of Venous Smooth Muscle Cell Reprogramming during Arteriovenous Fistula Remodeling	2025-04-01	Song Dong, Chunhui Wang, Carly Thaxton, Arthur J. Lowery, Lily Liu, xiaoliang wu, William B. Bryant, xWeix xZhangx, Laisel Martinez, Kunzhe Dong, Yanfang Peipei Zhu, Wantien Chiang, Harold A. Singer, Alan Dardik, Roberto I. Vázquez-Padrón, Xiaochun Long	Arteriosclerosis Thrombosis and Vascular Biology	https://doi.org/10.1161/atv.45.suppl_1.tu0025	0
Abstract 76: Characterization of the Cerebral Aneurysm Microenvironment Using Spatial Multiomics	2025-01-30	Tanyeri Barak, Batur Gültekin, Deniz Kılıç, Timuçin Avşar, Danielle Miyagishima, Can Kivrak, Ayse Buket Peksen, Ana Gutierrez, Cihat Karadağ, Kanat Yalcin, A. Gulhan Ercan‐Sencicek, Declan McGuone, Yaşar Bayri, Türker Kılıç, Murat Günel	Stroke	https://doi.org/10.1161/str.56.suppl_1.76	0
Abstract 770: ccRCC metastasis rewires tumor microenvironment to increase immunosuppression and fibrosis	2025-04-21	Yufei Wang, Jae-Won Cho, Yasmin Nabil Laimon, Wenxin Xu, Aseman Sheshdeh Bagheri, Nithyassree Murugan, Hsien-Chi Yuan, Jon O. Wee, David Braun, Toni K. Choueiri, Catherine J. Wu, David F. McDermott, Gordon J. Freeman, Martin Hemberg, Wayne A. Marasco	Cancer Research	https://doi.org/10.1158/1538-7445.am2025-770	0
Early IPF is Characterized by a Dramatic Shift of the Epithelial and Endothelial Populations Within the Alveolar Niche	2025-05-01	A. Justet, T. Adams, Johad Khoury, A. Balayev, N. Abu Hussein, Jonas C. Schupp, Angela Zhao, Edward P. Manning, Farida Ahangari, Yan Xia, Claudia Ravaglia, S. Tomassetti, V. Poletti, Naftali Kaminski	American Journal of Respiratory and Critical Care Medicine	https://doi.org/10.1164/ajrccm.2025.211.abstracts.a7109	0
Abstract 6622: Developing spatial molecular correlates of response to immunotherapy in kidney cancer	2023-04-04	Kathryn E. Beckermann, Scott M. Haake, Alex Nesta, Michael Caponegro, Nanguneri Nirmala, Anupama Reddy	Cancer Research	https://doi.org/10.1158/1538-7445.am2023-6622	0
161 Single-cell spatial in situ transcriptomics unravels vulvar HSIL composition associated with complete response to therapeutic vaccination	2022-11-01	Ziena Abdulrahman, Mariette IE van Poelgeest, Marij JP Welters, Sjoerd H. van der Burg	Regular and Young Investigator Award Abstracts	https://doi.org/10.1136/jitc-2022-sitc2022.0161	0
MEM-GAN: A Pseudo Membrane Generator for Single-cell Imaging in Fluorescent Microscopy	2023-11-13	Yixin Wang, Jiayuan Ding, Lidan Wu, Aster Wardhani, Patrick Danaher, Wenzhuo Tang, Hongzhi Wen, Qiaolin Lu, Yi Chang, Yu L. Lei, Jiliang Tang, Yuying Xie	Unknown Journal	https://doi.org/10.1101/2023.11.08.566343	0
543 Integrated single-cell and spatial analysis of immune cell interactions in response to immune checkpoint blockade	2024-11-01	Athena Golfinos-Owens, Taja Ložar, P. Khatri, Rong Hu, Paul F. Lambert, Megan B. Fitzpatrick, Huy Q. Dinh	Regular and Young Investigator Award Abstracts	https://doi.org/10.1136/jitc-2024-sitc2024.0543	0
Single cell characterization of uterine carcinosarcoma and analysis of transcriptomic shifts in tumor-associated macrophages in metastatic and chemotherapy-treated tumors.	2025-05-28	Corrine A. Nief, Sabrina Zdravkovic, Sahar Nasr, Phoebe M. Hammer, Brooke E. Howitt	Journal of Clinical Oncology	https://doi.org/10.1200/jco.2025.43.16_suppl.e17615	0
1231 Foundation models of cell and tissue biology enabled by custom scaled data generation: insights from 1000 lung tumor samples	2024-11-01	Lacey J Padron, Daniel Bear, E. Margalit, Hargita Kaplan, Tyler Van Hensbergen, Meena Subramaniam, Rodney Collins, Lucas Cavalcante, David Gómez de Antonio, Katie Campbell, Maxime Dhainaut, Francis Fernandez, Eric Siefkas, Karen Dutton, Salvatore R. Goodwin, Yubin Xie, Joy S. Tea, Jacob Günther Schmidt, Professor Y. Jay Guo, Carl Ebeling, Nicole Snell, Shafique N. Virani, Jacob Rinaldi, Ronald Alfa	Regular and Young Investigator Award Abstracts	https://doi.org/10.1136/jitc-2024-sitc2024.1231	0
113 A single-cell spatially resolved atlas of immune-mediated control of lung adenocarcinoma	2023-10-31	Tito Panciera, Francesca Zanconato, Michelangelo Cordenonsi, Mattia Forcato, Giada Vanni, Silvio Bicciato, Julian Preciado, Saskia Ilcisin, Katrina van Raay, Margaret L. Hoang, Michael Patrick, Shanshan He, Joseph Beechem, Stefano Piccolo	Regular and Young Investigator Award Abstracts	https://doi.org/10.1136/jitc-2023-sitc2023.0113	0
Applying Single-Cell Spatial Profiling to Assess Niches in Human Fibrotic Silica Lung	2025-05-01	Nebal Abu Hussein, T. Adams, Seth Anderson, Mordechai R. Kramer, F. Nekola, Robert Homer, A. Najjar, Prabin Sharma, Roberto Rangel, Liyan Yang, Y. Zhang, Xiting Yan, Barak Pertzov, Naftali Kaminski	American Journal of Respiratory and Critical Care Medicine	https://doi.org/10.1164/ajrccm.2025.211.abstracts.a5093	0
Abstract 6763: Spatial profiling of cancer-associated fibroblasts in non-small cell lung cancer	2023-04-04	Yunhe Liu, Guangchun Han, Enyu Dai, Guangsheng Pei, Jiahui Jiang, Humam Kadara, Linghua Wang	Cancer Research	https://doi.org/10.1158/1538-7445.am2023-6763	0
Abstract 1283: Digital spatial profiling of metastatic brain tumors reveals association of the tumor microbiome with immune alterations in the tumor microenvironment	2024-03-22	Golnaz Morad, Ashish Damania, Brenda Melendez, Matthew C. Wong, Pranoti Sahasrabhojane, Sarah B. Johnson, Manoj Chelvanambi, Florentia Dimitriou, Jillian Losh, Nadim J. Ajami, Sherise D. Ferguson, Jennifer A. Wargo	Cancer Research	https://doi.org/10.1158/1538-7445.am2024-1283	0
A Tale of Two Epidemics: A Transcriptomic Study of Fentanyl Effects on Type II Diabetes	2025-05-01	Megan Pater, Grant R. Kolar, Joshua D. Stafford, Willis K. Samson, Gina L. C. Yosten	Physiology	https://doi.org/10.1152/physiol.2025.40.s1.0489	0
861 Multimodal foundation model of human lung tumors identifies tertiary lymphoid structures (TLS) and reveals novel therapeutic targets that promote anti-tumor immune response	2024-11-01	Peipei Guo, E. Margalit, David G. Bear, David Gómez de Antonio, Yubin Xie, Meena Subramaniam, Lucas de Sousa Cavalcante, Maxime Dhainaut, Jacob Günther Schmidt, Hargita Kaplan, Rodney Collins, Francis Fernandez, Joy S. Tea, Eric Siefkas, Karen Dutton, Tyler Van Hensbergen, Shannon Goodwin, Cory Ebeling, Noel Snell, Shafique N. Virani, Ronald W. Alfa, Lacey Padrón, Jacob Rinaldi	Regular and Young Investigator Award Abstracts	https://doi.org/10.1136/jitc-2024-sitc2024.0861	0
Abstract B076: Morphological diversity predicts functional traits in pancreatic cancer	2024-09-15	Dennis Gong, William L. Hwang	Cancer Research	https://doi.org/10.1158/1538-7445.pancreatic24-b076	0
SAT-075 Revealing the Heterogeneity and Behavior of Pituitary Neuroendocrine Tumors in Cushing’s Disease Patients using Spatial Multiomics	2024-10-01	Jayati Chakrabarti, Norman Garrett, Kyle Hurth, John D. Carmichael, Mark S. Shiroishi, Dan Weisenberger, Edward R. Laws, Craig Horbinski, Ana Valeria Castro, Jennifer Eschbacher, Andrew S. Little, Yana Zavros, Gabriel Zada	Journal of the Endocrine Society	https://doi.org/10.1210/jendso/bvae163.2394	0
Abstract 4700: Spatial analysis of the immune microenvironment and tumor cell transition in sarcomatoid renal cell carcinoma	2023-04-04	Allison M. May, Claire Williams, Stephanie The, Sean Kim, Nathan Schurman, Greg Shelley, Tyler Robinson, Simpa S. Salami, Rohit Mehra, Aaron M. Udager, Evan T. Keller	Cancer Research	https://doi.org/10.1158/1538-7445.am2023-4700	0
EPITHELIAL TO MESENCHYMAL TRANSITION (EMT) AND PD-1/PD-L1 SIGNALING PROVIDE RECIPROCAL FEEDBACK IN RENAL CELL CARCINOMA PROGRESSION WITH IMPLICATIONS FOR IMMUNOTHERAPY RESPONSE	2024-03-01	Matthew D. Wainstein, Jake McGue, Tyler Robinson, Rohit Mehra, Simpa S. Salami, Timothy L. Frankel, Aaron M. Udager, Evan T. Keller, Allison M. May, Jonathan H. Jiang	Urologic Oncology Seminars and Original Investigations	https://doi.org/10.1016/j.urolonc.2024.01.048	0
8773 CD44 Variant Isoforms Expressed Within PAX7/SOX2-Positive Pituitary Neuroendocrine Tumors Attribute To Therapy Resistance And Recurrence Of Cushing’s Disease	2024-10-01	Jayati Chakrabarti, Jennifer Eschbacher, Saptarshi Mallick, Elisabeth Ferris, Beth Hermes, Andrew Little, Yana Zavros	Journal of the Endocrine Society	https://doi.org/10.1210/jendso/bvae163.2142	0
Abstract PS3-04-16: Decoding resistance to trastuzumab deruxtecan in metastatic breast cancer: S100P signaling and immune-niche barriers	2026-02-17	G. Das, S. Wang, C. Xue, Matthew Vasquez, W. Yang, L. Xiaoxian, H. Zhao, W. Dong, S. T. Wong	Clinical Cancer Research	https://doi.org/10.1158/1557-3265.sabcs25-ps3-04-16	0
8773 CD44 Variant Isoforms Expressed Within PAX7/SOX2-Positive Pituitary Neuroendocrine Tumors Attribute to Therapy Resistance and Recurrence of Cushing’s Disease	2024-10-01	Jayati Chakrabarti, Jennifer Eschbacher, Saptarshi Mallick, Elisabeth Ferris, Beth Hermes, Andrew Little, Yana Zavros	Journal of the Endocrine Society	https://doi.org/10.1210/jendso/bvae163.2226	0
Characterization of breast tumors and the tumor immune landscape in young, diverse participants of the Northern California Breast Cancer Family Registry.	2025-05-28	M McClure, Lise Mangiante, Brennan Simon, Clemens L. Weiss, Zhicheng Ma, Jocelyn Koo, Julia D. Ransohoff, Esther M. John, Christina Curtis, Jennifer L. Caswell‐Jin, Allison W. Kurian	Journal of Clinical Oncology	https://doi.org/10.1200/jco.2025.43.16_suppl.e12551	0
1276 Spatial mapping of intra-tumoral bacterial signal in primary and metastatic brain tumors	2024-11-01	Golnaz Morad, Ashish Damania, Brenda Melendez, Bharat Singh, Matthew C. Wong, Pranoti Sahasrabhojane, Yasmine Hoballah, Fabiana J. Veguilla, Sarah B. Johnson, Mahesh Prasad Bekal, Antonio Dono, P. Rojas, Jillian Losh, Nitin Tandon, Yael Levy, Susan Bullman, Nadim J. Ajami, Sherise D. Ferguson, Jennifer A. Wargo	Regular and Young Investigator Award Abstracts	https://doi.org/10.1136/jitc-2024-sitc2024.1276	0
Abstract B045: Single cell spatial transcriptomics identifies unique cell populations driving muscle invasive prostate adenocarcinoma	2026-01-20	Saptarshi Mallick, Rafael Sainz, Jayati T Chakrabarti, Kendra D. Marr, Noel A. Warfel, Gregory C. Rogers, Beatrice S. Knudsen, Rashid K. Sayyid, Kelvin W. Pond, Anne E. Cress	Cancer Research	https://doi.org/10.1158/1538-7445.prostateca26-b045	0
PROFILING THE TUMOR IMMUNE MICROENVIRONMENT OF PAPILLARY RENAL CELL CARCINOMA	2024-03-01	Mitchell Hayes, Kirill Sabitov, Alex C. Soupir, Taylor Peak, Jonathan V. Nguyen, Carlos Moran Segura, Daryoush Saeed‐Vafa, Neale Lopez-Blanco, Paola M. Ramos Echevarria, Jodi Balasi, Jasreman Dhillon, Young‐Chul Kim, James J. Mulé, Brooke L. Fridley, Brandon J. Manley, Christopher Guske	Urologic Oncology Seminars and Original Investigations	https://doi.org/10.1016/j.urolonc.2024.01.049	0
Abstract PS4-07-08: Spatial transcriptomics of TNBCs show an association between HOXB13 expression and formation of a plasmablast-rich neighborhood	2026-02-17	B. Flood, Cole Nawrocki, Xiaobai Li, Kai Treuner, Y. Zhang, D. Sgroi	Clinical Cancer Research	https://doi.org/10.1158/1557-3265.sabcs25-ps4-07-08	0
Concurrent GLP1R-agonist use with chemoimmunotherapy for early-stage triple-negative breast cancer.	2025-05-28	Bethania Santos, Ishrat Durdana, Heather L. McArthur, Felipe Segato Dezem, Hannah Chasteen, Maycon Marção, Jasmine Plummer, Alexis LeVee, Megan Hoikei Wong, Joanne Mortimer, Joshua J. Gruber	Journal of Clinical Oncology	https://doi.org/10.1200/jco.2025.43.16_suppl.1115	0
Caractérisation des clusters de lymphocytes T CD8+, T régulateurs FoxP3+ et des neutrophiles CD66b+ dans le cancer broncho-pulmonaire et son impact dans l'immunothérapie	2022-12-12	Yoan Velut	theses.fr (ABES)		0
Abstract 153: High-resolution profiling of the tumor microenvironment with spatial ecotypes	2025-04-21	Wubing Zhang, Erin L. Brown, Abul Usmani, Noah Earland, Hyun Soo Jeon, Irfan Alahi, Nicholas P. Semenkovich, Janella C. Schwab, Chloé B. Steen, Chloe M. Sachs, Bilge Gungoren, Faridi Qaium, Peter K. Harris, Jacqueline L. Mudd, Qingyuan Cai, Antonella Bacchiocchi, Ryan C. Fields, Mario Sznol, Ruth Halaban, David Y. Chen, Aadel A. Chaudhuri, Aaron M. Newman	Cancer Research	https://doi.org/10.1158/1538-7445.am2025-153	0
Role of cell-intrinsic C5AR1 in colorectal cancer survival and chemoresistance.	2026-01-10	Ashley Carlo, Raju Shivarathri, Adela Karuli, Richa Mandrekar, Anastasia Zenkevich, Chen-Hua Ma, Kar Fai Chow, Alvin P. Makohon-Moore, Kevin Tong, Jigar V. Desai	Journal of Clinical Oncology	https://doi.org/10.1200/jco.2026.44.2_suppl.225	0
Abstract A002: <i>In situ</i> KRAS-mapping and spatial-omics characterization in lung premalignancy	2025-12-04	Amanda Lindberg, Bartosz Kamil Sobocki, Patrick Micke, Carina Strell	Cancer Research	https://doi.org/10.1158/1538-7445.canevol25-a002	0
OP0009 SPATIAL TRANSCRIPTOMIC-BASED PHENOTYPING OF THE FIBROBLAST NICHES IN SYSTEMIC SCLEROSIS-ASSOCIATED PRIMARY HEART INVOLVEMENT	2025-06-01	A. Micu, A. E. Matei, Yanjun Li, Ann‐Christin Pecher, T. Filla, J. Henes, M. Eckstein, Karin Klingel, J. Distler, Andrea‐Hermina Györfi	Annals of the Rheumatic Diseases	https://doi.org/10.1016/j.ard.2025.05.032	0
A spatial atlas of colorectal cancer reveals the influence of stromal niches on tumour differentiation	2025-12-11	Andrew Pattison, Rebekah Engel, Wing Hei Chan, Spencer Greatorex, David Nickless, Liam Skinner, Camilla Cohen, Julie Hickey, Christine Georges, Anne Fletcher, Paul J. McMurrick, Thierry Jardé, Lochlan Fennell, Helen E. Abud	Unknown Journal	https://doi.org/10.64898/2025.12.09.693138	0
Abstract 3988: Deep spatial immunophenotyping of lymphoid aggregates in pancreatic cancer using multi-omic integration of ultra high-plex proteomics and transcriptomics	2024-03-22	Dennis Gong, Jingyi Cao, Z. Peter Wang, Niyati Jhaveri, Yue Hou, Bassem Ben Cheikh, HaYeun Ji, Mark Gregory, Jason Reeves, Michael Patrick, Carina Shiau, Jennifer Su, Jimmy A. Guo, Joseph Beechem, Martin Hemberg, William L. Hwang, Ryan J. Park	Cancer Research	https://doi.org/10.1158/1538-7445.am2024-3988	0
Abstract 2083: Activated fibroblasts in benign breast tissue are associated with subsequent breast cancer development	2025-04-21	Nicole Cruz-Reyes, P. W. Westerman, Matilde Rossi, Camila Pacheco Erak, Melody Stallings Mann, Bryan M. McCauley, Robert A. Vierkant, Stacey J. Winham, Mark E. Sherman, Amy C. Degnim, Derek C. Radisky	Cancer Research	https://doi.org/10.1158/1538-7445.am2025-2083	0
Abstract 7394: Delineating spatial expression signatures of lung adenocarcinoma subtypes from spatial single-cell transcriptomics using graph neural networks	2024-03-22	Arun Das, Md Musaddaqul Hasib, Zhentao Liu, Wen Meng, Yu‐Chiao Chiu, Gabriel Sica, Shou‐Jiang Gao	Cancer Research	https://doi.org/10.1158/1538-7445.am2024-7394	0
Abstract PR014: Macrophage induced epithelial to mesenchymal transition in sarcomatoid renal cell carcinoma	2023-08-15	Allison M. May, Claire Williams, Stephanie The, Jake McGue, Sean Kim, Nathan Schurman, Greg Shelley, Tyler Robinson, Simpa S. Salami, Rohit Mehra, Timothy L. Frankel, Aaron M. Udager, Evan T. Keller	Cancer Research	https://doi.org/10.1158/1538-7445.kidney23-pr014	0
Abstract 1077: Visualization and analysis of cancer genomics data using UCSC Xena	2025-04-21	Mary J. Goldman, Brian Craft, Chen‐Ju Lin, Jingchun Zhu	Cancer Research	https://doi.org/10.1158/1538-7445.am2025-1077	0
Computational Analysis and Statistical Methods in Spatial Transcriptomics and Neuroimaging	2024-01-01	Yijun Li	Deep Blue (University of Michigan)	https://doi.org/10.7302/25075	0
Abstract A028: Multiomic modelling of pancreatic IPMN stroma reveals distinct tertiary lymphoid structure distribution: Mapping the transcriptomic landscape via regional bulk, single-cell and subcellular approaches	2024-01-16	Andrew J. Cameron, Assya Legrini, Colin S. Wood, Craig Nourse, Yoana Doncheva, Claire Kennedy Dietrich, Colin Nixon, Jennifer Hay, Fraser R. Duthie, Pawel Herzyk, Jennifer P. Morton, Nigel B. Jamieson	Cancer Research	https://doi.org/10.1158/1538-7445.panca2023-a028	0
Abstract B106: Spatially-constrained optimal transport interaction analysis reveals therapy-associated remodeling in the pancreatic cancer microenvironment	2024-01-16	Carina Shiau, Jingyi Cao, Mark Gregory, Dennis Gong, Xunqin Yin, Jae-Won Cho, Peter L. Wang, Jennifer Su, Steven Wang, Jason Reeves, Tae Kyoung Kim, Youngmi Kim, Jimmy A. Guo, Nicole A. Lester, Jamie L. Barth, Tyler Jacks, Theodore S. Hong, Joseph Beechem, Carlos Fernández‐del Castillo, Mari Mino–Kenudson, David T. Ting, Martin Hemberg, William L. Hwang	Cancer Research	https://doi.org/10.1158/1538-7445.panca2023-b106	0
Abstract 166: Spatial subtypes and cellular interactions of cancer-associated fibroblasts revealed by single-cell spatial omics	2025-04-21	Yunhe Liu, Ansam Sinjab, Jimin Min, Guangchun Han, Francesca Paradiso, Yuanyuan Zhang, Yang Liu, Ruiping Wang, Guangsheng Pei, Kyung Serk Cho, Enyu Dai, Akshay Basi, Jared K. Burks, Kimal Rajapakshe, Yanshuo Chu, Jiahui Jiang, Daiwei Zhang, Xinmiao Yan, Paola A. Guerrero, Alejandra G. Serrano, Mingyao Li, Tae Hyun Hwang, P. Andrew Futreal, Jaffer A. Ajani, Luisa M. Solis Soto, Amir A. Jazaeri, Humam Kadara, Anirban Maitra, Linghua Wang	Cancer Research	https://doi.org/10.1158/1538-7445.am2025-166	0
PD17-12 SPATIAL MOLECULAR IMAGING IN SARCOMATOID RENAL CELL CARCINOMA REVEALS CROSSTALK BETWEEN IMMUNE CELLS AND TUMOR CELLS	2023-03-23	Allison May, Claire Williams, Stephanie The, Sean Kim, Nathan Schurman, Greg Shelley, Tyler D. Robinson, Simpa S. Salami, Rohit Mehra, Aaron M. Udager, Evan T. Keller	The Journal of Urology	https://doi.org/10.1097/ju.0000000000003272.12	0
Abstract 1163: Increased spatial coupling of integrin and collagen IV in the immunoresistant clear cell renal cell carcinoma tumor microenvironment	2024-03-22	Alex C. Soupir, Mitchell Hayes, Taylor Peak, Oscar E. Ospina, Nicholas H. Chakiryan, Anders Berglund, Paul A. Stewart, Jonathan V. Nguyen, Carlos Moran Segura, Natasha Francis, Paola M. Ramos-Echevarría, Jad Chahoud, Roger Li, Kenneth Y. Tsai, Jodi Balasi, Yamila Caraballo-Perez, Jasreman Dhillon, Lindsey A. Martinez, Warren E. Gloria, Nathan Schurman, Sean Kim, Mark Gregory, James J. Mulé, Brooke L. Fridley, Brandon J. Manley	Cancer Research	https://doi.org/10.1158/1538-7445.am2024-1163	0
Abstract B117: Intraductal Papillary Mucinous Neoplasm Cellular Plasticity Linked with Repeat Element Dysregulation	2025-09-28	Amaya Pankaj, Michael J. Raabe, Yuhui Song, Bidish K. Patel, Katherine Xu, Joshua R. Kocher, Peter Richieri, Nicholas J Caldwell, Peiyun Ni, Maria Ganci, Linda T. Nieman, M. Lisa Zhang, Mari Mino-Kenudson, Vikram Deshpande, Nabeel Bardeesy, Carlos Fernández-del Castillo, Martin J. Aryee, David T. Ting, Yasmin G. Hernandez‐Barco	Cancer Research	https://doi.org/10.1158/1538-7445.pancreatic25-b117	0
Genome-Scale High-Resolution Spatial Mapping of the Pro-Tumorigenic Cellular Niche in Classic Hodgkin Lymphoma	2023-11-02	Vignesh Shanmugam, Neriman Tokcan, Daniel Chafamo, Sean D. Sullivan, Haley Martin, Gail Newton, Mehdi Borji, Naeem Nadaf, Irving Barrera, Dylan Cable, Jackson A. Weir, Orr Ashenberg, Caroline Uhler, Geraldine Pinkus, Scott J. Rodig, Margaret A. Shipp, Evan Z. Macosko, Abner Louissaint, Fei Chen, Todd R. Golub	Blood	https://doi.org/10.1182/blood-2023-185522	0
PD16-05 EPITHELIAL TO MESENCHYMAL TRANSITION (EMT) AND PD-1/PD-L1 SIGNALING PROVIDE RECIPROCAL FEEDBACK IN RENAL CELL CARCINOMA PROGRESSION WITH IMPLICATIONS FOR IMMUNOTHERAPY RESPONSE	2024-04-15	Allison M. May, Matthew Wainstein, Jake McGue, Tyler Robinson, Rohit Mehra, Simpa S. Salami, Timothy L. Frankel, Aaron M. Udager, Evan T. Keller	The Journal of Urology	https://doi.org/10.1097/01.ju.0001009560.23593.56.05	0
Abstract C021: Characterizing the clinicopathological, genomic and spatial transcriptomic features of colibactin-induced colorectal cancers	2025-12-10	Peter Georgeson, Jihoon E. Joo, Alysha Prisc, Lochlan Fennell, Liam Skinner, Bernard J. Pope, Khalid Mahmood, Romy Walker, Mark Clendenning, Julia Como, Natalie Diepenhorst, Julie McDonald, Finlay Macrae, Christophe Rosty, Ingrid Winship, Amanda I. Phipps, Mark A. Jenkins, Annette Peters, Daniel D. Buchanan	Clinical Cancer Research	https://doi.org/10.1158/1557-3265.earlyonsetca25-c021	0
PD16-04 SPATIAL ANALYSIS OF PRIMARY AND METASTATIC LESIONS IN SARCOMATOID RENAL CELL CARCINOMA REVEALS INSIGHT TO TUMOR BIOLOGY AND IMMUNE MICROENVIRONMENT	2024-04-15	Allison M. May, Claire Williams, Shaye Hagler, Michael McNiff, Tyler Robinson, Simpa S. Salami, Aaron M. Udager, Evan T. Keller	The Journal of Urology	https://doi.org/10.1097/01.ju.0001009560.23593.56.04	0
Modulating Profibrotic Macrophages for Targeted Treatment of Fibrotic Lung Disease	2025-01-01	Naiel, Safaa	MacSphere (McMaster University)		0
Primary central nervous system lymphoma reveals a pro-tumoral brain-specific myeloid landscape.	2025-11-03	Shalaka Joshi, María V. Revuelta, Nahuel Zamponi, Khouloud Kouidri, Federico Ruiz Moreno, Giorgio Inghirami, Ari Melnick, Leandro Cerchietti	Blood	https://doi.org/10.1182/blood-2025-145	0
Mapping spatial organization in ovarian cancer uncovers drivers of immune evasion	2023-09-07	Christine Y. Yeh, Karmen Aguirre, Olivia Laveroni, Subin Kim, Aihui Wang, Brooke Liang, Xiaoming Zhang, Lucy M. Han, Raeline Valbuena, Sylvia K. Plevritis, Michael C. Bassik, M Snyder, Brooke E. Howitt, Livnat Jerby‐Arnon	Zenodo (CERN European Organization for Nuclear Research)	https://doi.org/10.5281/zenodo.8327118	0
Abstract PS2-07-28: Immune microenvironment features of germline mutation-associated breast tumors revealed by single-molecule imaging in the Breast Cancer Family Registry	2026-02-17	M. B. McClure, Lise Mangiante, C. Weiss, Z. Ma, J. Koo, E. M. John, Christina N. Curtis, J. Caswell-Jin, A. W. Kurian	Clinical Cancer Research	https://doi.org/10.1158/1557-3265.sabcs25-ps2-07-28	0
Abstract PS2-11-25: Paracrine FGFR activation by stromal signals and its association with immune infiltration in breast cancer	2026-02-17	Lise Mangiante, Z. Ma, Clemens L G Weiss, M. Shaw, Brennan Simon, S. Mouron, Geoffrey Bean, Miguel Quintela-Fandiño, C. Curtis, Jennifer L. Caswell‐Jin	Clinical Cancer Research	https://doi.org/10.1158/1557-3265.sabcs25-ps2-11-25	0
Abstract B038: Inflammatory spatial niches distinguished by antigen presentation and interferon response programs explain the high immune response rate of desmoplastic melanoma: Comparison of biopsies from SWOG S1512 and S1616	2026-02-18	Daniel Chen, Amanda Truong, Nataly Naser Al Deen, Cynthia R. Gonzalez, Ignacio Baselga-Carretero, Jia Ming Chen, Kari Kendra, Zeynep Eroglu, Siwen Hu-Lieskovan, Ari M. Vanderwalde, David A. Wada, J.A. Plaza, Michael C. Wu, Philip O. Scumpia, A. Ribas, Katie M. Campbell	Cancer Immunology Research	https://doi.org/10.1158/2326-6074.io2026-b038	0
Abstract P2-11-01: Comprehensive spatially resolved single-cell analysis of immunotypes in triple-negative breast cancer revealed the central role of intratumoral MHC class II expressions	2025-06-13	Yi Liu	Clinical Cancer Research	https://doi.org/10.1158/1557-3265.sabcs24-p2-11-01	0
P0055 Novel KRT17+ epithelium-neutrophil interactions emerge in inflamed IBD mucosa	2026-01-01	I Dotti, Marisol Veny, A Sanzo Machuca, Victòria Gudiño, M Moro Buendia, Lori Robbins, E Melón-Ardanaz, A Carrasco, Sandra Lopez-Prades, M Cuatrecasas, E Ricart Gomez, A Salas	Journal of Crohn s and Colitis	https://doi.org/10.1093/ecco-jcc/jjaf231.236	0
Ruxolitinib increases immunogenicity and primes the tumor microenvironment for immune checkpoint blockade in 9p24.1 amplified lymphomas	2025-11-03	Seda S. Tolu, Ted B. Piorczynski, Manuel Pazos, Brian Estrella, Aleksandar Obradović, Hua‐Jay J. Cherng, Barbara Pro, Jennifer E. Amengual	Blood	https://doi.org/10.1182/blood-2025-3558	0
Abstract PD2-04: Tumor Heterogeneity in the transATAC Breast Cancer Spatial Single Cell Atlas	2026-02-17	E. F. Schuster, I. T. Kleijn, Kathryn Dunne, R. Sardinha, E. O'Neill, G. Latifi, C. Kennedy-Dietrich, N. B. Jamieson, Jack Cuzick, A. R. Brentnall, Ian E. Smith, S. R. Johnston, N. C. Turner	Clinical Cancer Research	https://doi.org/10.1158/1557-3265.sabcs25-pd2-04	0
Abstract PS03-03: The spatially resolved single-cell atlas of the tumor immune architecture revealed the central role of IFN-alpha and plasmacytoid dendritic cells in triple-negative breast cancer in the Mayo Clinic cohort and FinXX trial	2024-05-02	Saranya Chumsri, Yi Liu, Yaohua Ma, Jodi M. Carter, Mark Gregory, S. Church, Jason Reeves, Heather Ann Brauer, Sarah Warren, Heikki Joensuu, Edith Perez, Roberto A. Leon‐Ferre, David W. Hillman, Judy C. Boughey, James N. Ingle, Krishna R. Kalari, Fergus J. Couch, Matthew P. Goetz, Keith L. Knutson, E. Aubrey Thompson	Cancer Research	https://doi.org/10.1158/1538-7445.sabcs23-ps03-03	0
PD16-02 INCREASED SPATIAL COUPLING OF INTEGRIN AND COLLAGEN IV IN THE IMMUNORESISTANT CLEAR CELL RENAL CELL CARCINOMA TUMOR MICROENVIRONMENT	2024-04-15	Mitchell Hayes, Alex C. Soupir, Taylor Peak, Oscar E. Ospina, Jonathan V. Nguyen, Nicholas H. Chakiryan, Natasha Francis, Paola Ramos Echevarria, Kenneth Y. Tsai, Jodi Balasi, Y. PERES, Jasremon Dhillon, Lindsey A. Martinez, Warren E. Gloria, James J. Mulé, Brooke L. Fridley, Brandon J. Manley	The Journal of Urology	https://doi.org/10.1097/01.ju.0001009560.23593.56.02	0
OP26 Spatial Characterization of Isolated lymphoid follicles and Granulomas in Inflammatory Bowel Disease	2026-01-01	M Moro Buendia, A Sanzo Machuca, Marisol Veny, S Sabate, I Dotti, Victòria Gudiño, A Carrasco, Sandra Lopez-Prades, M Acera, Elisabetta Mereu, M Cuatrecasas, E Ricart Gomez, A Salas	Journal of Crohn s and Colitis	https://doi.org/10.1093/ecco-jcc/jjaf231.026	0
DOP076 Spatially and functionally uncoupled cytokine responses differentially activate wound healing and keratinisation responses in a prognostically relevant manner in perianal fistulising Crohn’s disease	2026-01-01	Aamir Saifuddin, Domenico Cozzetto, L Hanna, Saeed Abdurahiman, Nusrat Iqbal, Sulak Anandabaskaran, A Martinez, Hiromi Kudo, N Lambie, Katerina Rekopoulou, N Panneer Selvam, N Matthews, R Goldin, S Sebastian, Bram Verstock, A Hart, P Tozer, N Powell	Journal of Crohn s and Colitis	https://doi.org/10.1093/ecco-jcc/jjaf231.113	0
OP23 PLA2G2D+ and SPP1+ macrophages tailor lymphoid and granuloma niche architecture in Inflammatory Bowel Disease	2026-01-01	A Sanzo Machuca, M Moro Buendia, S Sabate, Marisol Veny, Victòria Gudiño, M Acera, I Dotti, E Melón-Ardanaz, A Garrido Trigo, Sandra Lopez-Prades, A Carrasco, A Fernandez Clotet, I Ordás Jiménez, A Martin Cardona, Carme Loras, M Esteve Comas, Elisabetta Mereu, M Cuatrecasas, E Ricart Gomez, A Salas	Journal of Crohn s and Colitis	https://doi.org/10.1093/ecco-jcc/jjaf231.023	0
CoSMIM: a covariance-based multi-scale framework for integrated spatial microenvironment analysis	2025-12-01	Bairui Du, Hisanori Kiryu	Briefings in Bioinformatics	https://doi.org/10.1093/bib/bbaf631.003	0
Blind Spots in HLA Class II Detection Generate Challenges for Antibody and RNA-based Assays	2025-12-05	Joey Lockhart, Connor Lantz, Anat R. Tambur	Transplantation	https://doi.org/10.1097/tp.0000000000005592	0
