Title	Publication Date	Authors	Institutions	Journal	DOI	Cited By	Type	Open Access	Primary Topic	Has_CosMx	Has_GeoMx	Has_AtoMx
GeoMx™ RNA Assay: High Multiplex, Digital, Spatial Analysis of RNA in FFPE Tissue	2020-01-01	Daniel R. Zollinger, Stan E. Lingle, Kristina Sorg, Joseph Beechem, Christopher R. B. Merritt	Seattle University, Nanostring Technologies (United States)	Methods in molecular biology	https://doi.org/10.1007/978-1-0716-0623-0_21	147	book-chapter	False	Molecular Biology Techniques and Applications	False	True	False
standR: spatial transcriptomic analysis for GeoMx DSP data	2023-10-24	Ning Liu, Dharmesh D. Bhuva, Ahmed Mohamed, Micah Bokelund, Arutha Kulasinghe, Chin Wee Tan, Melissa J. Davis	Walter and Eliza Hall Institute of Medical Research, University of Queensland, University of Adelaide, University of Melbourne	Nucleic Acids Research	https://doi.org/10.1093/nar/gkad1026	63	article	True	Genomics and Phylogenetic Studies	False	True	False
Best Practices for Spatial Profiling for Breast Cancer Research with the GeoMx® Digital Spatial Profiler	2021-09-04	Helga Bergholtz, Jodi M. Carter, Alessandra Cesano, Maggie C.U. Cheang, S. Church, Prajan Divakar, Christopher A. Fuhrman, Shom Goel, Jingjing Gong, Jennifer L. Guerriero, Margaret L. Hoang, E. Shelley Hwang, Hellen Kuasne, Jinho Lee, Yan Liang, Elizabeth A. Mittendorf, Jessica Perez, Aleix Prat, Lajos Pusztai, Jason Reeves, Yasser Riazalhosseini, Jennifer K. Richer, Özgür Şahin, Hiromi Sato, Ilana Schlam, Thérese Sørlie, Daniel G. Stover, Sandra M. Swain, Alexander Swarbrick, E. Aubrey Thompson, Sara M. Tolaney, Sarah H. Warren	University of South Carolina, University of Oslo, St Vincent's Clinic, UNSW Sydney, Mayo Clinic in Florida, Dana-Farber Cancer Institute, Oslo University Hospital, MedStar Health, Harvard University, Georgetown University, Peter MacCallum Cancer Centre, Oregon Health & Science University, MedStar Washington Hospital Center, Nanostring Technologies (United States), Mayo Clinic, Tufts Medical Center, McGill Genome Centre, University of Melbourne, Institute of Cancer Research, Yale Cancer Center, The Ohio State University, Duke University, University of Colorado Anschutz Medical Campus, Georgetown Lombardi Comprehensive Cancer Center, Georgetown University Medical Center, Brigham and Women's Hospital, Garvan Institute of Medical Research, McGill University, Essa Pharma (United States), WinnMed, McGill University Health Centre	Cancers	https://doi.org/10.3390/cancers13174456	93	article	True	Single-cell and spatial transcriptomics	False	True	False
Challenges and Opportunities for Immunoprofiling Using a Spatial High-Plex Technology: The NanoString GeoMx® Digital Spatial Profiler	2022-06-29	Sharia Hernandez, Rossana Lazcano, Alejandra G. Serrano, Steven Powell, Larissa Kostousov, Jay Mehta, Khaja Khan, Wei Lu, Luisa M. Solis	The University of Texas MD Anderson Cancer Center	Frontiers in Oncology	https://doi.org/10.3389/fonc.2022.890410	107	review	True	Single-cell and spatial transcriptomics	False	True	False
Alternative normalization and analysis pipeline to address systematic bias in NanoString GeoMx Digital Spatial Profiling data	2022-12-09	Levi van Hijfte, Marjolein Geurts, Wies Vallentgoed, Paul H.C. Eilers, Peter A.E. Sillevis Smitt, Reno Debets, Pim J. French	Erasmus MC Cancer Institute, Erasmus MC	iScience	https://doi.org/10.1016/j.isci.2022.105760	36	article	True	Single-cell and spatial transcriptomics	False	True	False
A complete pipeline for high‐plex spatial proteomic profiling and analysis of neural cell phenotypes on the CosMx™ Spatial Molecular Imager and AtoMx™ Spatial Informatics Platform	2023-12-01	Alyssa Rosenbloom, Shilah A. Bonnett, Mark Conner, Tien Phan‐Everson, Zachary Lewis, Giang T. Ong, Yan Liang, Emily Brown, Liuliu Pan, Aster Wardhani, Mithra Korukonda, Carl Brown, Dwayne Dunaway, Edward Zhao, Dan McGuire, Sangsoon Woo, Brian Filanoski, Rhonda Meredith, Kan Chantranuvatana, Brian Birditt, Hye Son Yi, Erin Piazza, Jason Reeves, Christine Kang, Gary Geiss, Joseph Beechem	Nanostring Technologies (United States)	Alzheimer s & Dementia	https://doi.org/10.1002/alz.076665	4	article	True	Single-cell and spatial transcriptomics	True	False	True
High multiplex analysis of the immune microenvironment in bone marrow trephine samples using GeoMX™ digital spatial profiling	2020-03-01	Rachel Koldej, David Ritchie	Peter MacCallum Cancer Centre, The Royal Melbourne Hospital, University of Melbourne	Immuno-Oncology Technology	https://doi.org/10.1016/j.iotech.2020.02.001	13	article	True	Cell Image Analysis Techniques	False	True	False
Transcriptome analysis of archived tumors by Visium, GeoMx DSP, and Chromium reveals patient heterogeneity	2025-05-12	Yixing Dong, Chiara Saglietti, Quentin Bayard, Almudena Espín Pérez, Sabrina Carpentier, Daria Buszta, Stéphanie Tissot-Renaud, Rémy Dubois, Atanas Kamburov, Senbai Kang, Carla Haignere, Rita Sarkis, S. André, Marina Alexandre Gaveta, Silvia Lopez‐Lastra, Nathalie Piazzon, Rita Santos, Katharina von Loga, Caroline Hoffmann, George Coukos, Solange Peters, Vassili Soumelis, Éric Durand, Laurence de Leval, Raphaël Gottardo, Krisztián Homicskó, Elo Madissoon	Ludwig Cancer Research, Idiap Research Institute, Swiss Cancer Center Léman, University of Lausanne	Nature Communications	https://doi.org/10.1038/s41467-025-59005-9	7	article	True	Single-cell and spatial transcriptomics	False	True	False
Abstract 3878: Subcellular characterization of over 100 proteins in FFPE tumor biopsies with CosMx Spatial Molecular Imager	2022-06-15	Zachary Lewis, Tien Phan‐Everson, Gary Geiss, Mithra Korukonda, Ruchir Bhatt, Carl Brown, Dwayne Dunaway, Joseph Phan, Alyssa Rosenbloom, Brian Filanoski, Rhonda Meredith, Kan Chantranuvatana, Yan Liang, Emily Brown, Brian Birditt, Giang T. Ong, Hye Son Yi, Erin Piazza, Vikram Devgan, Nicole Ortogero, Patrick Danaher, Sarah Warren, Michael Rhodes, Joseph Beechem	Nanostring Technologies (United States)	Cancer Research	https://doi.org/10.1158/1538-7445.am2022-3878	6	article	False	Single-cell and spatial transcriptomics	True	False	False
Spatial Transcriptomics in Inflammatory Skin Diseases Using GeoMx Digital Spatial Profiling: A Practical Guide for Applications in Dermatology	2024-09-27	Christina Cho, Nazgol‐Sadat Haddadi, Michal Kidacki, Gavitt A. Woodard, Saeed Shakiba, Ümmügülsüm Yıldız-Altay, Jillian M. Richmond, Matthew D. Vesely	University of Massachusetts Chan Medical School, Yale University	JID Innovations	https://doi.org/10.1016/j.xjidi.2024.100317	8	article	True	Single-cell and spatial transcriptomics	False	True	False
Abstract 6765: Spatial insights into tumor immune evasion illuminated with 1000-plex RNA profiling with CosMx Spatial Molecular Imager	2023-04-04	Claire Williams, Jason Reeves, Patrick Danaher, Shanshan He, Sean Kim, Michael Patrick, Julian Preciado, Mark Gregory, Zach Reitz, Justin Jenkins, Rachel Liu, Sarah Murphy, Christine Kang, Byron H. Hartman, Vikram Devgan, Michael Rhodes, Joseph Beechem	Nanostring Technologies (United States)	Cancer Research	https://doi.org/10.1158/1538-7445.am2023-6765	8	article	False	Single-cell and spatial transcriptomics	True	False	False
Background modeling, Quality Control and Normalization for GeoMx RNA data with <i>GeoDiff</i>	2022-05-29	Lei Yang, Zhi Yang, Patrick Danaher, Stephanie M. Zimmerman, Tyler Hether, David Henderson, Joseph Beechem	Amazon (Germany), Nanostring Technologies (United States)	Unknown Journal	https://doi.org/10.1101/2022.05.26.493637	4	preprint	True	Molecular Biology Techniques and Applications	False	True	False
Sample size calculation for a NanoString GeoMx spatial transcriptomics experiment to study predictors of fibrosis progression in non-alcoholic fatty liver disease	2023-06-02	Maria Ryaboshapkina, Vian Azzu	AstraZeneca (Sweden), AstraZeneca (United Kingdom)	Scientific Reports	https://doi.org/10.1038/s41598-023-36187-0	6	article	True	Liver Disease Diagnosis and Treatment	False	True	False
Method for high‐plex analysis of immune cells in human skin using the GeoMx system	2023-09-19	Borislav Ignatov, Daniel Sortebech, Thomas Emmanuel, Ekaterina Zhuravleva, Liv Eidsmo	Karolinska University Hospital, Aarhus University Hospital, LEO Foundation, Karolinska Institutet	Scandinavian Journal of Immunology	https://doi.org/10.1111/sji.13326	3	article	True	T-cell and B-cell Immunology	False	True	False
Transcriptome Analysis of Archived Tumor Tissues by Visium, GeoMx DSP, and Chromium Methods Reveals Inter- and Intra-Patient Heterogeneity	2024-11-03	Yixing Dong, Chiara Saglietti, Quentin Bayard, Almudena Espín Pérez, Sabrina Carpentier, Daria Buszta, Stéphanie Tissot-Renaud, Rémy Dubois, Atanas Kamburov, Senbai Kang, Carla Haignere, Rita Sarkis, S. André, Marina Alexandre Gaveta, Silvia Lopez‐Lastra, Nathalie Piazzon, Rita Santos, Katharina von Loga, Caroline Hoffmann, George Coukos, Solange Peters, Vassili Soumelis, Eric Y. Durand, Laurence de Leval, Raphaël Gottardo, Krisztián Homicskó, Elo Madissoon	Agora, Idiap Research Institute, SIB Swiss Institute of Bioinformatics, Swiss Cancer Center Léman, University of Lausanne, Larkin University, Ludwig Cancer Research	Unknown Journal	https://doi.org/10.1101/2024.11.01.621259	4	preprint	True	Single-cell and spatial transcriptomics	False	True	False
Region of interest localization, tissue storage time, and antibody binding density—a technical note on the GeoMx® Digital Spatial Profiler	2024-08-23	Sarah Böning, F Schneider, A-K Huber, David Langhoff, Huancai Lin, Adam Kaczorowski, A Stenzinger, Markus Hohenfellner, Stefan Duensing, Anette Duensing	University Hospital Heidelberg, Heidelberg University	Immuno-Oncology Technology	https://doi.org/10.1016/j.iotech.2024.100727	4	review	True	Cancer Genomics and Diagnostics	False	True	False
Spatial transcriptomic analysis of tumour with high and low CAIX expression in TNBC tissue samples using GeoMx™ RNA assay.	2024-02-01	Suad A. K. Shamis, Francesca Savioli, Aula Ammar, Sara Samir Foad Al-Badran, Phimmada Hatthakarnkul, Holly Leslie, Elizabeth Mallon, Nigel B. Jamieson, Donald C. McMillan, Joanne Edwards	Queen Elizabeth University Hospital	PubMed	https://doi.org/10.14670/hh-18-655	4	article	True	Cancer Genomics and Diagnostics	False	True	False
The effect of Proteinase K treatment on GeoMx digital spatial profiling data quality from formalin-fixed, paraffin-embedded tissue	2024-08-14	Kyle M. Hatton‐Jones, Nicholas P. West, Jean Barcelon, Amanda J. Cox	Griffith University	Pathology	https://doi.org/10.1016/j.pathol.2024.06.004	3	article	True	Single-cell and spatial transcriptomics	False	True	False
Steady-state Analysis of Bernoulli Feedback on GeomX /G/1 Queue with Multiple Vacation and Set-up Times	2011-01-01	Songfang Jia, Yanheng Chen, Jinkui Liu	Chongqing Three Gorges University	International Journal of Applied Physics and Mathematics	https://doi.org/10.7763/ijapm.2011.v1.12	3	article	True	Network Time Synchronization Technologies	False	True	False
A technical comparison of spatial transcriptomics platforms across six cancer types - Xenium & CosMx	2026-01-01	Sergi Cervilla, Daniela Grases Mendoza, Eduard Porta-Pardo	Universitat Politècnica de Catalunya, Josep Carreras Leukaemia Research Institute, Barcelona Supercomputing Center	Zenodo (CERN European Organization for Nuclear Research)	https://doi.org/10.5281/zenodo.17986017	1	dataset	True	Unknown	True	False	False
NoButter: An R package for reducing transcript dispersion in CosMx Spatial Molecular Imaging Data	2024-11-28	Beibhinn O'Hora, Roman Laddach, Rosamond Nuamah, Victoire Boulat, Isobelle Wall, Joseph A. Bell, David A. Johnston, Sonya James, Jeanette Norman, Mark G. Jones, Ciro Chiappini, Anita Grigoriadis, Jelmar Quist	London Centre for Nanotechnology, London Cancer, Breast Cancer Now, University of Southampton, King's College London, The Francis Crick Institute, NIHR Southampton Respiratory Biomedical Research Unit, NIHR Southampton Biomedical Research Centre	Unknown Journal	https://doi.org/10.1101/2024.11.25.625243	1	preprint	True	Molecular Biology Techniques and Applications	True	False	False
High-plex imaging of RNA and proteins at subcellular resolution in fixed tissue by spatial molecular imaging	2022-10-06	Shanshan He, Ruchir Bhatt, Carl Brown, Emily Brown, Derek L. Buhr, Kan Chantranuvatana, Patrick Danaher, Dwayne Dunaway, Ryan G. Garrison, Gary Geiss, Mark Gregory, Margaret L. Hoang, Rustem Khafizov, Emily Killingbeck, Dae Joon Kim, Tae Kyoung Kim, Young‐Mi Kim, Andrew Klock, Mithra Korukonda, Alecksandr Kutchma, Zachary Lewis, Yan Liang, Jeffrey S. Nelson, Giang T. Ong, Evan P. Perillo, Joseph C. Phan, Tien Phan-Everson, Erin Piazza, Tushar D. Rane, Zachary Reitz, Michael Rhodes, Alyssa Rosenbloom, David Ross, Hiromi Sato, Aster Wardhani, Corey A. Williams-Wietzikoski, Lidan Wu, Joseph Beechem	Nanostring Technologies (United States)	Nature Biotechnology	https://doi.org/10.1038/s41587-022-01483-z	690	article	False	Single-cell and spatial transcriptomics	False	False	False
GeoMX Digital Spatial Profiler Whole Transcriptome Assay for Human Pancreas v1	2022-05-13	Ann Fu		Unknown Journal	https://doi.org/10.17504/protocols.io.8epv59bong1b/v1	1	preprint	True	Pancreatic and Hepatic Oncology Research	False	True	False
Abstract 1364: Spatially-resolved <i>in situ</i> expression profiling using the GeoMx™ Cancer Transcriptome Atlas panel in FFPE tissue	2020-08-15	Margaret L. Hoang, Michelle Kriner, Zoey Zhou, Zach Norgaard, Kristina Sorg, Chris Merritt, Erin Piazza, Marty Ross, Robin Fropf, Nileshi Saraf, Patrick Danaher, Michael Rhodes, Joseph Beechem	Nanostring Technologies (United States)	Cancer Research	https://doi.org/10.1158/1538-7445.am2020-1364	2	article	False	Single-cell and spatial transcriptomics	False	True	False
CosMx SMI data of one HGSOC tumour reveals ovarian cancer subclones with distinct tumour microenvironments and autocrine circuits	2023-01-01	Elena Denisenko, Rui Hou, Paul A. Cohen, Yu Yu, Alistair R. R. Forrest	St John of God Subiaco Hospital, Harry Perkins Institute of Medical Research, Curtin University	Zenodo (CERN European Organization for Nuclear Research)	https://doi.org/10.5281/zenodo.10048057	1	dataset	True	Ovarian cancer diagnosis and treatment	True	False	False
Abstract 753: In situ RNA expression profiling of 1600+ immuno-oncology targets in FFPE tissue using NanoString GeoMx™Digital Spatial Profiler	2019-07-01	Margaret L. Hoang, Zoey Zhou, Michelle Kriner, Kristina Sorg, Zach Norgaard, Erin Piazza, Chris Merritt, Dae Joon Kim, Joseph Beechem	Nanostring Technologies (United States)	Cancer Research	https://doi.org/10.1158/1538-7445.am2019-753	2	article	False	Single-cell and spatial transcriptomics	False	True	False
Integrating Tissue Microarray to GeoMx® Digital Spatial Profiler : Spatial Transcriptomics Assay with Bioinformatics Analysis	2025-01-01	Deshica Dechamma, M. Moorthy, Vijayalakshmi Bhat, Gopalakrishna Ramaswamy	Hindustan Aeronautics Limited (India)	Methods in molecular biology	https://doi.org/10.1007/978-1-0716-4276-4_9	1	article	False	Single-cell and spatial transcriptomics	False	True	False
Full-length target sequences of GeoMx digital spatial profiling probes reveal that gene-promiscuity predicts probe sensitivity to EDTA tissue decalcification	2024-09-10	André Oszwald, Lucia Zisser, Helga Schachner, Christopher C. Kaltenecker, Gabriel Wasinger, Johannes Rohrbeck, Nicolas Kozakowsky, Andreas Tiefenbacher, Andrew J. Rees, Renate Kain	Medical University of Vienna	Scientific Reports	https://doi.org/10.1038/s41598-024-72335-w	2	article	True	Radiomics and Machine Learning in Medical Imaging	False	True	False
Using GeoMx DSP Spatial Proteomics to Investigate Immune Infiltration of NOD Mouse Islet and Exocrine Compartments	2024-11-18	Hasim Tekin, Christina Louise Lindhardt, Julie Christine Antvorskov, Nicolai Schou Bager, Signe Regner Michaelsen, Aušrinė Areškevičiūtė, Jesper Vind, Bjarne Winther Kristensen, Knud Josefsen	University of Copenhagen, Copenhagen University Hospital, Steno Diabetes Center	Molecular Imaging and Biology	https://doi.org/10.1007/s11307-024-01961-7	1	article	True	Diabetes and associated disorders	False	True	False
Investigation of differentially expressed proteins through neurofibrillary tangle maturation in Alzheimer’s disease using NanoString’s GeoMx Digital Spatial Profiler	2022-12-01	Christina M. Moloney, Chia‐Chen Liu, Daniel P. Wickland, Elizabeth R. Lesser, Jennifer M. Kachergus, Marka van Blitterswijk, Neill R. Graff‐Radford, Dennis W. Dickson, E. Aubrey Thompson, Melissa E. Murray	WinnMed, Mayo Clinic in Florida, Jacksonville College	Alzheimer s & Dementia	https://doi.org/10.1002/alz.066668	1	article	False	Alzheimer's disease research and treatments	False	True	False
151 Using additional morphology markers in NanoString® GeoMx® whole transcriptome atlas assay to assess NSCLC tumor subtype	2022-11-01	Jessica Runyon, Christian J. Nievera, Vijay Baichwal		Regular and Young Investigator Award Abstracts	https://doi.org/10.1136/jitc-2022-sitc2022.0151	1	article	True	Lung Cancer Diagnosis and Treatment	False	True	False
Abstract 2825: High-plex, spatial RNA profiling of tumor infiltrating leukocytes and the tumor microenvironment of microsatellite instable colorectal cancer using GeoMx™ Digital Spatial Profiler	2020-08-15	Zachary K. Norgaard, Dan Zollinger, Jason Reeves, Zoey Zhou, Michelle Kriner, Jill McKay-Fleisch, Arya Bahrami, Sarah Warren, S. Church, Chris Merritt, Margaret L. Hoang, Joseph Beechem	Nanostring Technologies (United States)	Cancer Research	https://doi.org/10.1158/1538-7445.am2020-2825	2	article	False	Cancer Immunotherapy and Biomarkers	False	True	False
Abstract 3801: Comprehensive characterization of the biology of inflammatory bowel disease-associated colorectal cancer using the GeoMx® Digital Spatial Profiler (DSP)	2022-06-15	Anna Juncker‐Jensen, Lakshmi Chandramohan	NeoGenomics (United States)	Cancer Research	https://doi.org/10.1158/1538-7445.am2022-3801	1	article	False	Inflammatory Bowel Disease	False	True	False
Effect of the intratumoral microbiota on spatial and cellular heterogeneity in cancer	2022-11-16	Jorge Luis Galeano Niño, Hanrui Wu, Kaitlyn D. LaCourse, Andrew G. Kempchinsky, Alexander Baryiames, Brittany Barber, Neal D. Futran, Jeffrey Houlton, Cassie Sather, Ewa Sicińska, Alison Taylor, Samuel S. Minot, Christopher D. Johnston, Susan Bullman	University of Washington Medical Center, Fred Hutch Cancer Center, Dana-Farber Cancer Institute, Columbia University Irving Medical Center	Nature	https://doi.org/10.1038/s41586-022-05435-0	728	article	True	Gut microbiota and health	False	False	False
Abstract 986: A BioPharma best practices framework to enable successful morphology guided spatial biology studies using NanoString GeoMx® Digital Spatial Profiler	2023-04-04	Leslie W. Abad, Maxine McClain, Edward D. Bonnevie, Bowen Chen, S. Church, Gokhan Demirkan, Premi Haynes, Kelly M. Hunter, Anil Kersarwani, David Krull, Yan Liang, Prithwish Pal, Corinne Ramos, Deniliz Rodriguez, Jessica Runyon, Julien Tessier, Esperanza Anguiano	Paris Biotech Santé, Nanostring Technologies (United States), Illumina (United States), Bruker (United States)	Cancer Research	https://doi.org/10.1158/1538-7445.am2023-986	1	article	False	Molecular Biology Techniques and Applications	False	True	False
Abstract 753: In situ RNA expression profiling of 1600+ immuno-oncology targets in FFPE tissue using NanoString GeoMx™Digital Spatial Profiler	2019-07-01	Margaret L. Hoang, Zoey Zhou, Michelle Kriner, Kristina Sorg, Zach Norgaard, Erin Piazza, Chris Merritt, Dae-Hyun Kim, Joseph Beechem	Nanostring Technologies (United States)	Molecular and Cellular Biology / Genetics	https://doi.org/10.1158/1538-7445.sabcs18-753	1	article	False	Nanoplatforms for cancer theranostics	False	True	False
167 Comprehensive profiling of cancer-associated fibroblasts in CD8+T cell-exclusive non-small cell lung cancer tumor microenvironments using the Nanostring GeoMX® digital spatial profiler	2022-11-01	Christina Cho, Gavitt A. Woodard, Francesc López‐Giráldez, Ti Badri, Matthew D. Vesely, Lieping Chen	Yale University	Regular and Young Investigator Award Abstracts	https://doi.org/10.1136/jitc-2022-sitc2022.0167	1	article	True	Single-cell and spatial transcriptomics	False	True	False
Macrophage and neutrophil heterogeneity at single-cell spatial resolution in human inflammatory bowel disease	2023-07-26	Alba Garrido-Trigo, A M Corraliza, Marisol Veny, Isabella Dotti, Elisa Melón-Ardanaz, Aina Rill, Helena L. Crowell, Ángel L. Corbí, Victòria Gudiño, Míriam Esteller, Iris Álvarez-Teubel, Daniel Aguilar, Maria Carme Masamunt, Emily Killingbeck, Young‐Mi Kim, Michael Leon, Sudha Visvanathan, Doménica Marchese, Ginevra Caratù, Albert Martín‐Cardona, María Esteve, Íngrid Ordás, Julián Panés, Elena Ricart, Elisabetta Mereu, Holger Heyn, Azucena Salas	Consejo Superior de Investigaciones Científicas, Universitat de Barcelona, Josep Carreras Leukaemia Research Institute, Boehringer Ingelheim (United States), Centro de Investigación Biomédica en Red de Enfermedades Hepáticas y Digestivas, University of Zurich, Centre for Genomic Regulation, Mútua Terrassa, Consorci Institut D'Investigacions Biomediques August Pi I Sunyer, Centro de Investigaciones Biológicas Margarita Salas, Nanostring Technologies (United States), Pompeu Fabra University, SIB Swiss Institute of Bioinformatics	Nature Communications	https://doi.org/10.1038/s41467-023-40156-6	234	article	True	Single-cell and spatial transcriptomics	False	False	False
Spatial transcriptomics in cancer research and potential clinical impact: a narrative review	2024-06-08	Michael A. Cilento, Christopher J. Sweeney, Lisa M. Butler	Centre for Cancer Biology, University of Adelaide, South Australian Health and Medical Research Institute	Journal of Cancer Research and Clinical Oncology	https://doi.org/10.1007/s00432-024-05816-0	39	review	True	Single-cell and spatial transcriptomics	True	True	False
A user's perspective on GeoMxTM digital spatial profiling	2019-06-27	Trieu My Van, Christian U. Blank	Oncode Institute, The Netherlands Cancer Institute	Immuno-Oncology Technology	https://doi.org/10.1016/j.iotech.2019.05.001	74	review	True	Immunotherapy and Immune Responses	False	True	False
Single-cell multi-omic and spatial profiling of human kidneys implicates the fibrotic microenvironment in kidney disease progression	2024-07-24	Amin Abedini, Jonathan Levinsohn, Konstantin A. Klötzer, Bernhard Dumoulin, Ziyuan Ma, Julia Frederick, Poonam Dhillon, Michael S. Balzer, Rojesh Shrestha, Hongbo Liu, Steven Vitale, Andi M. Bergeson, Kishor Devalaraja‐Narashimha, Paola Grandi, Tanmoy Bhattacharyya, Erding Hu, Steven S. Pullen, Carine M. Boustany‐Kari, Paolo Guarnieri, Anil Karihaloo, Daniel Traum, Hanying Yan, Kyle Coleman, Matthew Palmer, Lea Sarov‐Blat, Lori Morton, Christopher A. Hunter, Klaus H. Kaestner, Mingyao Li, Katalin Suszták	University of Pennsylvania, Novo Nordisk (United States), Boehringer Ingelheim (United States), GlaxoSmithKline (United States), Regeneron (United States)	Nature Genetics	https://doi.org/10.1038/s41588-024-01802-x	106	article	True	Single-cell and spatial transcriptomics	False	False	False
A Comparative Analysis of Imaging-Based Spatial Transcriptomics Platforms	2023-12-14	David P. Cook, Kirk B. Jensen, Kellie Wise, Michael J. Roach, Felipe Segato Dezem, Natalie K. Ryan, Michel Zamojski, Ioannis S. Vlachos, Simon Knott, Lisa M. Butler, Jeffrey L. Wrana, Nicholas E. Banovich, Jasmine Plummer, Luciano G. Martelotto	Translational Genomics Research Institute, Broad Institute, Beth Israel Deaconess Medical Center, University of Toronto, Centre for Cancer Biology, University of Adelaide, Lunenfeld-Tanenbaum Research Institute, Australian Genome Research Facility, St. Jude Children's Research Hospital, South Australian Health and Medical Research Institute, Cedars-Sinai Medical Center, Harvard University	Unknown Journal	https://doi.org/10.1101/2023.12.13.571385	69	preprint	True	Single-cell and spatial transcriptomics	True	False	False
Spatial transcriptomics reveals discrete tumour microenvironments and autocrine loops within ovarian cancer subclones	2024-04-03	Elena Denisenko, Leanne de Kock, Adeline Tan, Aaron B. Beasley, Maria Beilin, Matthew E. Jones, Rui Hou, Dáithí Ó Muirí, Sanela Bilic, G. Raj K. A. Mohan, Stuart Salfinger, Simon A. Fox, Khaing Pann Witt Hmon, Yen Yeow, Youngmi Kim, Rhea John, Tami S. Gilderman, Emily Killingbeck, Elin S. Gray, Paul A. Cohen, Yu Yu, Alistair R. R. Forrest	The University of Western Australia, St John of God Subiaco Hospital, Children's Hospital of Eastern Ontario, Queen Elizabeth II Medical Centre, Curtin University, Harry Perkins Institute of Medical Research, Nanostring Technologies (United States), The University of Notre Dame Australia, Edith Cowan University	Nature Communications	https://doi.org/10.1038/s41467-024-47271-y	98	article	True	Single-cell and spatial transcriptomics	False	False	False
Nanostring CosMx	2024-01-01	Ziyi Li		Figshare	https://doi.org/10.6084/m9.figshare.23972991	0	dataset	True	Nanowire Synthesis and Applications	True	False	False
CosMx for FFPE v2	2025-06-24	Joanna Bi	Stanford University	Unknown Journal	https://doi.org/10.17504/protocols.io.3byl41mrolo5/v2	0	preprint	True	Unknown	True	False	False
CosMx for FFPE v1	2025-06-24	Joanna Bi	Stanford University	Unknown Journal	https://doi.org/10.17504/protocols.io.3byl41mrolo5/v1	0	preprint	True	Unknown	True	False	False
spaCI: deciphering spatial cellular communications through adaptive graph model	2022-12-21	Ziyang Tang, Tonglin Zhang, Baijian Yang, Jing Su, Qianqian Song	Indiana University School of Medicine, Atrium Health Wake Forest Baptist, Indiana University, Wake Forest University	Briefings in Bioinformatics	https://doi.org/10.1093/bib/bbac563	69	article	True	Advanced MIMO Systems Optimization	True	False	False
Spatial transcriptomics and proteomics technologies for deconvoluting the tumor microenvironment	2021-06-14	Nan Wang, Xia Li, Rongshui Wang, Zhiyong Ding	Shandong Tumor Hospital, Shandong First Medical University	Biotechnology Journal	https://doi.org/10.1002/biot.202100041	123	review	False	Single-cell and spatial transcriptomics	False	True	False
Abstract 5646: Spatial transcriptomic profiling of the human and mouse retina prepared with CryoJane Tape Transfer System using GeoMx and CosMx spatial analysis	2023-04-04	Steve Fetter, Su Ma, Wei Yang, Yan Liang, Joeseph Beechem, Vera L. Bonilha, Sujata Rao, William F Horrigan, Bela Anand‐Apte	Nanostring Technologies (United States)	Cancer Research	https://doi.org/10.1158/1538-7445.am2023-5646	0	article	False	Health, Environment, Cognitive Aging	True	True	False
Abstract PS18-03: GeoMx DSP and CosMx single cell spatial transcriptomics for molecular characterization of invasive lobular breast cancer cells and their microenvironment	2025-06-13	Lynda Bennett, Sunati Sahoo, Cheryl Lewis, Indu Raman, Guanchun Chen, Chengsong Zhu, Suzanne D. Conzen		Clinical Cancer Research	https://doi.org/10.1158/1557-3265.sabcs24-ps18-03	0	article	False	Single-cell and spatial transcriptomics	True	True	False
CosMx raw data files	2026-02-10	Los Angeles University of California, University of Michigan		Zenodo (CERN European Organization for Nuclear Research)	https://doi.org/10.5281/zenodo.18602259	0	dataset	True	Unknown	True	False	False
CosMx raw data files	2026-02-10	Los Angeles University of California, University of Michigan		Zenodo (CERN European Organization for Nuclear Research)	https://doi.org/10.5281/zenodo.18602258	0	dataset	True	Unknown	True	False	False
Microglia-astrocyte crosstalk in the amyloid plaque niche of an Alzheimer’s disease mouse model, as revealed by spatial transcriptomics	2024-05-30	Anna Mallach, Magdalena Zielonka, Veerle van Lieshout, Yanru An, Jia Hui Khoo, Marisa Vanheusden, Wei-Ting Chen, Daan Moechars, I. Lorena Arancibia‐Cárcamo, Mark Fiers, Bart De Strooper	UK Dementia Research Institute, KU Leuven, Latvian Biomedical Research and Study Centre, VIB-KU Leuven Center for Brain & Disease Research, The Francis Crick Institute, University College London	Cell Reports	https://doi.org/10.1016/j.celrep.2024.114216	82	article	True	Neuroinflammation and Neurodegeneration Mechanisms	True	False	False
CosMx Protein slide preparation v1	2024-04-25	Spatial Touchstone		Unknown Journal	https://doi.org/10.17504/protocols.io.bp2l62bokgqe/v1	0	preprint	True	Genetics, Bioinformatics, and Biomedical Research	True	False	False
CosMx RNA Slide Preparation v1	2024-04-25	Spatial Touchstone		Unknown Journal	https://doi.org/10.17504/protocols.io.eq2lywpomvx9/v1	0	preprint	True	Unknown	True	False	False
High-plex Multiomic Analysis in FFPE at Subcellular Level by Spatial Molecular Imaging	2021-11-04	Shanshan He, Ruchir Bhatt, Carl Brown, Emily Brown, Derek L. Buhr, Kan Chantranuvatana, Patrick Danaher, Dwayne Dunaway, Ryan G. Garrison, Gary Geiss, Mark Gregory, Margaret L. Hoang, Rustem Khafizov, Emily Killingbeck, Dae Joon Kim, Tae Kyoung Kim, Youngmi Kim, Andrew Klock, Mithra Korukonda, Alecksandr Kutchma, Zachary Lewis, Yan Liang, Jeffrey S. Nelson, Giang T. Ong, Evan P. Perillo, Joseph C. Phan, Tien Phan-Everson, Erin Piazza, Tushar D. Rane, Zachary Reitz, Michael Rhodes, Alyssa Rosenbloom, David Ross, Hiromi Sato, Aster Wardhani, Corey A. Williams-Wietzikoski, Lidan Wu, Joseph Beechem	Nanostring Technologies (United States)	Unknown Journal	https://doi.org/10.1101/2021.11.03.467020	73	preprint	True	Single-cell and spatial transcriptomics	False	False	False
CosMx Spatial Transcriptomics Protocol v1	2025-09-23	Asmita Kishor Lagwankar, Amanda Knoten, Siegmar Reinert, Sanjay Jain		Unknown Journal	https://doi.org/10.17504/protocols.io.x54v95w7pl3e/v1	0	article	True	Molecular Biology Techniques and Applications	True	False	False
Bolen Human Sigmoid Colon Protein CosMx Dataset	2025-12-12	Bolen, MacKenzie L., Buendia, Marc, Shi, Ji, Salas, Azucena, Thompson, E. Aubrey, Tansey, Malú G.	Mayo Clinic in Florida, University of Florida, Consorci Institut D'Investigacions Biomediques August Pi I Sunyer, Indiana University – Purdue University Indianapolis, Universitat de Barcelona	Zenodo (CERN European Organization for Nuclear Research)	https://doi.org/10.5281/zenodo.17917771	0	dataset	True	Unknown	True	False	True
Bolen Human Sigmoid Colon Protein CosMx Dataset	2025-12-12	Bolen, MacKenzie L., Buendia, Marc, Shi, Ji, Salas, Azucena, Thompson, E. Aubrey, Tansey, Malú G.	Mayo Clinic in Florida, University of Florida, Consorci Institut D'Investigacions Biomediques August Pi I Sunyer, Indiana University – Purdue University Indianapolis, Universitat de Barcelona	Zenodo (CERN European Organization for Nuclear Research)	https://doi.org/10.5281/zenodo.17917772	0	dataset	True	Unknown	True	False	True
NanoString CosMx Manual Slide Preparation v1	2025-04-17	MacKenzie L. Bolen, Malú G. Tansey	University of Florida, University of Florida Health	Unknown Journal	https://doi.org/10.17504/protocols.io.q26g753m3lwz/v1	0	preprint	True	Unknown	True	False	False
Bolen Human Sigmoid Colon RNA CosMx Dataset	2025-12-12	Bolen, MacKenzie L., Buendia, Marc, Shi, Ji, Salas, Azucena, Thompson, E. Aubrey, Tansey, Malú G.	Mayo Clinic in Florida, University of Florida, Consorci Institut D'Investigacions Biomediques August Pi I Sunyer, Indiana University – Purdue University Indianapolis, Universitat de Barcelona	Zenodo (CERN European Organization for Nuclear Research)	https://doi.org/10.5281/zenodo.17917789	0	dataset	True	Unknown	True	False	True
CosMx SMI Setup and Data Acquisition v1	2024-04-25	Spatial Touchstone		Unknown Journal	https://doi.org/10.17504/protocols.io.j8nlk8475l5r/v1	0	preprint	True	Unknown	True	False	False
CosMx 6000-plex colon cancer dataset	2023-01-01	Patrick Danaher		Figshare	https://doi.org/10.6084/m9.figshare.24164388	0	dataset	True	Radiomics and Machine Learning in Medical Imaging	True	False	False
From Xenium RNA to CosMx Protein v1	2024-04-25	Spatial Touchstone		Unknown Journal	https://doi.org/10.17504/protocols.io.5jyl82539l2w/v1	0	preprint	True	Unknown	True	False	False
GeoMx-NGS Readout Library Preparation v1	2022-08-31	Angela R.S. Kruse	Imaging Center, Vanderbilt University	Unknown Journal	https://doi.org/10.17504/protocols.io.n92ldpb29l5b/v1	0	preprint	True	Anodic Oxide Films and Nanostructures	False	True	False
CosMx FFPE Microtome Sectioning v1	2025-04-07	Joanna Bi	Stanford University	Unknown Journal	https://doi.org/10.17504/protocols.io.14egn4z3mv5d/v1	0	preprint	True	Unknown	True	False	False
cartloader CosMX SMI Starter Tutorial Results	2025-12-29	Weiqiu Cheng, Hyun Min KANG, Lee Jun Hee		Zenodo (CERN European Organization for Nuclear Research)	https://doi.org/10.5281/zenodo.18090863	0	dataset	True	Unknown	True	False	False
GeoMx DSP project- pT1 CRC	2022-01-01	Jessica Roelands, Manon van der Ploeg, Marieke E. Ijsselsteijn, Hao Dang, Jurjen J. Boonstra, James C.H. Hardwick, Lukas J.A.C. Hawinkels, Hans Morreau, Noel de Miranda	Chongqing Medical University	Figshare	https://doi.org/10.6084/m9.figshare.16818415	0	dataset	True	Advanced Computational Techniques and Applications	False	True	False
GeoMx DSP and MALDI-MSI data	2025-01-01	van Oost, Siddh, Bovee, Judith V.M.G., de Miranda, Noel F.C.C.		Figshare	https://doi.org/10.6084/m9.figshare.30344611.v1	0	dataset	True	Unknown	False	True	False
Bolen Human Sigmoid Colon RNA CosMx Dataset	2025-12-12	Bolen, MacKenzie L., Buendia, Marc, Shi, Ji, Salas, Azucena, Thompson, E. Aubrey, Tansey, Malú G.	Mayo Clinic in Florida, University of Florida, Consorci Institut D'Investigacions Biomediques August Pi I Sunyer, Indiana University – Purdue University Indianapolis, Universitat de Barcelona	Zenodo (CERN European Organization for Nuclear Research)	https://doi.org/10.5281/zenodo.17917788	0	dataset	True	Unknown	True	False	True
CosMx Spatial transcriptome dataset of human gastric mucosa	2023-10-12	Ayumu Tsubosaka, Shumpei Ishikawa	The University of Tokyo	Zenodo (CERN European Organization for Nuclear Research)	https://doi.org/10.5281/zenodo.8333281	0	dataset	True	Helicobacter pylori-related gastroenterology studies	True	False	False
GeoMx DSP and MALDI-MSI data	2025-01-01	van Oost, Siddh, Bovee, Judith V.M.G., de Miranda, Noel F.C.C.		Figshare	https://doi.org/10.6084/m9.figshare.30344611	0	dataset	True	Unknown	False	True	False
cartloader CosMX SMI Starter Tutorial Results	2025-12-16	CHENG, Weiqiu, KANG, Hyun Min, Lee Jun Hee		Zenodo (CERN European Organization for Nuclear Research)	https://doi.org/10.5281/zenodo.17955214	0	dataset	True	Unknown	True	False	False
Bolen CosMx human Colon RNA and Protein code	2025-11-05	Marc Buendia, Bolen, Mackenzie, Tansey, Malu	University of Florida, Stanford University, Universitat de Barcelona	Zenodo (CERN European Organization for Nuclear Research)	https://doi.org/10.5281/zenodo.17537302	0	other	True	Unknown	True	False	False
Bolen CosMx human Colon RNA and Protein code	2025-11-05	Marc Buendia, Bolen, Mackenzie, Tansey, Malu	University of Florida, Stanford University, Universitat de Barcelona	Zenodo (CERN European Organization for Nuclear Research)	https://doi.org/10.5281/zenodo.17537303	0	other	True	Unknown	True	False	False
Assessing Expressed Tumor Antigens for TNBC: A GeoMx Analysis	2025-10-07	American Medical Association 2025, Ramachandran, Abhay	University of Kansas	Underline Science Inc.	https://doi.org/10.48448/hkap-ve20	0	other	True	Unknown	False	True	False
CosMx Spatial transcriptome dataset of human gastric mucosa	2023-10-12	Ayumu Tsubosaka, Shumpei Ishikawa	The University of Tokyo	Zenodo (CERN European Organization for Nuclear Research)	https://doi.org/10.5281/zenodo.8333280	0	dataset	True	Helicobacter pylori-related gastroenterology studies	True	False	False
GeoMx-NGSManual RNA Slide Preparation Protocol v1	2022-08-23	Angela R.S. Kruse	Vanderbilt University	Unknown Journal	https://doi.org/10.17504/protocols.io.bp2l61ojkvqe/v1	0	preprint	True	Single-cell and spatial transcriptomics	False	True	False
The development of a conversion table and equations for power estimation in Wattbike AtomX cycle ergometer	2025-04-09	Shunsuke Shiraki, Takaki Yamagishi, Daichi Yamashita	Japan Sport Council	Sports Engineering	https://doi.org/10.1007/s12283-025-00501-y	0	article	True	Sports Performance and Training	False	False	True
Carver et al, Aged Brain Spatial Profiling - CosMx v1	2023-10-04	Chase Carver		Unknown Journal	https://doi.org/10.17504/protocols.io.dm6gp3yb5vzp/v1	0	preprint	True	Radiomics and Machine Learning in Medical Imaging	True	False	False
Perillo Human Colitis Associated Cancer RNA CosMx Dataset	2026-01-15	University of Milano-Bicocca		Zenodo (CERN European Organization for Nuclear Research)	https://doi.org/10.5281/zenodo.18255741	0	article	True	Colorectal Cancer Screening and Detection	True	False	False
GeoMx NGS Readout Library Preparation &amp; Sequencing v1	2026-02-22	Scott Lindsay-Hewett, Valentina Stanley, Kathleen Fisch, Mana Parast, Louise C. Laurent		Unknown Journal	https://doi.org/10.17504/protocols.io.j8nlk1rowg5r/v1	0	article	True	Single-cell and spatial transcriptomics	False	True	False
NanoString GeoMx DSP TMA-TNP protein assay v1	2022-06-02	Jinho Lee, Jose Ceja Navarro, Koei Chin, Heidi S. Feiler, Christopher L. Corless	Cancer Institute (WIA), OHSU Knight Cancer Institute	Unknown Journal	https://doi.org/10.17504/protocols.io.eq2lyn25pvx9/v1	0	preprint	True	Cancer Genomics and Diagnostics	False	True	False
UMN-TMCs: CosMx Spatial Molecular Imager for FFPE Tissue – RNA 1K-Plex (v1) v1	2025-04-02	Samuel T. Peters, Laura J. Niedernhofer, Paul Robbins		Unknown Journal	https://doi.org/10.17504/protocols.io.3byl4z7y8vo5/v1	0	preprint	True	Radiomics and Machine Learning in Medical Imaging	True	False	True
147 Comprehensive <i>in situ</i> immune phenotyping with the CosMx™ high plex protein assay	2022-11-01	Tien Phan‐Everson, Jianji Chen, Zachary Lewis, Gary Geiss, Yan Liang, Emily Brown, Liuliu Pan, Stefan Phelan, Charlie Glaser, Mithra Korukonda, Carl J. Brown, Dwayne Dunaway, Joseph Phan, Alyssa Rosenbloom, Brian Filanoski, Rhonda Meredith, Kan Chantranuvatana, Brian Birditt, Giang T. Ong, Hye Son Yi, Erin Piazza, Jason Reeves, Subham Basu, Christine Kang, Vik Devgan, Edward Zhao, Michael Rhodes, Joseph Beechem	Nanostring Technologies (United States), Abcam (United Kingdom)	Regular and Young Investigator Award Abstracts	https://doi.org/10.1136/jitc-2022-sitc2022.0147	0	article	True	Advanced Biosensing Techniques and Applications	True	True	False
UMN-TMCs: CosMx Spatial Molecular Imager for FFPE Tissue – RNA 1K-Plex (v2) v1	2025-06-12	Samuel T. Peters, Laura J. Niedernhofer, Paul Robbins		Unknown Journal	https://doi.org/10.17504/protocols.io.3byl41p7zlo5/v1	0	preprint	True	Radiomics and Machine Learning in Medical Imaging	True	False	True
CosMx Hepatocellular Carcinoma data (Original one is the BroadInstitute TCGA Data)	2026-01-01	Debolina Chatterjee		Synapse	https://doi.org/10.7303/syn71737248	0	other	True	Unknown	True	False	False
CosMx Spatial Transcriptomics of Colorectal Cancer Liver Metastases - Raw dataset TMA4	2026-01-26	Sanne M L Verheul, Tengyu Zhang, Claire Kennedy, João Da Silva Filho, M Doukas, P. Vermeulen, Cornelis Verhoef, Nigel Jamieson, Daniele V. F. Tauriello	Erasmus MC Cancer Institute, University of Glasgow, Erasmus MC, GZA Ziekenhuizen Campus Sint-Augustinus	Zenodo (CERN European Organization for Nuclear Research)	https://doi.org/10.5281/zenodo.18326662	0	dataset	True	Unknown	True	False	False
CosMx Spatial Transcriptomics of Colorectal Cancer Liver Metastases - Raw dataset TMA4	2026-01-26	Sanne M L Verheul, Tengyu Zhang, Claire Kennedy, João Da Silva Filho, M Doukas, P. Vermeulen, Cornelis Verhoef, Nigel Jamieson, Daniele V. F. Tauriello	Erasmus MC Cancer Institute, University of Glasgow, Erasmus MC, GZA Ziekenhuizen Campus Sint-Augustinus	Zenodo (CERN European Organization for Nuclear Research)	https://doi.org/10.5281/zenodo.18326661	0	dataset	True	Unknown	True	False	False
standR: a Bioconductor package for analysing transcriptomic Nanostring GeoMx DSP data	2023-04-24	Ning Liu, Dharmesh D. Bhuva, Ahmed Mohamed, Micah Bokelund, Arutha Kulasinghe, Chin Wee Tan, Melissa J. Davis	University of Melbourne, University of Queensland, University of Adelaide, Walter and Eliza Hall Institute of Medical Research	Unknown Journal	https://doi.org/10.1101/2023.04.23.538017	0	preprint	True	Single-cell and spatial transcriptomics	False	True	False
Immunologic alterations in the pancreatic cancer microenvironment of patients treated with neoadjuvant chemotherapy and radiotherapy	2019-12-12	Matthew R. Farren, Layal Sayegh, Michael B. Ware, Hsiao-Rong Chen, Jingjing Gong, Yan Liang, Alyssa M. Krasinskas, Shishir K. Maithel, Mohammad Y. Zaidi, Juan M. Sarmiento, David A. Kooby, Pretesh Patel, Bassel F. El‐Rayes, Walid L. Shaib, Gregory B. Lesinski	Emory University	JCI Insight	https://doi.org/10.1172/jci.insight.130362	58	article	True	Pancreatic and Hepatic Oncology Research	False	True	False
Carver et al.,Aged Brain Spatial Profiling - GeoMx v1	2023-10-04	Chase Carver		Unknown Journal	https://doi.org/10.17504/protocols.io.261gedwndv47/v2	0	preprint	True	Medical Imaging and Analysis	False	True	False
Translational and clinical applications of the GeoMx digital spatial profiling platform	2023-10-20	S. Church, Jessica Perez, Breana Murphy, Hiromi Sato, Sarah Warren, Joseph Beechem	Nanostring Technologies (United States)	Diagnostic Molecular Pathology	https://doi.org/10.1016/b978-0-12-822824-1.00034-1	0	book-chapter	False	Single-cell and spatial transcriptomics	False	True	False
Perillo Human Colitis Associated Cancer RNA CosMx Dataset	2026-01-15	University of Milano-Bicocca		Zenodo (CERN European Organization for Nuclear Research)	https://doi.org/10.5281/zenodo.18255742	0	article	True	Colorectal Cancer Screening and Detection	True	False	False
HuBMAP | CosMx® SMI Manual Slide Preparation for RNA Assays v1	2025-06-06	Arivarasan Karunamurthy, Hi‐Joon Park	University of Pittsburgh Medical Center	Unknown Journal	https://doi.org/10.17504/protocols.io.eq2lyqk9pvx9/v1	0	preprint	True	Unknown	True	False	False
CosMx Transcriptomics data from the brain of a C57BL/6 female mouse	2025-11-11	Chase Carver, Marissa Schafer	WinnMed	Cellular Senescence Network (SenNet)	https://doi.org/10.60586/snt793.jcsp.883	0	dataset	True	Unknown	True	False	False
Spatial Relationships in the Tumor Microenvironment Demonstrate Association with Pathologic Response to Neoadjuvant Chemoimmunotherapy in Muscle-invasive Bladder Cancer	2023-12-12	Wolfgang Beckabir, Sara E. Wobker, Jeffrey S. Damrauer, Bentley R. Midkiff, Gabriela De la Cruz, Vladmir Makarov, Leah M. Flick, Mark G. Woodcock, Petros Grivas, Marc A. Bjurlin, Michael R. Harrison, Benjamin G. Vincent, Tracy L. Rose, Shilpa Gupta, William Y. Kim, Matthew I. Milowsky	Fred Hutch Cancer Center, Cleveland Clinic, University of North Carolina at Chapel Hill, University of Washington, Duke Medical Center, University of North Carolina Health Care	European Urology	https://doi.org/10.1016/j.eururo.2023.11.008	22	article	True	Bladder and Urothelial Cancer Treatments	False	False	False
Spatially resolved human kidney multi-omics single cell atlas highlights the key role of the fibrotic microenvironment in kidney disease progression	2022-10-26	Amin Abedini, Jonathan Levinsohn, Konstantin A. Klötzer, Bernhard Dumoulin, Ziyuan Ma, Julia Frederick, Poonam Dhillon, Michael S. Balzer, Rojesh Shrestha, Hongbo Liu, Steven Vitale, Kishor Devalaraja‐Narashimha, Paola Grandi, Tanmoy Bhattacharyya, Erding Hu, Steven S. Pullen, Carine M. Boustany‐Kari, Paolo Guarnieri, Anil Karihaloo, Daniel Traum, Hanying Yan, Kyle Coleman, Matthew Palmer, Lea Sarov‐Blat, Lori Morton, Christopher A. Hunter, Klaus H. Kaestner, Mingyao Li, Katalin Suszták	University of Pennsylvania, Novo Nordisk (United States), Seattle University, Boehringer Ingelheim (United States), GlaxoSmithKline (United States), Regeneron (United States)	Unknown Journal	https://doi.org/10.1101/2022.10.24.513598	42	preprint	True	Single-cell and spatial transcriptomics	False	False	False
Spatial transcriptomic profiling of intact and spinal cord–injured mouse spinal cords using CosMx SMI	2027-11-25	zhou, songlin, Yili, Liu	Nantong University	Zenodo (CERN European Organization for Nuclear Research)	https://doi.org/10.5281/zenodo.17711517	0	dataset	True	Unknown	True	False	False
UMN-TMCs: CosMx Spatial Molecular Imager for FFPE Tissue – Protein 64-Plex (v1) v1	2026-01-06	Samuel T. Peters, Laura Niedernhofer, Paul Robbins		Unknown Journal	https://doi.org/10.17504/protocols.io.rm7vze3exvx1/v1	0	article	True	Single-cell and spatial transcriptomics	True	False	True
Spatially Resolved Tumor Ecosystems and Cell States in Gastric Adenocarcinoma Progression and Evolution	2025-01-08	Haoran Ma, Supriya Srivastava, Shamaine Wei Ting Ho, Chang Xu, Benedict Shi Xiang Lian, Xuewen Ong, Su Ting Tay, Taotao Sheng, Huey Yew Jeffrey Lum, Siti Aishah Binte Abdul Ghani, Yunqiang Chu, Kie Kyon Huang, Yeek Teck Goh, Ming‐Hui Lee, Takeshi Hagihara, Clara Shi Ya Ng, Angie Lay Keng Tan, Yanrong Zhang, Zichen Ding, Feng Zhu, Michelle Shu Wen Ng, Craig Ryan Joseph, Hui Chen, Zhen Li, Joseph J. Zhao, Sun Young Rha, Ming Teh, Joe Yeong, Wei Peng Yong, Jimmy Bok Yan So, Raghav Sundar, Patrick Tan	Institute of Molecular and Cell Biology, National University Cancer Institute, Singapore, Duke-NUS Medical School, National University Hospital, Agency for Science, Technology and Research, Shanghai Jiao Tong University, Yale University, National University of Singapore, Genome Institute of Singapore, Yonsei University	Cancer Discovery	https://doi.org/10.1158/2159-8290.cd-24-0605	22	article	True	Single-cell and spatial transcriptomics	False	False	False
GeoMx Human Whole Transcriptome Atlas profiling on at-risk MASH F3 patients	2025-01-05	Olivier Govaere	KU Leuven	Zenodo (CERN European Organization for Nuclear Research)	https://doi.org/10.5281/zenodo.18153343	0	dataset	True	Unknown	False	True	False
NanoString GeoMx DSP TMA-TNP Phase 4 WTA assay v1	2023-12-12	Jinho Lee, Gabriel Zangirolani, Koei Chin, Heidi S. Feiler, Christopher Corless		Unknown Journal	https://doi.org/10.17504/protocols.io.kqdg3x157g25/v1	0	preprint	True	Unknown	False	True	False
Nanostring GeoMx Digital Spatial Profiler (DSP) protocols -- University of Minnesota TMCs v1	2023-05-03	Nanostring not provided, Grant Barthel, Laura Niedernhofer, David A Bernlohr		Unknown Journal	https://doi.org/10.17504/protocols.io.36wgqjw33vk5/v1	0	preprint	True	Geological Modeling and Analysis	False	True	False
A technical comparison of spatial transcriptomics platforms across six cancer types - Xenium & CosMx	2026-01-01	Sergi Cervilla, Daniela Grases Mendoza, Eduard Porta-Pardo	Universitat Politècnica de Catalunya, Josep Carreras Leukaemia Research Institute, Barcelona Supercomputing Center	Zenodo (CERN European Organization for Nuclear Research)	https://doi.org/10.5281/zenodo.17986016	0	dataset	True	Unknown	True	False	False
Abstract 2083: Solving the problem of spatial informatics: Harnessing the power of the cloud and enabling the integration of open source tools for spatial ‘omics analytics	2023-04-04	Jason Reeves, David Henderson, Matt Crow, April Munn, Kenlyn Terai, Joachim Schmid	Nanostring Technologies (United States)	Cancer Research	https://doi.org/10.1158/1538-7445.am2023-2083	1	article	False	Health, Environment, Cognitive Aging	True	True	True
GeoMx Digital Spatial Profiler (DSP) Protocol - University of Minnesota TMCs v1	2024-03-22	Laura J. Niedernhofer, David A Bernlohr	University of Minnesota	Unknown Journal	https://doi.org/10.17504/protocols.io.8epv5r7k6g1b/v1	0	preprint	True	3D Modeling in Geospatial Applications	False	True	False
Spatial transcriptomic profiling of intact and spinal cord–injured mouse spinal cords using CosMx SMI	2027-11-25	zhou, songlin, Yili, Liu	Nantong University	Zenodo (CERN European Organization for Nuclear Research)	https://doi.org/10.5281/zenodo.17711518	0	dataset	True	Unknown	True	False	False
Evaluation of antibody-based single cell type imaging techniques coupled to multiplexed imaging of N-glycans and collagen peptides by matrix-assisted laser desorption/ionization mass spectrometry imaging	2023-10-16	Jaclyn Dunne, Jake Griner, Martin J. Romeo, Jade K. Macdonald, Carsten Krieg, Mark J. Lim, Gargey Yagnik, Kenneth J. Rothschild, Richard R. Drake, Anand S. Mehta, Peggi M. Angel	Medical University of South Carolina, MUSC Hollings Cancer Center, Boston University	Analytical and Bioanalytical Chemistry	https://doi.org/10.1007/s00216-023-04983-2	42	article	True	Mass Spectrometry Techniques and Applications	False	False	False
Mapping cellular interactions from spatially resolved transcriptomics data	2024-09-03	James Zhu, Y. Wang, Woo Yong Chang, Alicia Malewska, Fabiana Napolitano, Jeffrey Gahan, Nisha Unni, Min Zhao, Rongqing Yuan, Fangjiang Wu, Lauren Yue, Lei Guo, Zhuo Zhao, Danny Z. Chen, Raquibul Hannan, Siyuan Zhang, Guanghua Xiao, Ping Mu, Ariella B. Hanker, Douglas W. Strand, Carlos L. Arteaga, Neil Desai, Xinlei Wang, Yang Xie, Tao Wang	Southwestern Medical Center, University of Cincinnati, University of Notre Dame, The University of Texas Southwestern Medical Center, Cincinnati Children's Hospital Medical Center	Nature Methods	https://doi.org/10.1038/s41592-024-02408-1	40	article	False	Single-cell and spatial transcriptomics	False	False	False
GeoMx Digital Spatial Profiler (DSP) Protocol v2 - University of Minnesota TMCs v2	2024-03-26	Laura J. Niedernhofer, David A Bernlohr	University of Minnesota	Unknown Journal	https://doi.org/10.17504/protocols.io.8epv5r7k6g1b/v2	0	preprint	True	3D Modeling in Geospatial Applications	False	True	False
34 Multi-step antibody validation for the geomx® digital spatial profiler	2020-11-01	Alyssa Rosenbloom, Jenny Cronin, Shilah A. Bonnett	Seattle University, Nanostring Technologies (United States)	Regular and Young Investigator Award Abstracts	https://doi.org/10.1136/jitc-2020-sitc2020.0034	0	article	True	Molecular Biology Techniques and Applications	False	True	False
Sopa: a technology-invariant pipeline for analyses of image-based spatial omics	2024-06-11	Quentin Blampey, Kevin Mulder, Margaux Gardet, Stergios Christodoulidis, Charles‐Antoine Dutertre, Fabrice André, Florent Ginhoux, Paul-Henry Cournède	Institut Gustave Roussy, CentraleSupélec, Université Paris-Saclay	Nature Communications	https://doi.org/10.1038/s41467-024-48981-z	34	article	True	Single-cell and spatial transcriptomics	False	False	False
GeoMx Human Whole Transcriptome Atlas profiling on at-risk MASH F3 patients	2025-01-05	Olivier Govaere	KU Leuven	Zenodo (CERN European Organization for Nuclear Research)	https://doi.org/10.5281/zenodo.18153344	0	dataset	True	Unknown	False	True	False
GeoMx Whole Transcriptome Atlas (WTA) Analysis of FFPE Human Term Placenta v1	2026-02-21	Scott Lindsay-Hewett, Valentina Stanley, Kathleen Fisch, Mana Parast, Louise C. Laurent		Unknown Journal	https://doi.org/10.17504/protocols.io.j8nlk1rwwg5r/v1	0	article	True	Single-cell and spatial transcriptomics	False	True	False
Comparison of deconvolution algorithms for GeoMx spatial transcriptomics immune cell data	2023-01-01	Carolin Walter, Sarah Sandmann, Luisa Klotz, Julian Varghese		Faculty of 1000 Research Ltd	https://doi.org/10.7490/f1000research.1119641.1	0	other	True	Unknown	False	True	False
SpaRx: elucidate single-cell spatial heterogeneity of drug responses for personalized treatment	2023-09-22	Ziyang Tang, Xiang Liu, Zuotian Li, Tonglin Zhang, Baijian Yang, Jing Su, Qianqian Song	University of Florida, Indiana University School of Medicine, Indiana University, Wake Forest University, Florida College	Briefings in Bioinformatics	https://doi.org/10.1093/bib/bbad338	37	article	True	Single-cell and spatial transcriptomics	False	False	False
NanoString GeoMx DSP TMA-TNP Phase 4 Protein assay v1	2022-06-02	Jinho Lee, Gabriel Zangirolani, Koei Chin, Heidi S. Feiler, Christopher Corless		Unknown Journal	https://doi.org/10.17504/protocols.io.5qpvokbm7l4o/v1	0	preprint	True	RNA modifications and cancer	False	True	False
JAK/STAT3 represents a therapeutic target for colorectal cancer patients with stromal-rich tumors	2024-03-01	Kathryn A.F. Pennel, Phimmada Hatthakarnkul, Colin S. Wood, Guang‐Yu Lian, Sara Samir Foad Al-Badran, Jean A. Quinn, Assya Legrini, Jitwadee Inthagard, Peter Alexander, Hester van Wyk, Ahmad Kurniawan, Umar Hashmi, Michael A. Gillespie, Megan L. Mills, Aula Ammar, Jennifer Hay, Ditte K. Andersen, Colin Nixon, Selma Rebus, David K. Chang, Caroline Kelly, Andrea Harkin, Janet Graham, David N. Church, Ian D. Tomlinson, Mark Saunders, Timothy Iveson, Tamsin R.M. Lannagan, René Jackstadt, Noori Maka, Paul G. Horgan, Campbell S.D. Roxburgh, Owen J. Sansom, Donald C. McMillan, Colin W. Steele, Nigel B. Jamieson, James H. Park, Antonia K. Roseweir, Joanne Edwards	Queen Elizabeth University Hospital, John Radcliffe Hospital, Edinburgh Cancer Research, Beatson West of Scotland Cancer Centre, Centre for Human Genetics, Cancer Research UK Scotland Institute, University Hospital Southampton NHS Foundation Trust, Oxford BioMedica (United Kingdom), University of Glasgow, Glasgow Royal Infirmary, The Christie NHS Foundation Trust, University of Oxford	Journal of Experimental & Clinical Cancer Research	https://doi.org/10.1186/s13046-024-02958-4	38	article	True	Cytokine Signaling Pathways and Interactions	False	False	False
Spatial transcriptomics elucidates localized immune responses in atherosclerotic coronary artery	2025-08-22	Joana Campos, Jack L. McMurray, Michelangelo Certo, Ketaki Hardikar, Christopher I. Morse, C. Russell Corfield, Bettina M. Weigand, Kun Yang, Mohsen Shoaran, Thomas D. Otto, Desley Neil, Pasquale Maffia, Claudio Mauro	Propath Services (United States), University Alliance, University Hospitals Birmingham NHS Foundation Trust, University of Naples Federico II, County Hospital, Federico II University Hospital, University of Birmingham, Centre National pour la Recherche Scientifique et Technique (CNRST), University of Glasgow	EMBO Molecular Medicine	https://doi.org/10.1038/s44321-025-00280-w	5	article	True	Atherosclerosis and Cardiovascular Diseases	False	False	False
Busy Period Analysis of GeomX/G/1 Queue with Exhaustive Service Rule and Multiple Vacations	2010-05-05	Zhanyou Ma, Wuyi Yue	Yanshan University	Proceedings of the ISCIE International Symposium on Stochastic Systems Theory and its Applications	https://doi.org/10.5687/sss.2010.160	0	article	True	Advanced Queuing Theory Analysis	False	True	False
Processed GeoMx DSP CTA and protein outputs for a longitudinal EGFR-mutant NSCLC cohort	2026-02-10	Song Xinyu, Li ZongJuan, Xiong Anwen, Luo Haitao, Zhou Caicun		Zenodo (CERN European Organization for Nuclear Research)	https://doi.org/10.5281/zenodo.18603266	0	dataset	True	Unknown	False	True	False
Processed GeoMx DSP CTA and protein outputs for a longitudinal EGFR-mutant NSCLC cohort	2026-02-10	Song Xinyu, Li ZongJuan, Xiong Anwen, Luo Haitao, Zhou Caicun		Zenodo (CERN European Organization for Nuclear Research)	https://doi.org/10.5281/zenodo.18603267	0	dataset	True	Unknown	False	True	False
Applied physics approaches for the construction of an integrated nanostring GeoMx atlas of the healthy mouse brain	2025-12-19	Lorenzo Porrini		AMS Degree Thesis (University of Bologna)		0	dissertation	False	Single-cell and spatial transcriptomics	False	True	False
GeoMx RNA slide prep for fresh frozen human post-mortem brain tissue v1	2024-08-20	Toby J Curless, Hemanth Ramesh Nelvagal, Zane Jaunmuktane		Unknown Journal	https://doi.org/10.17504/protocols.io.6qpvr8q1blmk/v1	0	article	True	Molecular Biology Techniques and Applications	False	True	False
99 Spatial insights into tumor immune evasion illuminated with the CosMx™ spatial molecular imager platform	2022-11-01	Jason Reeves, Patrick Danaher, Shanshan He, Sean Kim, Michael J. Patrick, Julian Preciado, Justin Jenkins, Rachel Liu, Sarah Murphy, Christine Kang, Byron H. Hartman, Vik Devgan, Youngmi Kim, Michael Rhodes, Joseph Beechem	Nanostring Technologies (United States)	Regular and Young Investigator Award Abstracts	https://doi.org/10.1136/jitc-2022-sitc2022.0099	0	article	True	Single-cell and spatial transcriptomics	True	False	False
Comparison of imaging based single-cell resolution spatial transcriptomics profiling platforms using formalin-fixed paraffin-embedded tumor samples	2025-09-26	Nejla Ozirmak Lermi, Marta Ayala, Sharia Hernandez, Wei Lu, Khaja Khan, Alejandra G. Serrano, Idania Carolina Lubo Julio, Leticia Hamana, Katarzyna Tomczak, Sean Barnes, Jinzhuang Dou, Qingnan Liang, Ahmed Al-Rawi, Claudio A. Arrechedera, Kelsey Ayers, Claudia Bedoya, Elizabeth M. Burton, Chae Yoon Chon, Randy Chu, Shadarra Crosby, Jonathan Do, Cibelle Lima, Fu Szu-Chin, P. Andrew Futreal, Ana Lineth García, Celia Garica-Prieto, Swati Gite, Curtis Gumbs, Kristin J. Hargraves, Meng He, Chacha Horombe, Heladio P. Ibarguen, Stacy Jackson, Jeena Jacob, Isha Khanduri, Walter Kinyua, Mark Knafl, Wenhua Lang, Latasha Little, Saradhi Mallampati, M Mendoza, Funda Meric‐Bernstam, Mohammad M. Mohammad, Mario Luiz Marques Piubelli, Sabitha Prabhakaran, Kenna Shaw, Xiaofei Song, Sandesh Subramanya, Baohua Sun, Shumaila Virani, Wanlin Wang, Scott E. Woodman, Mingchu Xu, Jianhua Zhang, Qingxiu Zhang, Shanyu Zhang, Maria Gabriela Raso, Ximing Tang, Mei Jiang, Beatriz Sánchez‐Espiridión, Annikka Weissferdt, John V. Heymach, Jianjun Zhang, Boris Sepesi, Tina Cascone, Anne S. Tsao, Mehmet Altan, Reza J. Mehran, Don L. Gibbons, Ignacio Wistuba, Cara Haymaker, Ken Chen, Luisa M. Solis Soto, Luisa M. Solis Soto	The University of Texas MD Anderson Cancer Center	Nature Communications	https://doi.org/10.1038/s41467-025-63414-1	5	article	True	Single-cell and spatial transcriptomics	False	False	False
NanoString GeoMx DSP dataset from 12 primary/recurrent IDH-mutant astrocytoma samples	2023-01-05	Levi van Hijfte, Marjolein Geurts, Wies Vallentgoed, Paul H.C. Eilers, Peter Sillevis Smitt, Reno Debets, Pim J. French	Erasmus MC Cancer Institute, Erasmus MC	Zenodo (CERN European Organization for Nuclear Research)	https://doi.org/10.5281/zenodo.7348326	0	dataset	True	Advanced Electron Microscopy Techniques and Applications	False	True	False
Synthesis, pharmacological evaluation and docking studies of N-(benzo[d]thiazol-2-yl)-2-(piperazin-1-yl)acetamide analogs as COX-2 inhibitors	2011-12-16	Nulgumnalli Manjunathaiah Raghavendra, Aitha Jyothsna, V. R. Alapati, C. V. S. Subrahmanyam	Osmania University	Bioorganic & Medicinal Chemistry Letters	https://doi.org/10.1016/j.bmcl.2011.12.062	40	article	False	Synthesis and biological activity	False	False	False
NanoString GeoMx DSP dataset from 12 primary/recurrent IDH-mutant astrocytoma samples	2024-01-01	Levi van Hijfte, Marjolein Geurts, Wies Vallentgoed, Paul H.C. Eilers, Peter Sillevis Smitt, Reno Debets, Pim J. French	Erasmus MC Cancer Institute, Erasmus MC	Zenodo (CERN European Organization for Nuclear Research)	https://doi.org/10.5281/zenodo.7348325	0	dataset	True	Advanced Electron Microscopy Techniques and Applications	False	True	False
CosMx Transcriptomics data from the brain of 2 different sources: C57BL/6 female mouse	2025-11-11	Chase Carver, Marissa Schafer	WinnMed	Cellular Senescence Network (SenNet)	https://doi.org/10.60586/snt765.qqmh.597	0	dataset	True	Unknown	True	False	False
A Revolution in Spatial Biology: the GeoMx <sup>®</sup> Whole Transcriptome Atlas	2021-04-01			Genetic Engineering & Biotechnology News	https://doi.org/10.1089/gen.41.04.10	0	article	False	Microbial Community Ecology and Physiology	False	True	False
Nonparametric Inference for Queueing Networks of GeomX/G/∞ Queues in Discrete Time	2014-09-01	Dominic Edelmann, Cornelia Wichelhaus	Heidelberg University	Advances in Applied Probability	https://doi.org/10.1017/s0001867800007370	0	article	False	Advanced Queuing Theory Analysis	False	True	False
CosMx SMI data of one HGSOC tumour reveals ovarian cancer subclones with distinct tumour microenvironments and autocrine circuits	2023-01-01	Elena Denisenko, Rui Hou, Paul A. Cohen, Yu Yu, Alistair R. R. Forrest	St John of God Subiaco Hospital, Harry Perkins Institute of Medical Research, Curtin University	Zenodo (CERN European Organization for Nuclear Research)	https://doi.org/10.5281/zenodo.10048046	0	dataset	True	Ovarian cancer diagnosis and treatment	True	False	False
CosMx Transcriptomics data from the brain of 2 different sources: C57BL/6 female mouse	2025-11-11	Chase Carver, Marissa Schafer	WinnMed	Cellular Senescence Network (SenNet)	https://doi.org/10.60586/snt733.nctk.452	0	dataset	True	Unknown	True	False	False
Spatial Transcriptomic analysis (GeoMx) of SNc ventral tier dopamine cells in control and PD subjects	2024-01-15	Zac Chatterton, YuHong Fu, Glenda M. Halliday	University of Sydney	Zenodo (CERN European Organization for Nuclear Research)	https://doi.org/10.5281/zenodo.10511809	0	dataset	True	Cell Image Analysis Techniques	False	True	False
Spatial Transcriptomic analysis (GeoMx) of SNc ventral tier dopamine cells in control and PD subjects	2024-01-15	Zac Chatterton, YuHong Fu, Glenda M. Halliday	University of Sydney	Zenodo (CERN European Organization for Nuclear Research)	https://doi.org/10.5281/zenodo.10499186	0	dataset	True	Cell Image Analysis Techniques	False	True	False
The spatially resolved transcriptional profile of acute T cell–mediated rejection in a kidney allograft	2021-09-20	Fadi Salem, Laura Perin, Sargis Sedrakyan, Andrea Angeletti, Gian Marco Ghiggeri, Maria Cristina Coccia, Marty Ross, Miguel Fribourg, Paolo Cravedi	Children's Hospital of Los Angeles, Icahn School of Medicine at Mount Sinai, Nanostring Technologies (United States), Istituto Giannina Gaslini, University of Southern California	Kidney International	https://doi.org/10.1016/j.kint.2021.09.004	49	article	True	Renal Transplantation Outcomes and Treatments	False	False	False
CosMx SMI data of one HGSOC tumour reveals ovarian cancer subclones with distinct tumour microenvironments and autocrine circuits	2023-01-01	Elena Denisenko, Rui Hou, Paul A. Cohen, Yu Yu, Alistair R. R. Forrest	St John of God Subiaco Hospital, Harry Perkins Institute of Medical Research, Curtin University	Zenodo (CERN European Organization for Nuclear Research)	https://doi.org/10.5281/zenodo.8287970	0	dataset	True	Ovarian cancer diagnosis and treatment	True	False	False
Benchmarking of spatial transcriptomics platforms across six cancer types	2024-05-21	Sergi Cervilla, Daniela Grases, Elena Pérez, Francisco X. Real, Eva Musulén, Manel Esteller, Eduard Porta‐Pardo, Eduard Porta-Pardo	Spanish National Cancer Research Centre, Josep Carreras Leukaemia Research Institute	Unknown Journal	https://doi.org/10.1101/2024.05.21.593407	23	preprint	True	Molecular Biology Techniques and Applications	False	False	False
Differential protein expression in the hippocampi of resilient individuals identified by digital spatial profiling	2022-02-14	Jamie M. Walker, Shiva Kazempour Dehkordi, Anna Fracassi, Alison VanSchoiack, Anna Pavenko, Giulio Taglialatela, Randall L. Woltjer, Timothy E. Richardson, Habil Zare, Miranda E. Orr	The University of Texas Health Science Center at San Antonio, Oregon Health & Science University, Nanostring Technologies (United States), Wake Forest University	Acta Neuropathologica Communications	https://doi.org/10.1186/s40478-022-01324-9	72	article	True	Alzheimer's disease research and treatments	False	False	False
CosMx SMI data of one HGSOC tumour reveals ovarian cancer subclones with distinct tumour microenvironments and autocrine circuits	2023-10-01	Elena Denisenko, Rui Hou, Paul A. Cohen, Yu Yu, Alistair R. R. Forrest	St John of God Subiaco Hospital, Harry Perkins Institute of Medical Research, Curtin University	Zenodo (CERN European Organization for Nuclear Research)	https://doi.org/10.5281/zenodo.8287971	0	dataset	True	Ovarian cancer diagnosis and treatment	True	False	False
Multiplex protein quantification per cell type in bronchoalveolar lavage cytospin cells using NanoStrings GeoMx	2023-09-09	Nicole van der Burg, Martin Ryde, Jaro Ankerst, Leif Bjermer, Ellen Tufvesson	Lund University	Unknown Journal	https://doi.org/10.1183/13993003.congress-2023.pa2973	0	article	False	Advanced Biosensing Techniques and Applications	False	True	False
TMIC-60. Spatial profiling of IDH-wildtype glioblastoma using CosMx Spatial Molecular Imaging technology to establish a large-scale FFPE tissue cohort	2025-11-01	D Lee, Joshua Li, Y. Miu Lam, Wei Dai, David Shih, Karrie Mei-Yee Kiang, Gkk Leung, Aya El Helali	University of Hong Kong, Metropolitan University	Neuro-Oncology	https://doi.org/10.1093/neuonc/noaf201.1815	0	article	True	Unknown	True	False	True
shinyDSP: a Shiny application for interactive analysis and visualization of NanoString GeoMx Whole Transcriptome Atlas data	2025-07-01	Seung J. Kim, Marco Mura, Marco Mura	Institute of Health Visiting, Western University, Interstitial Cystitis Association	Bioinformatics	https://doi.org/10.1093/bioinformatics/btaf401	0	article	True	Molecular Biology Techniques and Applications	False	True	False
Abstract 66: A multi-institution examination of concordance in spatial transcriptomics using the GeoMx Cancer Transcriptome Atlas	2022-06-15	Tyler Hether, Tim Howes, David Scoville, Charlie Glaser, Yanyun Li, R. Vanguri, Neeman Mohibullah, Wan‐Jung Chang, Todd Yoder, Minnal Gupta, Kathy Ton, Yan Liang, Ying Huang, Zach Herbert, Jason Reeves, Elizabeth A. Mittendorf, Simon F. Lacey, Travis J. Hollmann, Sarah Warren, Theresa LaVallee	University of Pennsylvania, Memorial Sloan Kettering Cancer Center, Dana-Farber Cancer Institute, Nanostring Technologies (United States), Kettering University, Parker Institute for Cancer Immunotherapy	Cancer Research	https://doi.org/10.1158/1538-7445.am2022-66	0	article	False	Single-cell and spatial transcriptomics	False	True	False
5‐Alpha reductase inhibitors induce a prostate luminal to club cell transition in human benign prostatic hyperplasia	2021-12-20	Diya B. Joseph, Gervaise H. Henry, Alicia Malewska, Jeffrey Reese, Ryan Mauck, Jeffrey Gahan, Ryan Hutchinson, James L. Mohler, Claus G. Roehrborn, Douglas W. Strand	The University of Texas Southwestern Medical Center, Roswell Park Comprehensive Cancer Center, North Texas Regional Center for Innovation and Commercialization, Southwestern Medical Center	The Journal of Pathology	https://doi.org/10.1002/path.5857	63	article	True	Urinary Bladder and Prostate Research	False	True	False
08. Proteomic Profiling of Tumor Microenvironment In Desmoplastic Melanoma Using The Nanostring Geomx Digital Spatial Profiler	2024-04-01	David Su, Anjela Galan, David A. Schoenfeld, Wael Ibrahim, Raysa Cabrejo, Raymond P. Baumann, David L. Rimm, Sajid Khan, Harriet M. Kluger, Kelly Olino, James Clune	Yale New Haven Hospital, Dartmouth–Hitchcock Medical Center	Plastic & Reconstructive Surgery Global Open	https://doi.org/10.1097/01.gox.0001015124.74133.52	0	article	True	Advanced Biosensing Techniques and Applications	False	True	False
RNA Slide Preparation Protocol (FFPE) for nanostring DSP - GeoMx - Human Ovary samples v1	2024-03-26	Nicholas G. Martin		Unknown Journal	https://doi.org/10.17504/protocols.io.bp2l624bdgqe/v1	0	preprint	True	Molecular Biology Techniques and Applications	False	True	False
GeoMx® digital spatial profiling (DSP) as an important tool to study immune landscape of tumors	2022-01-01	Natalia Alaniz, Sharia Hernandez, Wei Lü, Khaja Khan, Larisa V. Kostousov, Sean W. Barnes, Mei Jiang, Ignacio I. Wistuba, Luisa M. Solis Soto, Mario L. Marques‐Piubelli		Unknown Journal	https://doi.org/10.52519/00019	0	article	True	Immunotherapy and Immune Responses	False	True	False
"GeoMx DSP dataset of ""Integrated multi-omics reveals cellular and molecular interactions governing the invasive niche of skin cancer"""	2021-09-08	Laura Yerly, Christine Pich-Bavastro, Jérémy Di Domizio, Tania Wyss, Stéphanie Tissot, Michael Cangkrama, Michel Gilliet, Sabine Werner, François Kuonen	Hôpital de Beaumont, SIB Swiss Institute of Bioinformatics, University of Lausanne, ETH Zurich	Zenodo (CERN European Organization for Nuclear Research)	https://doi.org/10.5281/zenodo.5493484	0	dataset	True	Cutaneous Melanoma Detection and Management	False	True	False
GeoMx Digital Spatial Profiler Immuno-oncology (IO) Proteome Atlas (IPA) Assay for Human Pancreas v1	2025-06-11	Alexandra E. Cuaycal, Dongtao Ann Fu, Heather R. Kates, Samuel Ewing, Jing Chen, Maigan A. Brusko, Martha Campbell‐Thompson, Clayton E. Mathews		Unknown Journal	https://doi.org/10.17504/protocols.io.5jyl8qyy8l2w/v1	0	article	True	Pancreatic and Hepatic Oncology Research	False	True	False
RNA Slide Preparation Protocol (FFPE) for nanostring DSP - GeoMx - Human Breast samples v1	2023-08-25	Nicholas G. Martin	Buck Institute for Research on Aging	Unknown Journal	https://doi.org/10.17504/protocols.io.8epv5xr76g1b/v1	0	preprint	True	Molecular Biology Techniques and Applications	False	True	False
Characterizing arterial lesions in cardiac allograft vasculopathy rejected grafts using NanoString GeoMx digital spatial profiling	2022-05-01	Jessica Nevarez‐Mejia, Harry Pickering, Rebecca A. Sosa, Ryan P. Lau, Gregory A. Fishbein, William M. Baldwin, Robert L. Fairchild, Elaine F. Reed	Cleveland Clinic Lerner College of Medicine, Cleveland Clinic, University of California, Los Angeles	The Journal of Immunology	https://doi.org/10.4049/jimmunol.208.supp.175.20	0	article	False	Transplantation: Methods and Outcomes	False	True	False
High-Plex and High-Throughput Digital Spatial Profiling of Non-Small-Cell Lung Cancer (NSCLC)	2020-11-27	James Monkman, Touraj Taheri, Majid Ebrahimi Warkiani, Connor O’Leary, Rahul Ladwa, Derek J. Richard, Kenneth J. O’Byrne, Arutha Kulasinghe	The University of Queensland, Queensland Health, Princess Alexandra Hospital, Translational Research Institute, Queensland University of Technology, University of Technology Sydney	Cancers	https://doi.org/10.3390/cancers12123551	44	article	True	Cancer Immunotherapy and Biomarkers	False	True	False
Abstract 3484: Development of a custom high-plex GeoMx digital spatial profiler breast cancer protein biomarker assay	2022-06-15	Christopher L. Corless, Amber R. Bridgeman, Jin‐Ho Lee, Gary Geiss, Sarah Warren, S. Church, Joseph Beechem, E. Aubrey Thompson, Jodi M. Carter	Oregon Health & Science University, Mayo Clinic in Florida, Mayo Clinic in Arizona, Nemours Children’s Clinic, Nanostring Technologies (United States)	Cancer Research	https://doi.org/10.1158/1538-7445.am2022-3484	0	article	False	Advanced Biosensing Techniques and Applications	False	True	False
"GeoMx DSP dataset of ""Integrated multi-omics reveals cellular and molecular interactions governing the invasive niche of basal cell carcinoma"""	2022-06-30	Laura Yerly, Christine Pich-Bavastro, Jérémy Di Domizio, Tania Wyss, Stéphanie Tissot, Michael Cangkrama, Michel Gilliet, Sabine Werner, François Kuonen	Hôpital de Beaumont, SIB Swiss Institute of Bioinformatics, University of Lausanne, ETH Zurich	Unknown Journal	https://doi.org/10.5281/zenodo.5849365	0	dataset	True	AI in cancer detection	False	True	False
"GeoMx DSP dataset of ""Integrated multi-omics reveals cellular and molecular interactions governing the invasive niche of basal cell carcinoma"""	2022-06-30	Laura Yerly, Christine Pich-Bavastro, Jérémy Di Domizio, Tania Wyss, Stéphanie Tissot, Michael Cangkrama, Michel Gilliet, Sabine Werner, François Kuonen	Hôpital de Beaumont, SIB Swiss Institute of Bioinformatics, University of Lausanne, ETH Zurich	Zenodo (CERN European Organization for Nuclear Research)	https://doi.org/10.5281/zenodo.5493483	0	dataset	True	AI in cancer detection	False	True	False
Spatial Profiling Identifies Prognostic Features of Response to Adjuvant Therapy in Triple Negative Breast Cancer (TNBC)	2022-01-10	Arutha Kulasinghe, James Monkman, Esha T. Shah, Nicholas Matigian, Mark N. Adams, Kenneth J. O’Byrne	The University of Queensland, Queensland University of Technology, Princess Alexandra Hospital	Frontiers in Oncology	https://doi.org/10.3389/fonc.2021.798296	43	article	True	Ubiquitin and proteasome pathways	False	True	False
Abstract 2203: Towards prediction of breast cancer risk in benign biopsies with high-plex GeoMx spatial protein profiling	2022-06-15	Robert A. Vierkant, Jodi M. Carter, Stacey J. Winham, Chen Wang, Jennifer M. Kachergus, Ji Shi, Raymond M. Moore, Bryan M. McCauley, Laura M. Pacheco-Spann, E. Aubrey Thompson, Derek C. Radisky, Amy C. Degnim, Mark E. Sherman	Mayo Clinic in Arizona, Nemours Children’s Clinic, Mayo Clinic in Florida	Cancer Research	https://doi.org/10.1158/1538-7445.am2022-2203	0	article	False	Advanced Biosensing Techniques and Applications	False	True	False
Abstract 6778: Spatial analysis of genomic signatures on colorectal cancer pathogenesis using the GeoMx® Digital Spatial Profiler	2023-04-04	Xiang Li, Qinqin Zha, Brigitte Lovell, Jane M. Reed, Anna Juncker‐Jensen, Tricia Peters, Lakshmi Chandramohan	NeoGenomics (United States)	Cancer Research	https://doi.org/10.1158/1538-7445.am2023-6778	0	article	False	Ferroptosis and cancer prognosis	False	True	False
204 Unveiling differential gene expression profiling and potential biomarker in breast cancer with the NanoString GeoMx digital spatial profiler	2023-10-31	Elim Cheung, Baowen Zhang, Jinghao Tian, Tong Lu, Vidyodhaya Sundaram	BioChain Institute (United States)	Regular and Young Investigator Award Abstracts	https://doi.org/10.1136/jitc-2023-sitc2023.0204	0	article	True	Single-cell and spatial transcriptomics	False	True	False
1437 Proteomic profiling of tumor microenvironment in desmoplastic melanoma using the nanostring geomx digital spatial profiler	2023-10-31	David Su, David A. Schoenfeld, Wael Ibrahim, Raymond P. Baumann, David L. Rimm, Harriet M. Kluger, Kelly Olino, Anjela Galan, Jim Clune	Yale New Haven Hospital, Yale University	Regular and Young Investigator Award Abstracts	https://doi.org/10.1136/jitc-2023-sitc2023.1437	0	article	True	Cutaneous Melanoma Detection and Management	False	True	False
MALDI HiPLEX-IHC: multiomic and multimodal imaging of targeted intact proteins in tissues	2023-05-02	Mark J. Lim, Gargey Yagnik, Corinna Henkel, Signe F. Frost, Tanja Bien, Kenneth J. Rothschild	Bruker (Germany), Boston University	Frontiers in Chemistry	https://doi.org/10.3389/fchem.2023.1182404	57	article	True	Mass Spectrometry Techniques and Applications	False	True	False
Abstract 4634: Identifying and analyzing tumor subtypes using custom morphology markers for NanoString® GeoMx® Digital Spatial Profiler	2023-04-04	Jessica Runyon, Vijay Baichwal, Weston Stauffer, Christian J. Nievera	Pulse Biosciences (United States)	Cancer Research	https://doi.org/10.1158/1538-7445.am2023-4634	0	article	False	Cancer Genomics and Diagnostics	False	True	False
Human vascularized macrophage-islet organoids to model immune-mediated pancreatic β cell pyroptosis upon viral infection	2024-09-02	Liuliu Yang, Yuling Han, Tuo Zhang, Xue Dong, Jian Ge, Aadita Roy, Jiajun Zhu, Tiankun Lu, J. Jeya Vandana, Neranjan de Silva, Catherine C. Robertson, Jenny Xiang, Chendong Pan, Yanjie Sun, Jianwen Que, Todd Evans, Chengyang Liu, Wei Wang, Ali Naji, Stephen C.J. Parker, Robert E. Schwartz, Shuibing Chen	University of Pennsylvania, State Key Laboratory of Stem Cell and Reproductive Biology, Chinese Academy of Medical Sciences & Peking Union Medical College, Weill Cornell Medicine, Institute of Hematology & Blood Diseases Hospital, Institute of Zoology, University of Michigan–Ann Arbor, Cornell University, Columbia University Irving Medical Center, Genomic Health (United States), Chinese Academy of Sciences	Cell stem cell	https://doi.org/10.1016/j.stem.2024.08.007	29	article	True	Pancreatic function and diabetes	False	False	False
Spatial transcriptomic characterization of non-lesional, non-tumor lesional and tumor skin in mycosis fungoides using CosMx spatial molecular imaging	2025-10-01	Mona Pourjafar, Signe Hedebo, Rikke Bech		European Journal of Cancer	https://doi.org/10.1016/j.ejca.2025.115843	0	article	False	Cutaneous lymphoproliferative disorders research	True	False	False
Late Breaking Abstract - CosMx™ subcellular spatial molecular imaging of bronchial biopsies from patients with severe eosinophilic asthma treated with mepolizumab. Preliminary results of the MESILICO study.	2025-09-27	Kalliopi Domvri, James L. Sinclair, SSenkirikimbe William, Amanda J. Cox, Nicholas P. West, Κonstantinos Porpodis	Griffith University, University of Queensland, G. Papanikolaou General Hospital	Unknown Journal	https://doi.org/10.1183/13993003.congress-2025.pa4260	0	article	False	Unknown	True	False	False
Multiplexed trackable intratumor microdosing of the investigational STING agonist TAK-676 alone and in combination in the native tumor microenvironment of patients with head and neck cancer: A phase 0 trial.	2023-06-01	Karthik Rajasekaran, Thomas J. Ow, Cherie‐Ann O. Nathan, Alice L. Tang, Vikas Mehta, Bradley A. Schiff, John Pang, Annemieke van Zante, Atticus Turner, Marc Grenley, Connor Burns, Angela Merrell, Emily Beirne, Jonathan M.J. Derry, Nathan J. Schauer, Jason P. Frazier, Wendy Jenkins, Richard C. Gregory, Neil Lineberry, Richard A. Klinghoffer	University of Pennsylvania, Takeda (United States), University of California, San Francisco, Louisiana State University Health Sciences Center Shreveport, Montefiore Medical Center, University of Cincinnati Medical Center, Presage Biosciences (United States), University of Cincinnati, Albert Einstein College of Medicine	Journal of Clinical Oncology	https://doi.org/10.1200/jco.2023.41.16_suppl.2579	4	article	False	Cancer Immunotherapy and Biomarkers	True	True	False
1472: GeoMX spatial transcriptomics of TDLN after chemoradiotherapy and ICI in T3-4N0-1 NSCLC patients	2024-05-01	Sofie Koomen, Ezgi B Ulas, Anne Vrijmoet, Chris Dickhoff, Idris Bahce, Suresh Senan, Tanja D. de Gruijl, Marieke F. Fransen, Teodora Radonic, Febe van Maldegem, Famke L. Schneiders		Radiotherapy and Oncology	https://doi.org/10.1016/s0167-8140(24)01859-0	0	article	False	Esophageal Cancer Research and Treatment	False	True	False
Precise morphological mapping of high plex neurodegenerative and neuroinflammation protein targets in human and mouse FFPE brain tissue with the GeoMx™ digital spatial profiler	2020-12-01	Alyssa Rosenbloom, Arya Bahrami, Jamie Kuhar, Kelly Miller, Yan Liang, Gary Geiss, Joseph Beechem	Nanostring Technologies (United States)	Alzheimer s & Dementia	https://doi.org/10.1002/alz.043951	0	article	True	Neuroinflammation and Neurodegeneration Mechanisms	False	True	False
CosMx 1k plex panel on autoimmune hepatitis, seronegative liver disease and donor control human explant liver samples	2025-10-16	Amber Bozward	University of Birmingham	Unknown Journal	https://doi.org/10.6019/s-biad2346	0	dataset	False	Liver Diseases and Immunity	True	False	False
Sample size calculation for a NanoString GeoMx spatial transcriptomics experiment to study predictors of fibrosis progression in non-alcoholic fatty liver disease	2023-01-21	Maria Ryaboshapkina, Vian Azzu	AstraZeneca (Sweden), AstraZeneca (United Kingdom)	Unknown Journal	https://doi.org/10.1101/2023.01.20.524846	0	preprint	True	Liver Disease Diagnosis and Treatment	False	True	False
GeoMx Whole Transcriptome Atlas (WTA) Assay with H&amp;E-Guided ROI Selection for FFPE Human Lung Tissue Microarrays (TMA) v1	2026-01-07	Kenichi Okuda, Edison Floyd, Nicholas C. Pankow, Anna T. Rogers, Adam D. Pfefferle, Gabriela De la Cruz, Gloria S Pryhuber, Jim Hagood		Unknown Journal	https://doi.org/10.17504/protocols.io.x54v9bd34l3e/v1	0	article	True	Gene expression and cancer classification	False	True	False
"Supplemental Data to ""Sample size calculation for a NanoString GeoMx spatial transcriptomics experiment to study predictors of fibrosis progression in non-alcoholic fatty liver disease"""	2023-01-01	Maria Ryaboshapkina		Figshare	https://doi.org/10.6084/m9.figshare.21997175	0	dataset	True	Liver Disease Diagnosis and Treatment	False	True	False
P2‐104: PRECISE MORPHOLOGICAL MAPPING OF HIGH PLEX NEURODEGENERATIVE AND NEUROINFLAMMATION PROTEIN TARGETS IN HUMAN FFPE BRAIN TISSUE WITH THE GEOMX™ DIGITAL SPATIAL PROFILER	2019-07-01	Alyssa Rosenbloom, Arya Bahrami, Lisa Bogatzki, Heather Metz, Warren Carter, Jamie Kuhar, Kelly Miller, Yan Liang, Gary Geiss, Joseph Beechem	Nanostring Technologies (United States)	Alzheimer s & Dementia	https://doi.org/10.1016/j.jalz.2019.06.2511	0	article	True	3D Printing in Biomedical Research	False	True	False
1724 Unrevealing Spatial Differences in a Cohort of Highly Proliferative Lung Carcinoids with the GeoMx® Digital Spatial Profiler	2025-03-01	Giovanna Sabella, Daniele Lorenzini, Silvia Brich, Daiana Stetco, Katia Todoerti, Mauro Niero, Giovanni Centonze, Marco Gentili, Benedetta Bodini, Luca Agnelli, Massimo Milione	Fondazione IRCCS Istituto Nazionale dei Tumori, Ospedale di Livorno	Laboratory Investigation	https://doi.org/10.1016/j.labinv.2024.103969	0	article	False	Thyroid Cancer Diagnosis and Treatment	False	True	False
Identification of retinal oligomeric, citrullinated, and other tau isoforms in early and advanced AD and relations to disease status	2024-07-09	Haoshen Shi, Nazanin Mirzaei, Yosef Koronyo, Miyah R. Davis, Edward Robinson, Gila M. Braun, Ousman Jallow, Altan Rentsendorj, V. Krishnan Ramanujan, Justyna Fert‐Bober, Andrei A. Kramerov, Alexander V. Ljubimov, Lon S. Schneider, Warren G. Tourtellotte, Debra Hawes, Julie A. Schneider, Keith L. Black, Rakez Kayed, Maj‐Linda B. Selenica, Daniel C. Lee, Dieu‐Trang Fuchs, Maya Koronyo‐Hamaoui	Rush University Medical Center, The University of Texas Medical Branch at Galveston, University of Kentucky, Cedars-Sinai Smidt Heart Institute, Cedars-Sinai Medical Center, University of Southern California, University of South Florida	Acta Neuropathologica	https://doi.org/10.1007/s00401-024-02760-8	22	article	True	Retinal Imaging and Analysis	False	False	False
Advances in mixed cell deconvolution enable quantification of cell types in spatially-resolved gene expression data	2020-08-05	Patrick Danaher, Young‐Mi Kim, Brenn Nelson, Maddy Griswold, Zhi Yang, Erin Piazza, Joseph Beechem	Nanostring Technologies (United States)	Unknown Journal	https://doi.org/10.1101/2020.08.04.235168	23	preprint	True	Single-cell and spatial transcriptomics	False	True	False
RNA Slide Preparation Protocol (FFPE) for nanostring DSP - GeoMx - Human Ovary U54 Native Tissue v2 v2	2024-03-27	Nicholas G. Martin, Tommy Tran	Buck Institute for Research on Aging	Unknown Journal	https://doi.org/10.17504/protocols.io.bp2l624bdgqe/v2	0	preprint	True	Molecular Biology Techniques and Applications	False	True	False
Abstract 840: Pathway enrichment analysis of gene expression data from formalin-fixed paraffin embedded (FFPE) samples using the GeoMx™ DSP Platform	2020-08-15	Tressa Hood, Jason Reeves, Zach Norgaard, Margaret L. Hoang, Sarah Warren, Erin Piazza, Rich Boykin, Joseph Beechem	Nanostring Technologies (United States)	Cancer Research	https://doi.org/10.1158/1538-7445.am2020-840	0	article	False	Molecular Biology Techniques and Applications	False	True	False
Abstract 499: NanoString®GeoMx®digital spatial profiling further defines the role of B cells in the response to immune checkpoint blockade	2019-07-01	Beth A. Helmink, Sangeetha M. Reddy, Jorge Blando, Yan Liang, Sarah Warren, Vancheswaran Gopalakrishnan, Hussein Tawbi, Rodabe N. Amaria, Michael A. Davies, Jeffrey E. Gershenwald, Elizabeth M. Burton, Rafet Başar, Alexander J. Lazar, Courtney W. Hudgens, Katy Rezvani, James P. Allison, Padmanee Sharma, Joseph Beechem, Jennifer A. Wargo, Michael T. Tetzlaff	Nanostring Technologies (United States), The University of Texas MD Anderson Cancer Center	Immunology	https://doi.org/10.1158/1538-7445.sabcs18-499	0	article	False	Immunotherapy and Immune Responses	False	True	False
Exploring the Tumor Microenvironments of Follicular Helper T-Cell Lymphomas of Angioimmunoblastic-Type and Follicular-Type Using the Geomx® Digital Spatial Profiler	2024-11-05	Jeffrey W. Craig, Sahil Chaudhary, Patcharin Pramoonjago, Ipsita Pal, Nathan Roberts, Enrica Marchi	University of Virginia Health System, University of Virginia, University of Virginia Cancer Center	Blood	https://doi.org/10.1182/blood-2024-201722	0	article	False	Lymphoma Diagnosis and Treatment	False	True	False
Abstract 3424: Deep mechanistic profiling of immune oncology (I-O) drug combinations in cancer patients with CIVO® intratumoral microdosing and NanoString GeoMx DSP	2022-06-15	Jason P. Frazier, Kenneth R. Gundle, Marc Grenley, Gloria Kung, Kimberly H.W. Sottero, Kirsten Anderson, Richard A. Klinghoffer, Jonathan M.J. Derry	Presage Biosciences (United States)	Cancer Research	https://doi.org/10.1158/1538-7445.am2022-3424	0	article	False	Cancer Genomics and Diagnostics	False	True	False
Abstract 5103: Digital spatial profling with GeoMx to identify differential protein expression in Non-Hispanic/Latino and Hispanic/Latino Patients with metastatic hormone sensitive prostate cancer	2025-04-21	Peter D. Zang, Joe Bonner, Alex Chehrazi‐Raffle, Lixin Yang, Natasha Garg, Swapnil Rajurkar, James Shen, Naveen Gupta, Amartej Merla, Sumanta Pal, Raju Pillai, Stephen B. Gruber, Tanya B. Dorff	City Of Hope National Medical Center	Cancer Research	https://doi.org/10.1158/1538-7445.am2025-5103	0	article	False	Prostate Cancer Treatment and Research	False	True	False
Advanced Molecular Characterization Using Digital Spatial Profiling Technology on Immunooncology Targets in Methylated Compared with Unmethylated IDH-Wildtype Glioblastoma	2021-02-24	Hannah R. Barber, Antonis Tofias, Beatrice Lander, Aled R. Daniels, Jingjing Gong, Yuqi Ren, Xuli Ren, Yan Liang, Paul White, Kathreena M. Kurian	University of Bristol, University of the West of England, Brain Tumour Research, Nanostring Technologies (United States)	Journal of Oncology	https://doi.org/10.1155/2021/8819702	10	article	True	Glioma Diagnosis and Treatment	False	False	False
EPCO-27. RECONSTRUCTION OF THE SPATIAL ECOSYSTEM OF GLIOBLASTOMA REVEALS RECURRENT RELATIONSHIPS BETWEEN TUMOR CELL STATES AND TUMOR MICROENVIRONMENT	2023-11-01	Bruno Adabbo, Simona Migliozzi, Luciano Garofano, Young Taek Oh, Sakir H. Gultekin, Fulvio D’Angelo, Evan R. Roberts, Daniel Bilbao, Pedro Davila, Siôn L. Williams, Benjamin Currall, Michele Ceccarelli, Anna Lasorella, Antonio Iavarone	University of Miami	Neuro-Oncology	https://doi.org/10.1093/neuonc/noad179.0490	1	article	True	Single-cell and spatial transcriptomics	True	True	False
Abstract 499: NanoString®GeoMx®digital spatial profiling further defines the role of B cells in the response to immune checkpoint blockade	2019-07-01	Beth A. Helmink, Sangeetha M. Reddy, Jorge Blando, Yan Liang, Sarah Warren, Vancheswaran Gopalakrishnan, Hussein A. Tawbi, Rodabe N. Amaria, Michael A. Davies, Jeffrey E. Gershenwald, Elizabeth M. Burton, Rafet Başar, Alexander J. Lazar, Courtney W. Hudgens, Katy Rezvani, James P. Allison, Padmanee Sharma, Joseph Beechem, Jennifer A. Wargo, Michael T. Tetzlaff	The University of Texas MD Anderson Cancer Center	Cancer Research	https://doi.org/10.1158/1538-7445.am2019-499	0	article	False	Cancer Immunotherapy and Biomarkers	False	True	False
Spatially-resolved, multiplexed quantification of protein and mRNA distribution and abundance in colorectal cancer tumor microenvironment with multiple modalities of NanoString GeoMx Digital Spatial Profiler.	2019-05-20	Gokhan Demirkan, Chris Merritt, Douglas Hinerfeld, Giang T. Ong, Kristina Sorg, Gayathri Balasundaram, Dwayne Dunaway, Gary Geiss, Joseph Beechem	Nanostring Technologies (United States)	Journal of Clinical Oncology	https://doi.org/10.1200/jco.2019.37.15_suppl.e14218	0	article	False	Cancer Genomics and Diagnostics	False	True	False
Abstract 1688: High-throughput immune cell phenotyping using GeoMx DSP reveals Non-Small Cell Lung Cancers (NSCLC) are divided into distinct immunological subtypes	2020-08-15	Youngmi Kim, Patrick Danaher, Brenn Nelson, Maddy Griswold, Margaret L. Hoang, McGarry Houghton, Joseph Beechem	Fred Hutch Cancer Center	Cancer Research	https://doi.org/10.1158/1538-7445.am2020-1688	0	article	False	Single-cell and spatial transcriptomics	False	True	False
Cutting-Edge Platforms for Analysis of Immune Cells in the Hepatic Microenvironment—Focus on Tumor-Associated Macrophages in Hepatocellular Carcinoma	2022-04-07	Daniel Millián, Ómar A. Saldarriaga, Timothy G. Wanninger, Jared K. Burks, Yousef N. Rafati, Joseph Gosnell, Heather L. Stevenson	The University of Texas Medical Branch at Galveston, The University of Texas MD Anderson Cancer Center	Cancers	https://doi.org/10.3390/cancers14081861	22	review	True	Immune cells in cancer	False	True	False
Digital quantitative assessment of PD-L1 using digital spatial profiling	2020-04-06	Swati Gupta, Jon Zugazagoitia, Sandra Martínez-Morilla, Kit Fuhrman, David L. Rimm	Nanostring Technologies (United States), Yale University	Laboratory Investigation	https://doi.org/10.1038/s41374-020-0424-5	32	article	True	Cancer Immunotherapy and Biomarkers	False	False	False
Spatial multi-omics of human skin reveals KRAS and inflammatory responses to spaceflight	2024-06-11	Jiwoon Park, Eliah Overbey, S Narayanan, JangKeun Kim, Braden Tierney, Namita Damle, Deena Najjar, Krista Ryon, Jacqueline Proszynski, Ashley S. Kleinman, Jeremy Wain Hirschberg, Matthew MacKay, Evan E. Afshin, Richard D. Granstein, Justin Gurvitch, Briana M. Hudson, Aric B.E. Rininger, Sean Mullane, S. Church, Cem Meydan, George M. Church, Afshin Beheshti, Jaime Mateus, Christopher E. Mason	Broad Institute, SpaceX (United States), Weill Cornell Medicine, Ames Research Center, Nanostring Technologies (United States), Blue Marble Space, Blue Marble Space Institute of Science, Cornell University, Florida State University, Harvard University	Nature Communications	https://doi.org/10.1038/s41467-024-48625-2	23	article	True	Spaceflight effects on biology	False	False	False
Abstract 5237: High-throughput slide preparation for spatially-resolved, multiplexed quantification of protein or mRNA in tumor tissues with automation of GeoMx™ DSP Assays on Leica Biosystems BOND RX	2020-08-15	Daniel R. Zollinger, Sarah Ketting, Kristina Sorg, Oliver K. Appelbe, Danielle Aaker, Damian Cockfield, Chris Merritt, Joseph Beechem	Nanostring Technologies (United States)	Cancer Research	https://doi.org/10.1158/1538-7445.am2020-5237	0	article	False	Single-cell and spatial transcriptomics	False	True	False
Models that combine transcriptomic with spatial protein information exceed the predictive value for either single modality	2021-05-28	Ioannis Vathiotis, Zhi Yang, Jason Reeves, Maria Toki, Thazin Nwe Aung, Pok Fai Wong, Harriet M. Kluger, Konstantinos N. Syrigos, Sarah Warren, David L. Rimm	Yale Cancer Center, National and Kapodistrian University of Athens, Nanostring Technologies (United States), Yale University	npj Precision Oncology	https://doi.org/10.1038/s41698-021-00184-1	18	article	True	Cancer Genomics and Diagnostics	False	False	False
Transcriptome-wide spatial RNA profiling maps the cellular architecture of the developing human neocortex	2021-03-20	Kenny Roberts, Alexander Aivazidis, Vitalii Kleshchevnikov, Tong Li, Robin Fropf, Michael Rhodes, Joseph Beechem, Martin Hemberg, Omer Ali Bayraktar	Brigham and Women's Hospital, Wellcome Sanger Institute, North Seattle College, Nanostring Technologies (United States), Harvard University	Unknown Journal	https://doi.org/10.1101/2021.03.20.436265	21	preprint	True	Single-cell and spatial transcriptomics	False	True	False
Fixed Time-Point Analysis Reveals Repetitive Mild Traumatic Brain Injury Effects on Resting State Functional Magnetic Resonance Imaging Connectivity and Neuro-Spatial Protein Profiles	2023-04-13	Sakthivel Ravi, Marangelie Criado‐Marrero, Daylin Barroso, Isadora Braga, MacKenzie L. Bolen, Uriel Rubinovich, Gabriela P. Hery, Matteo M. Grudny, John Koren, Stefan Prokop, Marcelo Febo, Jose F. Abisambra	University of Florida	Journal of Neurotrauma	https://doi.org/10.1089/neu.2022.0464	21	article	True	Traumatic Brain Injury Research	False	False	False
Abstract 146: Multiple modalities of NanoString GeoMx™ Digital Spatial Profiler allow for spatially-resolved, multiplexed quantification of protein and mRNA distribution and abundance	2019-07-01	Gokhan Demirkan, Elena Viboch, Chris Merritt, Giang T. Ong, Kristi Zevin, Kristina Sorg, Lindy Irving, Dwayne Dunaway, Gary Geiss, Joseph Beechem	Nanostring Technologies (United States)	Tumor Biology	https://doi.org/10.1158/1538-7445.sabcs18-146	0	article	True	Advanced biosensing and bioanalysis techniques	False	True	False
Abstract 146: Multiple modalities of NanoString GeoMx™ Digital Spatial Profiler allow for spatially-resolved, multiplexed quantification of protein and mRNA distribution and abundance	2019-07-01	Gokhan Demirkan, Elena Viboch, Chris Merritt, Giang T. Ong, Kristi Zevin, Kristina Sorg, Lindy Irving, Dwayne Dunaway, Gary Geiss, Joseph Beechem	Nanostring Technologies (United States)	Cancer Research	https://doi.org/10.1158/1538-7445.am2019-146	0	article	False	Single-cell and spatial transcriptomics	False	True	False
Quantitative RNA assessment and long-term stability in the FFPE tumor samples using Digital Spatial Profiler	2021-12-28	Sunil K. Gupta, T. Chen, Benoit Destenaves		Immuno-Oncology Technology	https://doi.org/10.1016/j.iotech.2021.100069	8	article	True	Molecular Biology Techniques and Applications	False	False	False
Quantitative RNA assessment and long-term stability in the FFPE tumor samples using Digital Spatial Profiler	2021-12-28	Sunil K. Gupta, T. Chen, Benoit Destenaves		Immuno-Oncology Technology	https://doi.org/10.1016/j.iotech.2021.100069	8	article	True	Molecular Biology Techniques and Applications	False	False	False
1448 Comparison of spatial transcriptomic platforms in FFPE TMA samples	2024-11-01	Nejla Ozirmak Lermi, Max Molina, Sharia Hernandez, Alejandra G. Serrano, Katarzyna Tomczak, Wei Lu, Khaja Khan, Sean Barnes, Jinzhuang Duo, Qingnan Liang, Jiang Mei, Beatriz Sánchez Espiridión, Annikka Weissferdt, John V. Heymach, Jianjun Zhang, Boris Sepesi, Tina Cascone, Anne S. Tsao, Mehmet Altan, Reza J. Mehran, Don L. Gibbons, Ignacio I. Wistuba, Cara Haymaker, Ken Chen, Luisa M. Solis Soto	Swedish Medical Center, The University of Texas MD Anderson Cancer Center	Regular and Young Investigator Award Abstracts	https://doi.org/10.1136/jitc-2024-sitc2024.1448	1	article	True	Single-cell and spatial transcriptomics	True	True	False
Spatial Transcriptome‐Wide Profiling of Small Cell Lung Cancer Reveals Intra‐Tumoral Molecular and Subtype Heterogeneity	2024-06-19	Zicheng Zhang, Xujie Sun, Yutao Liu, Yibo Zhang, Zijian Yang, Jiyan Dong, Nan Wang, Jianming Ying, Meng Zhou, Lin Yang	Chinese Academy of Medical Sciences & Peking Union Medical College, Wenzhou Medical University, Affiliated Eye Hospital of Wenzhou Medical College	Advanced Science	https://doi.org/10.1002/advs.202402716	19	article	True	Lung Cancer Research Studies	False	True	False
Use of High-Plex Data Reveals Novel Insights into the Tumour Microenvironment of Clear Cell Renal Cell Carcinoma	2022-11-01	Raffaele De Filippis, Georg Wölflein, In Hwa Um, Peter D. Caie, Sarah Warren, Andrew White, Elizabeth Suen, Emily To, Ognjen Arandjelović, David J. Harrison	Sandia National Laboratories California, Nanostring Technologies (United States), University of St Andrews	Cancers	https://doi.org/10.3390/cancers14215387	9	article	True	Renal cell carcinoma treatment	False	False	False
Proteomic Profiling of Fallopian Tube-Derived Extracellular Vesicles Using a Microfluidic Tissue-on-Chip System	2023-03-27	Didi Zha, Sagar Rayamajhi, Jared Sipes, Angela Russo, Harsh B. Pathak, Kailiang Li, Mihaela E. Sardiu, Leonidas E. Bantis, Amrita Mitra, Rajni V. Puri, Camille V. Trinidad, Brian P. Cain, Brett C. Isenberg, Jonathan Coppeta, Shannon MacLaughlan, Andrew K. Godwin, Joanna E. Burdette	University of Illinois Chicago, Draper Laboratory, University of Kansas Medical Center	Bioengineering	https://doi.org/10.3390/bioengineering10040423	20	article	True	Extracellular vesicles in disease	False	False	False
Single cell spatial profiling of FFPE splenic tissue from a humanized mouse model of HIV infection	2024-10-08	Guoxin Wu, Samuel H. Keller, Luca Sardo, Brian C. Magliaro, Paul Zuck, Carl J. Balibar, Claire Williams, Liuliu Pan, Mark Gregory, Kathy Ton, Jill W. Maxwell, Carol Cheney, T. Rush, Bonnie J. Howell	Nanostring Technologies (United States), Bruker (United States), Merck & Co., Inc., Rahway, NJ, USA (United States)	Biomarker Research	https://doi.org/10.1186/s40364-024-00658-x	5	article	True	HIV Research and Treatment	False	False	False
Comparison of imaging-based single-cell resolution spatial transcriptomics profiling platforms using formalin-fixed, paraffin-embedded tumor samples	2024-12-17	Nejla Ozirmak Lermi, Marta Ayala, Sharia Hernandez, Wei Lu, Khaja Khan, Alejandra G. Serrano, Idania Carolina Lubo Julio, Leticia Hamana, Katarzyna Tomczak, Sean Barnes, Jinzhuang Dou, Qingnan Liang, RTI Team, Maria Gabriela Raso, Ximing Tang, Mei Jiang, Beatriz Sánchez‐Espiridión, Annikka Weissferdt, John V. Heymach, Jianjun Zhang, Boris Sepesi, Tina Cascone, Anne S. Tsao, Mehmet Altan, Reza J. Mehran, Don L. Gibbons, Ignacio Wistuba, Cara Haymaker, Ken Chen, Luisa M. Solis Soto	The University of Texas MD Anderson Cancer Center	Unknown Journal	https://doi.org/10.1101/2024.12.13.628390	2	preprint	True	Single-cell and spatial transcriptomics	False	True	False
Intratumoral spatial heterogeneity of tumor-infiltrating lymphocytes is a significant factor for precisely stratifying prognostic immune subgroups of microsatellite instability-high colorectal carcinomas	2022-07-22	Minsun Jung, Ji Ae Lee, Seungyeon Yoo, Jeong Mo Bae, Gyeong Hoon Kang, Jung Ho Kim	Seoul National University Hospital, Severance Hospital, Yonsei University, Seoul National University	Modern Pathology	https://doi.org/10.1038/s41379-022-01137-0	30	article	True	Cancer Immunotherapy and Biomarkers	False	True	False
Systematic benchmarking of high-throughput subcellular spatial transcriptomics platforms across human tumors	2025-10-17	Pengfei Ren, Rui Zhang, Yunfeng Wang, Peng Zhang, Ce Luo, Suyan Wang, Xiaohong Li, Zongxu Zhang, Yanping Zhao, Yufeng He, Haorui Zhang, Yufeng Li, Zhidong Gao, Xiuping Zhang, Yahui Zhao, Zhihua Liu, Yuanguang Meng, Zheng Zhang, Zexian Zeng	Chinese Academy of Medical Sciences & Peking Union Medical College, Chinese PLA General Hospital, Peking University, Peking University People's Hospital, Tsinghua University, Center for Life Sciences	Nature Communications	https://doi.org/10.1038/s41467-025-64292-3	13	article	True	Single-cell and spatial transcriptomics	True	False	False
Identification of Spatial Proteomic Signatures of Colon Tumor Metastasis	2023-04-08	Joshua Levy, John P. Zavras, Eren M. Veziroglu, Mustafa Nasir-Moin, Fred Kolling, Brock C. Christensen, Lucas A. Salas, Rachael E. Barney, Scott Palisoul, Bing Ren, Xiaoying Liu, Darcy A. Kerr, Kelli B. Pointer, Gregory J. Tsongalis, Louis Vaickus	Dartmouth Health, Dartmouth Cancer Center, Dartmouth–Hitchcock Medical Center, Dartmouth College, Dartmouth Psychiatric Research Center, Harvard University	American Journal Of Pathology	https://doi.org/10.1016/j.ajpath.2023.02.020	19	article	True	Radiomics and Machine Learning in Medical Imaging	False	False	False
<scp><i>PIK3CA</i></scp> mutation subtype delineates distinct immune profiles in gastric carcinoma	2023-06-21	Sangjoon Choi, Hyunjin Kim, You Jeoung Heo, So Young Kang, Soomin Ahn, Jeeyun Lee, Kyoung‐Mee Kim	Seoul Medical Center, Samsung Medical Center, Sungkyunkwan University	The Journal of Pathology	https://doi.org/10.1002/path.6134	14	article	True	Gastrointestinal Tumor Research and Treatment	False	True	False
Feasibility Study Utilizing NanoString’s Digital Spatial Profiling (DSP) Technology for Characterizing the Immune Microenvironment in Barrett’s Esophagus Formalin-Fixed Paraffin-Embedded Tissues	2023-12-18	Qurat Ul Ain, Nicola Frei, Amir M. Khoshiwal, Pim Stougie, Robert D. Odze, Sophie Camilleri‐Broët, Lorenzo Ferri, Lucas C. Duits, Jacques Bergman, Matthew D. Stachler	University of California, San Francisco, McGill University, Amsterdam University Medical Centers, Tufts University, Montreal General Hospital	Cancers	https://doi.org/10.3390/cancers15245895	4	article	True	Esophageal Cancer Research and Treatment	False	True	False
Systemic Tissue and Cellular Disruption from SARS-CoV-2 Infection revealed in COVID-19 Autopsies and Spatial Omics Tissue Maps	2021-03-09	Jiwoon Park, Jonathan Foox, Tyler Hether, David Danko, Sarah Warren, Youngmi Kim, Jason Reeves, Daniel Butler, Christopher Mozsary, Joel Rosiene, Alon Shaiber, Ebrahim Afshinnekoo, Matthew MacKay, Yaron Bram, Vasuretha Chandar, Heather Geiger, Arryn Craney, Priya Velu, Ari Melnick, Iman Hajirasouliha, Afshin Beheshti, Deanne Taylor, Amanda Saravia-Butler, Urminder Singh, Eve Syrkin Wurtele, Jonathan C. Schisler, Samantha Fennessey, André Corvelo, Michael C. Zody, Søren Germer, Steven Salvatore, Shawn Levy, Shixiu Wu, Nicholas P. Tatonetti, Sagi Shapira, Mirella Salvatore, Massimo Loda, Lars F. Westblade, Melissa M. Cushing, Hanna Rennert, Alison J. Kriegel, Olivier Elemento, Marcin Imieliński, Alain Borczuk, Cem Meydan, Robert E. Schwartz, Christopher E. Mason	Iowa State University, Discovery Institute, Broad Institute, University of Pennsylvania, Children's Hospital of Philadelphia, University of North Carolina at Chapel Hill, Medical College of Wisconsin, Weill Cornell Medicine, Ames Research Center, HudsonAlpha Institute for Biotechnology, Nanostring Technologies (United States), New York Genome Center, Cornell University, Columbia University, Hangzhou Cancer Hospital, MIND Research Institute, Tri-Institutional PhD Program in Chemical Biology	Unknown Journal	https://doi.org/10.1101/2021.03.08.434433	17	preprint	True	COVID-19 Clinical Research Studies	False	False	False
Systematic benchmarking of imaging spatial transcriptomics platforms in FFPE tissues	2025-11-20	Huan Wang, Ruixu Huang, Jack Nelson, Ce Gao, Miles Tran, Anna Yeaton, Sachi Krishna, Kristen D. Felt, Kathleen L. Pfaff, Teri Bowman, Scott J. Rodig, Kevin Wei, Brittany A. Goods, Samouil L. Farhi	Brigham and Women's Hospital, Broad Institute, Dana-Farber Cancer Institute, Immunai (United States), Dartmouth College	Nature Communications	https://doi.org/10.1038/s41467-025-64990-y	3	article	True	Unknown	False	False	False
994 NANOSTRING GEOMX SPATIAL TRANSCRIPTOMIC ANALYSIS OF PANCREATIC ISLETS IN DIABETIC AND NONDIABETIC PANCREATIC CANCER PATIENTS REVEALS BETA CELL DEDIFFERENTIATION ASSOCIATED WITH ER STRESS PATHWAYS AND ALTERED LIPID METABOLISM	2024-05-01	Richard T. Waldron, Aurelia Lugea, Jing Yong, Hayato Muranaka, Mingtian Che, V. Krishnan Ramanujan, Mandar D. Muzumdar, Randal J. Kaufman, Stephen J. Pandol		Gastroenterology	https://doi.org/10.1016/s0016-5085(24)01042-4	0	article	False	Pancreatic function and diabetes	False	True	False
High-Plex and High-throughput Digital Spatial Profiling of non-small-cell lung cancer (NSCLC)	2020-07-24	James Monkman, Touraj Taheri, Majid Ebrahimi Warkiani, Connor O’Leary, Rahul Ladwa, Derek J. Richard, Ken O’ Byrne, Arutha Kulasinghe	Queensland Health, The University of Queensland, Princess Alexandra Hospital, Translational Research Institute, Queensland University of Technology, University of Technology Sydney	Unknown Journal	https://doi.org/10.1101/2020.07.22.20160325	19	preprint	True	Cancer Genomics and Diagnostics	False	False	False
Spatial profiling of cancer-associated fibroblasts of sporadic early onset colon cancer microenvironment	2023-11-14	Satoru Furuhashi, Matías A. Bustos, Shodai Mizuno, Suyeon Ryu, Yalda Naeini, Anton J. Bilchik, Dave S.�B. Hoon	Saint John's Health Center, Providence College	npj Precision Oncology	https://doi.org/10.1038/s41698-023-00474-w	20	article	True	Fibroblast Growth Factor Research	False	False	False
Novel approach combining whole liver single-cell RNA sequencing and spatial gene profiling using Nanostring GEOMX enables identification of specific cell sub-populations and pathways regulated by CCL24	2022-07-01	Michal Segal-Salto, Raanan Greenman, Arnon Aharon, Ophir Hay, Amnon Peled, Adi Mor		Journal of Hepatology	https://doi.org/10.1016/s0168-8278(22)00468-8	0	article	False	Single-cell and spatial transcriptomics	False	True	False
Idelalisib inhibits experimental proliferative vitroretinopathy	2022-07-19	Lijun Dong, Haote Han, Xionggao Huang, Gaoen Ma, Fang Dong, Hui Qi, Zhuo Han, Luping Wang, Jingkui Tian, Bart Vanhaesebroeck, Guoming Zhang, Tongmao Zhao, Hetian Lei	Zhejiang Cancer Hospital, Massachusetts Eye and Ear Infirmary, Xinxiang Medical University, Smith-Kettlewell Eye Research Institute, Jinan University, University of Chinese Academy of Sciences, Cancer Hospital of Chinese Academy of Medical Sciences, Hainan Medical University, University College London, Harvard University	Laboratory Investigation	https://doi.org/10.1038/s41374-022-00822-7	12	article	False	Retinal and Macular Surgery	False	False	False
Similar programmed death ligand 1 (PD-L1) expression profile in patients with mild COPD and lung cancer	2022-12-27	Francesca Polverino, Davida Mirra, Chen Xi Yang, Renata Esposito, Giuseppe Spaziano, Joselyn Rojas, Manuela Sgambato, Elena Piegari, A Cozzolino, Erika Cione, Luca Gallelli, A. Capuozzo, Carlo Santoriello, Liberato Berrino, Juan P. de‐Torres, Tillie‐Louise Hackett, Mario Polverino, Bruno D’Agostino	"Baylor College of Medicine, Magna Graecia University, University of Calabria, Queen's University, University of British Columbia, University of Campania ""Luigi Vanvitelli"", Ospedale Antonio Cardarelli"	Scientific Reports	https://doi.org/10.1038/s41598-022-26650-9	32	article	True	Cancer Immunotherapy and Biomarkers	False	False	False
Highly Multiplexed Spatially Resolved Proteomic and Transcriptional Profiling of the Glioblastoma Microenvironment Using Archived Formalin-Fixed Paraffin-Embedded Specimens	2023-01-01	Youngmi Kim, Patrick Danaher, Patrick J. Cimino, Kyle Hurth, Sarah Warren, John Glod, Joseph Beechem, Gabriel Zada, Troy A. McEachron	National Institute of Neurological Disorders and Stroke, University of Washington, National Institutes of Health, National Cancer Institute, Nanostring Technologies (United States), University of Southern California	Modern Pathology	https://doi.org/10.1016/j.modpat.2022.100034	14	article	True	Single-cell and spatial transcriptomics	False	False	False
Mixed Effects Machine Learning Models for Colon Cancer Metastasis Prediction using Spatially Localized Immuno-Oncology Markers	2021-08-02	Joshua Levy, Carly A. Bobak, Mustafa Nasir-Moin, Eren M. Veziroglu, Scott Palisoul, Rachael E. Barney, Lucas A. Salas, Brock C. Christensen, Gregory J. Tsongalis, Louis Vaickus	Dartmouth Psychiatric Research Center, Dartmouth–Hitchcock Medical Center, Dartmouth College	Unknown Journal	https://doi.org/10.1101/2021.08.01.454649	8	preprint	True	Health, Environment, Cognitive Aging	False	True	False
Comparison of imaging-based single-cell resolution spatial transcriptomics profiling platforms using formalin-fixed, paraffin-embedded tumor samples	2025-01-16	Luisa M. Solis Soto, Nejla Ozirmak Lermi, Marta Ayala, Sharia Hernandez, Wei Lu, Khaja Khan, Alejandra G. Serrano, Idania Carolina Lubo Julio, Leticia Hamana, Katarzyna Tomczak, Sean Barnes, Jinzhuang Dou, Qingnan Liang, RTI Team, Maria Gabriela Raso, Ximing Tang, Mei Jiang, Beatriz Sánchez‐Espiridión, Annikka Weissferdt, John V. Heymach, Jianjun Zhang, Boris Sepesi, Tina Cascone, Anne S. Tsao, Mehmet Altan, Reza J. Mehran, Don L. Gibbons, Ignacio Wistuba, Cara Haymaker, Ken Chen	Scripps MD Anderson Cancer Center, The University of Texas MD Anderson Cancer Center	Unknown Journal	https://doi.org/10.21203/rs.3.rs-5656204/v1	1	preprint	True	Single-cell and spatial transcriptomics	False	False	False
A maladaptive pleural environment suppresses preexisting anti-tumor activity of pleural infiltrating T cells	2023-03-30	Vera S. Donnenberg, James D. Luketich, Ibrahim Sultan, John Lister, David L. Bartlett, Sohini Ghosh, Albert D. Donnenberg	Drexel University, Allegheny Health Network, UPMC Hillman Cancer Center, McGowan Institute for Regenerative Medicine, University of Pittsburgh Medical Center, University of Pittsburgh	Frontiers in Immunology	https://doi.org/10.3389/fimmu.2023.1157697	10	article	True	CAR-T cell therapy research	False	True	False
vissE.cloud: a webserver to visualise higher order molecular phenotypes from enrichment analysis	2023-05-09	Ahmed Mohamed, Dharmesh D. Bhuva, Sam Lee, Ning Liu, Chin Wee Tan, Melissa J. Davis	Walter and Eliza Hall Institute of Medical Research, University of Queensland, University of Adelaide, University of Melbourne	Nucleic Acids Research	https://doi.org/10.1093/nar/gkad337	12	article	True	Bioinformatics and Genomic Networks	True	False	False
SIMVI reveals intrinsic and spatial-induced states in spatial omics data	2023-08-30	Mingze Dong, David Su, Harriet M. Kluger, Rong Fan, Yuval Kluger	Yale Cancer Center, Applied Mathematics (United States), Yale University	Unknown Journal	https://doi.org/10.1101/2023.08.28.554970	5	preprint	True	Single-cell and spatial transcriptomics	True	False	False
Protein-based immune profiles of basal-like vs. luminal breast cancers	2021-02-23	Andrea Walens, Linnea T. Olsson, Xiaohua Gao, Alina M. Hamilton, Erin L. Kirk, Stephanie M. Cohen, Bentley R. Midkiff, Yongjuan Xia, Mark E. Sherman, Nana Nikolaishvili‐Feinberg, Jonathan S. Serody, Katherine A. Hoadley, Melissa A. Troester, Benjamin C. Calhoun	Mayo Clinic in Florida, UNC Lineberger Comprehensive Cancer Center, University of North Carolina at Chapel Hill	Laboratory Investigation	https://doi.org/10.1038/s41374-020-00506-0	17	article	True	Immunotherapy and Immune Responses	False	False	False
SPATIAL TRANSCRIPTOMIC PROFILING OF ADVANCED OVARIAN CLEAR CELL CARCINOMA REVEALS INTRA-TUMOR HETEROGENEITY IN EPITHELIAL-MESENCHYMAL GRADIENT	2024-10-22	Thang Truong Le, Duncan Yi-Te Wang, Ko-Chen Chen, Simin Yan, Pei-Yu Chu, Tuan Zea Tan, Yi-Chia Chiu, Jia-Yuh Sheu, Caizhi Huang, Jieru Ye, Ya-Ting Tai, Hsueh‐Fen Juan, Fu-Chieh Tsai, Wei‐Chou Lin, Lin‐Hung Wei, Ruby Yun‐Ju Huang	National University Cancer Institute, Singapore, National Taiwan University Hospital, National Taiwan University, National University of Singapore, Start Making A Reader Today	Unknown Journal	https://doi.org/10.1101/2024.10.19.619181	1	preprint	True	Cancer Research and Treatments	True	True	False
A robust platform for integrative spatial multi‐omics analysis to map immune responses to <scp>SARS‐CoV</scp> ‐2 infection in lung tissues	2023-08-21	Xiao Tan, Laura F. Grice, Minh Tran, Onkar Mulay, James Monkman, Tony Blick, Tuan Vo, Ana Clara Almeida, Jarbas da Silva Motta, Karen Fernandes de Moura, Cleber Machado‐Souza, Paulo Souza‐Fonseca‐Guimaraes, Cristina Pellegrino Baena, Lúcia de Noronha, Fernanda Simoes Fortes Guimaraes, Hung N. Luu, Tingsheng Yu, Stephen R. Williams, Jacob Stern, Cedric R. Uytingco, Liuliu Pan, Andy Nam, Caroline Cooper, Kirsty R. Short, Gabrielle T. Belz, Fernando Souza-Fonseca-Guimarães, Arutha Kulasinghe, Quan Nguyen	QIMR Berghofer Medical Research Institute, UPMC Hillman Cancer Center, The University of Queensland, Universidade Positivo, Nanostring Technologies (United States), 10X Genomics (United States), Instituto de Tecnologia do Paraná, Pontifícia Universidade Católica do Paraná	Immunology	https://doi.org/10.1111/imm.13679	12	article	True	Single-cell and spatial transcriptomics	False	True	False
Spatial Transcriptomics Reveals Cancer and Stromal Cell Heterogeneity Between Center and Invasive Front of Pancreatic Cancer	2025-01-29	Tine Norman Alver, Helga Bergholtz, Maia Blomhoff Holm, Linda Trobe Dorg, Martina L. Skrede, Elin H. Kure, Caroline S. Verbeke	University of Oslo, Oslo University Hospital	Modern Pathology	https://doi.org/10.1016/j.modpat.2025.100726	13	article	True	Pancreatic and Hepatic Oncology Research	False	True	False
The Spatial Atlas of Human Anatomy (SAHA): A Multimodal Subcellular-Resolution Reference Across Human Organs	2025-06-16	Jiwoon Park, Roberto De Gregorio, Erika Hissong, Elif Ozcelik, Nicholas Bartelo, Felipe Segato Dezem, Luke Zhang, Maycon Marção, Hannah Chasteen, Yi-Min Zheng, Ernesto Abila, Junbum Kim, Theodore M. Nelson, Jacqueline Proszynski, Mohith Reddy Arikatla, Mohith Reddy Arikatla, Yutian Liu, Yutian Liu, S. Rogers, S. Rogers, Parambir S. Dulai, Jason Reeves, Jason Reeves, Liuliu Pan, Subir Bhattacharjee, Subir Bhattacharjee, Michael Patrick, Ashley Heck, Mithra Korukonda, Mithra Korukonda, Dan McGuire, Aster Wardhani, Aster Wardhani, Joseph Beechem, Steven M. Lipkin, Steven M. Lipkin, Fabio Socciarelli, Rohit Chandwani, Sébastien Monette, Jan Krumsiek, Massimo Loda, Sébastien Monette, Brian D. Robinson, Massimo Loda, André F. Rendeiro, Alicia Alonso, Robert E. Schwartz, André F. Rendeiro, Christopher E. Mason, Robert E. Schwartz, Shauna L Houlihan, Christopher E. Mason	Bruker (United States), Ludwig Boltzmann Institute for Age Research, Lander Institute, Northwestern University, University of Adelaide, Ludwig Boltzmann Institute Applied Diagnostics, Weill Cornell Medicine, St. Jude Children's Research Hospital, Ludwig Boltzmann Institute for Cancer Research, Memorial Sloan Kettering Cancer Center, CeMM Research Center for Molecular Medicine, Cornell University, Austrian Academy of Sciences, Harvard University	Unknown Journal	https://doi.org/10.1101/2025.06.16.658716	1	preprint	True	Single-cell and spatial transcriptomics	True	True	False
Microarray integrated spatial transcriptomics (MIST) for affordable and robust digital pathology	2024-11-30	Juwayria, Priyansh Shrivastava, Kaustar Yadav, Sourabh Das, Shubham Mittal, Sunil Kumar, Deepali Jain, Prabhat Singh Malik, Ishaan Gupta	All India Institute of Medical Sciences, Indian Institute of Technology Delhi	npj Systems Biology and Applications	https://doi.org/10.1038/s41540-024-00462-1	6	article	True	Single-cell and spatial transcriptomics	False	False	False
SIMVI disentangles intrinsic and spatial-induced cellular states in spatial omics data	2025-03-27	Mingze Dong, David Su, Harriet M. Kluger, Rong Fan, Yuval Kluger	Yale Cancer Center, Yale University	Nature Communications	https://doi.org/10.1038/s41467-025-58089-7	7	article	True	Single-cell and spatial transcriptomics	False	False	False
Spatial resolution of the head and neck cancer tumor microenvironment to identify tumor and stromal features associated with therapy response	2024-07-24	Naomi Berrell, James Monkman, Meg L. Donovan, Tony Blick, Kenneth J. O’Byrne, Rahul Ladwa, Chin Wee Tan, Arutha Kulasinghe	The University of Queensland, Princess Alexandra Hospital, The University of Melbourne, Wesley Hospital, Walter and Eliza Hall Institute of Medical Research	Immunology and Cell Biology	https://doi.org/10.1111/imcb.12811	14	article	True	Photoacoustic and Ultrasonic Imaging	False	True	False
Multiplexed Evaluation of Microdosed Antineoplastic Agents <i>In Situ</i> in the Tumor Microenvironment of Patients with Soft Tissue Sarcoma	2020-04-16	Kenneth R. Gundle, Gary B. Deutsch, Howard J. Goodman, Seth M. Pollack, Matthew J. Thompson, Jessica L. Davis, Mee-Young Lee, Daniel C. Ramirez, William Kerwin, Jessica A. Bertout, Marc Grenley, Kimberly H.W. Sottero, Emily Beirne, Jason P. Frazier, Joyoti Dey, Micah Ellison, Richard A. Klinghoffer, Robert G. Maki	Fred Hutch Cancer Center	Clinical Cancer Research	https://doi.org/10.1158/1078-0432.ccr-20-0614	15	letter	True	Sarcoma Diagnosis and Treatment	False	True	False
Exposure to environmental airborne particulate matter caused wide-ranged transcriptional changes and accelerated Alzheimer's-related pathology: A mouse study	2023-09-20	Liron L. Israel, Oliver Braubach, Ekaterina S. Shatalova, Oksana Chepurna, Sachin Sharma, Dmytro Klymyshyn, Anna Galstyan, Antonella Chiechi, Alysia Cox, David A. Herman, Bishop Bliss, Irene Hasen, Amanda Ting, Rebecca J. Arechavala, Michael T. Kleinman, Rameshwar Patil, Eggehard Holler, Julia Y. Ljubimova, Maya Koronyo‐Hamaoui, Tao Sun, Keith L. Black	Cedars-Sinai Medical Center, University of California, Irvine, Terasaki Foundation, Irvine University	Neurobiology of Disease	https://doi.org/10.1016/j.nbd.2023.106307	12	article	True	Air Quality and Health Impacts	False	True	False
Multiplexed digital spatial profiling of invasive breast tumors from Black and White women	2021-05-21	Angela R. Omilian, Haiyang Sheng, Chi‐Chen Hong, Elisa V. Bandera, Thaer Khoury, Christine B. Ambrosone, Song Yao	Rutgers Cancer Institute of New Jersey, Rutgers, The State University of New Jersey, Roswell Park Comprehensive Cancer Center, University at Buffalo, State University of New York	Molecular Oncology	https://doi.org/10.1002/1878-0261.13017	18	article	True	Immunotherapy and Immune Responses	False	True	False
Transcriptional signatures of hippocampal tau pathology in primary age-related tauopathy and Alzheimer’s disease	2025-03-01	Genevieve Stein-O’Brien, Ryan G. Palaganas, E. Michael Meyer, Javier Redding‐Ochoa, Olga Pletnikova, Haidan Guo, William R. Bell, Juan C. Troncoso, Richard L. Huganir, Meaghan Morris	UPMC Hillman Cancer Center, Johns Hopkins Medicine, Indiana University – Purdue University Indianapolis, Neuroscience Institute, Johns Hopkins University, Indiana University School of Medicine	Cell Reports	https://doi.org/10.1016/j.celrep.2025.115422	7	article	True	Alzheimer's disease research and treatments	False	True	False
Spatial multiomics of arterial regions from cardiac allograft vasculopathy rejected grafts reveal novel insights into the pathogenesis of chronic antibody-mediated rejection	2024-01-21	Jessica Nevarez‐Mejia, Harry Pickering, Rebecca A. Sosa, Nicole M. Valenzuela, Gregory A. Fishbein, William M. Baldwin, Robert L. Fairchild, Elaine F. Reed	Cleveland Clinic Lerner College of Medicine, University of California, Los Angeles	American Journal of Transplantation	https://doi.org/10.1016/j.ajt.2024.01.004	10	article	True	Transplantation: Methods and Outcomes	False	False	False
SpaGRN: Investigating spatially informed regulatory paths for spatially resolved transcriptomics data	2025-04-01	Yao Li, Xiaobin Liu, Lidong Guo, Kai Han, Shuangsang Fang, Xinjiang Wan, Dantong Wang, Xun Xu, Ling Jiang, Guangyi Fan, Mengyang Xu	BGI Research	Cell Systems	https://doi.org/10.1016/j.cels.2025.101243	6	article	False	Single-cell and spatial transcriptomics	False	False	False
Abstract 2707: Molecularly guided highly multiplexed digital spatial analysis reveals differential gene expression profiles in the WNT-β-catenin pathway between melanoma and prostate tumors	2020-08-15	Anushka Dikshit, Daniel R. Zollinger, Chris Merritt, Karen Nguyen, Jill McKay-Fleisch, Courtney Anderson, Xiaojun Ma	Advanced Cell Diagnostics (United States), Nanostring Technologies (United States)	Cancer Research	https://doi.org/10.1158/1538-7445.am2020-2707	2	article	False	Single-cell and spatial transcriptomics	False	True	False
New dimension in viral hepatitis research	2024-09-01	Massimiliano Cocca, Barbara Testoni	Inserm, Université Claude Bernard Lyon 1, Centre de Recherche en Cancérologie de Lyon, Centre National de la Recherche Scientifique	eGastroenterology	https://doi.org/10.1136/egastro-2024-100136	4	article	True	Hepatitis B Virus Studies	False	True	False
Exploration of spatial heterogeneity of tumor microenvironment in nasopharyngeal carcinoma via transcriptional digital spatial profiling	2023-01-01	Liping Wang, Dujuan Wang, Xiaojiao Zeng, Qian Zhang, Huiqing Wu, Jie Liu, Yang Wang, Guohong Liu, Yunbao Pan	Hubei University, Dongguan People’s Hospital, Guangdong Medical College, Zhongnan Hospital of Wuhan University, Wuhan University	International Journal of Biological Sciences	https://doi.org/10.7150/ijbs.74653	13	article	True	Immune cells in cancer	False	True	False
Integrated spatial multi‐omics profiling of <i>Fusobacterium nucleatum</i> in breast cancer unveils its role in tumour microenvironment modulation and cancer progression	2025-03-01	Feng Zhao, Rui An, Yilei Ma, Shaobo Yu, Yuzhen Gao, Yanzhong Wang, Haitao Yu, Xinyou Xie, Jun Zhang	Sir Run Run Shaw Hospital, Zhejiang University	Clinical and Translational Medicine	https://doi.org/10.1002/ctm2.70273	17	article	True	Gut microbiota and health	False	True	False
Systematic Benchmarking of High-Throughput Subcellular Spatial Transcriptomics Platforms	2024-12-25	Pengfei Ren, Rui Zhang, Yunfeng Wang, Peng Zhang, Ce Luo, Suyan Wang, Xiaohong Li, Zongxu Zhang, Yanping Zhao, Yufeng He, Haorui Zhang, Yufeng Li, Zhidong Gao, Xiuping Zhang, Yahui Zhao, Zhiyuan Liu, Yuanguang Meng, Zheng Zhang, Zexian Zeng	Chinese People's Liberation Army, Chinese Academy of Medical Sciences & Peking Union Medical College, Chinese PLA General Hospital, National Cancer Center, Peking University, Peking University People's Hospital, Chengdu University, Tsinghua University, Center for Life Sciences	Unknown Journal	https://doi.org/10.1101/2024.12.23.630033	8	preprint	True	Single-cell and spatial transcriptomics	True	False	False
Distinctive Phenotypic and Microenvironmental Characteristics of Neuroendocrine Carcinoma and Adenocarcinoma Components in Gastric Mixed Adenoneuroendocrine Carcinoma	2024-07-17	Yoonjin Kwak, Soo Kyung Nam, Yujun Park, Yun‐Suhk Suh, Sang Hoon Ahn, Seong‐Ho Kong, Do Joong Park, Hyuk‐Joon Lee, Hyung‐Ho Kim, Han‐Kwang Yang, Hye Seung Lee	CHA University, CHA University Bundang Medical Center, Chung-Ang University, Seoul National University	Modern Pathology	https://doi.org/10.1016/j.modpat.2024.100568	4	article	False	Neuroendocrine Tumor Research Advances	False	False	False
Multiplexed Digital Spatial Protein Profiling Reveals Distinct Phenotypes of Mononuclear Phagocytes in Livers with Advanced Fibrosis	2022-10-26	Jaejun Lee, Chang Min Kim, Jung Hoon, Jin Young Park, Yun Suk Yu, Hee Jung Wang, Pil Soo Sung, Eun Sun Jung, Si Hyun Bae	Catholic University of Korea, Inje University Haeundae Paik Hospital, Yang Hospital, Seoul St. Mary's Hospital	Cells	https://doi.org/10.3390/cells11213387	15	article	True	Liver Disease Diagnosis and Treatment	False	False	False
Applications of Spatial Transcriptomics in Veterinary Medicine: A Scoping Review of Research, Diagnostics, and Treatment Strategies	2025-06-26	Rachael M. Weiderman, Mahamudul Hasan, Laura C. Miller	Kansas State University	International Journal of Molecular Sciences	https://doi.org/10.3390/ijms26136163	1	review	True	Single-cell and spatial transcriptomics	False	False	False
Spatial proteomics reveals phenotypic and functional differences in T cell and macrophage subsets during villitis of unknown etiology	2024-01-09	Petra K. Lothert, Bohdana Fedyshyn, Sylvie Girard, Rana Chakraborty, Andrew P. Norgan, Elizabeth Ann L. Enninga	Mayo Clinic in Arizona, WinnMed, Mayo Clinic in Florida, Mayo Clinic	Scientific Reports	https://doi.org/10.1038/s41598-024-51545-2	7	article	True	Reproductive System and Pregnancy	False	True	False
Defining the microenvironment landscape of bladder cancer using highly multiplexed spatial genomic and proteomic analysis	2019-06-21	Jason Reeves, Zhaojie Zhang, Zachary K. Norgaard, Denise M Zhou, Jingjing Gong, Yan Liang, Subhasree Das, Sarah Warren, Manav Korpal, Margaret L. Hoang, Joseph Beechem, Pavan Kumar, Victoria Rimkunas	Nanostring Technologies (United States)	Unknown Journal	https://doi.org/10.1101/675926	2	preprint	True	Bladder and Urothelial Cancer Treatments	False	True	False
Hypoxic Upregulation of IER2 Increases Paracrine GMFG Signaling of Endoplasmic Reticulum Stress‐CAF to Promote Chordoma Progression via Targeting ITGB1	2024-08-29	Tao‐Lan Zhang, Bo‐Wen Zheng, Chao Xia, Pengfei Wu, Bo‐Yv Zheng, Lingxiang Jiang, Jing Li, Guohua Lv, Hong Zhou, Wei Huang, Ming‐Xiang Zou	Central Hospital of Wuhan, Peking University, Peking University People's Hospital, Indiana University Health, Guangzhou Medical University, Indiana University – Purdue University Indianapolis, Guangzhou Women and Children Medical Center, University of South China, Indiana University School of Medicine, Second Xiangya Hospital of Central South University, Central South University	Advanced Science	https://doi.org/10.1002/advs.202405421	10	article	True	Proteoglycans and glycosaminoglycans research	False	True	False
Identifying prognostic markers in spatially heterogeneous breast cancer microenvironment	2023-08-29	Guohong Liu, Liping Wang, Lili Ji, Dan He, Lihua Zeng, Guangzheng Zhuo, Qian Zhang, Dujuan Wang, Yunbao Pan	Guangdong Medical College, Zhongnan Hospital of Wuhan University, Wuhan University	Journal of Translational Medicine	https://doi.org/10.1186/s12967-023-04395-x	8	article	True	Single-cell and spatial transcriptomics	False	False	False
The <scp>HOPX</scp> and <scp>BLBP</scp> landscape and gliogenic regions in developing human brain	2023-02-16	Camilla Bjørnbak Holst, Christian Beltoft Brøchner, Kristoffer Vitting‐Seerup, Kjeld Møllgård	Copenhagen University Hospital, University of Copenhagen, Technical University of Denmark	Journal of Anatomy	https://doi.org/10.1111/joa.13844	9	article	True	Barrier Structure and Function Studies	False	False	False
High-plex expression profiling reveals that implants drive spatiotemporal protein production and innate immune activation for tissue repair	2021-10-20	Prajan Divakar, Jason Reeves, Jingjing Gong, Fred Kolling, P. Jack Hoopes, Ulrike G. K. Wegst	Northeastern University, Nanostring Technologies (United States), Dartmouth College	Acta Biomaterialia	https://doi.org/10.1016/j.actbio.2021.10.018	6	article	False	Bone Tissue Engineering Materials	False	False	False
LBA72 Unraveling the mechanism of action and resistance to trastuzumab deruxtecan (T-DXd): Biomarker analyses from patients from DAISY trial	2022-09-01	M.F. Mosele, Amélie Lusque, Véronique Dièras, Élise Deluche, Agnès Ducoulombier, Barbara Pistilli, T. Bachelot, F. Viret, C. Lévy, Y.C. Pradat, Dien Tran, Nathalie Droin, Michihiko Kobayashi, T. Kakewaga, Marc Deloger, Bastien Job, Marta Jimenez, M. Lacroix-Triki, Fabrice André	Institut Paoli-Calmettes, Centre Eugène Marquis, Daiichi-Sankyo (Japan), Centre Antoine Lacassagne, UniCancer Group, Centre Léon Bérard, Institut Claudius Regaud, Centre François Baclesse, Inserm, Institut Gustave Roussy	Annals of Oncology	https://doi.org/10.1016/j.annonc.2022.08.078	16	article	True	Advanced Breast Cancer Therapies	False	False	False
Autoimmunity to stromal-derived autoantigens in rheumatoid ectopic germinal centers exacerbates arthritis and affects clinical response	2024-04-30	Elisa Corsiero, Mattia Caliste, Lucas Jagemann, Liliane Fossati‐Jimack, Katriona Goldmann, Cankut Çubuk, Giulia Maria Ghirardi, Edoardo Prediletto, Felice Rivellese, Cristiano Alessandri, Mark Hopkinson, Behzâd Javaheri, Andrew A. Pitsillides, Myles Lewis, Costantino Pitzalis, Stefano Bombardieri	Royal Veterinary College, Fondazione Humanitas per la Ricerca, IRCCS Humanitas Research Hospital, Sapienza University of Rome, Queen Mary University of London	Journal of Clinical Investigation	https://doi.org/10.1172/jci169754	9	article	True	Rheumatoid Arthritis Research and Therapies	False	False	False
Glomerular spatial transcriptomics of IgA nephropathy according to the presence of mesangial proliferation	2024-01-26	Sehoon Park, Minji Kang, Yong Chul Kim, Dong Ki Kim, Kook‐Hwan Oh, Kwon Wook Joo, Yon Su Kim, Hyun Je Kim, Kyung Chul Moon, Hajeong Lee	New Generation University College, National University College, Seoul National University Hospital, Seoul National University	Scientific Reports	https://doi.org/10.1038/s41598-024-52581-8	8	article	True	Renal Diseases and Glomerulopathies	False	False	False
689P Effects of durvalumab-metformin on head and neck squamous cell carcinoma (HNSCC) as revealed by digital spatial profiling (DSP)	2022-09-01	Jennifer Riordan, A. Linnenbach, A. Alnemri, R. Philips, S. Awosanya, S. Sussman, A. Luginbuhl, D. Cognetti, Larry A. Harshyne, M. Mahoney, A. South, D. Whitaker-Menezes, M. Tuluc, A. Argiris, Ubaldo Martinez‐Outschoorn, J.M. Johnson, J.M. Curry	Thomas Jefferson University	Annals of Oncology	https://doi.org/10.1016/j.annonc.2022.07.813	2	article	False	Cancer, Lipids, and Metabolism	False	False	False
An information theoretic approach to detecting spatially varying genes	2023-06-01	Daniel C. Jones, Patrick Danaher, Young‐Mi Kim, Joseph Beechem, Raphaël Gottardo, Evan W. Newell	Fred Hutch Cancer Center, University of Lausanne, Nanostring Technologies (United States), SIB Swiss Institute of Bioinformatics, Ludwig Cancer Research	Cell Reports Methods	https://doi.org/10.1016/j.crmeth.2023.100507	4	article	True	Single-cell and spatial transcriptomics	True	False	False
Spatial transcriptomics reveals distinct tissue niches linked with steroid responsiveness in acute gastrointestinal GVHD	2023-09-12	Bidish K. Patel, Michael J. Raabe, Evan R. Lang, Yuhui Song, Chenyue Lu, Vikram Deshpande, Linda T. Nieman, Martin J. Aryee, Yi‐Bin Chen, David T. Ting, Zachariah DeFilipp	Dana-Farber Cancer Institute, Massachusetts General Hospital, Center for Cancer Research, Harvard University	Blood	https://doi.org/10.1182/blood.2023020644	7	article	True	Immune cells in cancer	False	True	False
SiGra: Single-cell spatial elucidation through image-augmented graph transformer	2022-08-19	Ziyang Tang, Tonglin Zhang, Baijian Yang, Jing Su, Qianqian Song	Indiana University School of Medicine, Atrium Health Wake Forest Baptist, Indiana University, Wake Forest University	Unknown Journal	https://doi.org/10.1101/2022.08.18.504464	6	preprint	True	Single-cell and spatial transcriptomics	True	False	False
Digital spatial profiling of melanoma shows CD95 expression in immune cells is associated with resistance to immunotherapy	2023-09-27	Sandra Martínez-Morilla, Myrto Moutafi, Aileen I. Fernandez, Shlomit Jessel, Prajan Divakar, Pok Fai Wong, Rolando García-Milian, Kurt A. Schalper, Harriet M. Kluger, David L. Rimm	Whitney Museum of American Art, Nanostring Technologies (United States), Yale University	OncoImmunology	https://doi.org/10.1080/2162402x.2023.2260618	8	article	True	Cancer Immunotherapy and Biomarkers	False	False	False
Mixed Effects Machine Learning Models for Colon Cancer Metastasis Prediction using Spatially Localized Immuno-Oncology Markers.	2022-01-06	Joshua Levy, Carly A. Bobak, Mustafa Nasir-Moin, Eren M. Veziroglu, Scott Palisoul, Rachael E. Barney, Lucas A. Salas, Brock C. Christensen, Gregory J. Tsongalis, Louis Vaickus	Dartmouth College	PubMed		4	article	True	Health, Environment, Cognitive Aging	False	True	False
UCS: A Unified Approach to Cell Segmentation for Subcellular Spatial Transcriptomics	2025-01-07	Yuheng Chen, Xinyue Xu, Xiaomeng Wan, Jiashun Xiao, Can Yang	University of Hong Kong, Hong Kong University of Science and Technology, Shenzhen Research Institute of Big Data	Small Methods	https://doi.org/10.1002/smtd.202400975	6	article	True	Single-cell and spatial transcriptomics	False	False	False
spatialGE Is a User-Friendly Web Application That Facilitates Spatial Transcriptomics Data Analysis	2024-12-05	Oscar E. Ospina, Roberto Manjarres-Betancur, Guillermo Gonzalez-Calderon, Alex C. Soupir, Inna Smalley, Kenneth Y. Tsai, Joseph Markowitz, Ethan Vallebuona, Anders Berglund, Steven A. Eschrich, Xiaoqing Yu, Brooke L. Fridley, Brooke L. Fridley	Moffitt Cancer Center, Children's Mercy Hospital	Cancer Research	https://doi.org/10.1158/0008-5472.can-24-2346	5	article	True	Single-cell and spatial transcriptomics	True	False	False
Artifacts in spatial transcriptomics data: their detection, importance, prevalence, and prevention	2025-07-01	Erich Kummerfeld, Leland Williams, Yinzhao Wang, Samuel T. Peters, Elizabeth Schmidt, Mickayla J. DuFresne-To, David Bernlohr, Paul Robbins, Sayeed Ikramuddin, Oyedele Adeyi, L Laux, G. Barthel, Steve Johnson, Jinhua Wang, Rafael R. Flores, Andrew C. Nelson, Constantin Aliferis	University of Minnesota, University of Minnesota Medical Center, Bruker (United States)	Briefings in Bioinformatics	https://doi.org/10.1093/bib/bbaf306	3	article	True	Single-cell and spatial transcriptomics	True	False	False
Tumor lineage-specific immune response in brain metastatic disease: opportunities for targeted immunotherapy regimen?	2023-04-15	Shiva Najjary, Johan M. Kros, Willem de Koning, Disha Vadgama, Karishma Lila, Janina Wolf, Dana A. M. Mustafa	University of Bern, Erasmus MC	Acta Neuropathologica Communications	https://doi.org/10.1186/s40478-023-01542-9	4	article	True	Brain Metastases and Treatment	False	False	False
Epithelial Plasticity and an Immune Suppressive Microenvironment Underpin Tumour Budding in Colorectal Cancer	2025-03-07	Phimmada Hatthakarnkul, Natalie C. Fisher, Leonor SchubertSantana, Holly Leslie, Assya Legrini, Aula Ammar, Amna Matly, Kathryn A.F. Pennel, Ian Powley, Courtney Bull, Peter Alexander, Janos Sztanko, Jean A. Quinn, Jennifer Hay, Hannah Morgan, Claire Kennedy‐Dietrich, Yoana Doncheva, Gerard Lynch, Noori Maka, Campbell S.D. Roxburgh, Hester C. van Wyk, Xiao Fu, Donald McMillan, Philip D. Dunne, Nigel B. Jamieson, Chanitra Thuwajit, Joanne Edwards, Chanitra Thuwajit, Joanne Edwards	Queen Elizabeth University Hospital, Queen's University Belfast, Siriraj Hospital, Mahidol University, University of Glasgow, Glasgow Royal Infirmary	Unknown Journal	https://doi.org/10.1101/2025.03.05.641608	1	preprint	True	Cancer Immunotherapy and Biomarkers	True	True	False
Spatially distinct cellular and molecular landscapes define prognosis in triple negative breast cancer	2025-02-12	Kavitha Mukund, Darya Veraksa, David Frankhouser, Lixin Yang, Jerneja Tomšič, Raju Pillai, Srijan Atti, Zahra Mesrizadeh, Daniel Schmolze, Xiao-Cheng Wu, Marc-André LeBlanc, Lucio Miele, Augusto C. Ochoa, Victoria L. Seewaldt, Shankar Subramaniam	City of Hope, University of California, San Diego, La Jolla Bioengineering Institute, Louisiana State University Health Sciences Center New Orleans, UC San Diego Health System	Unknown Journal	https://doi.org/10.1101/2025.02.10.637503	4	preprint	True	Breast Cancer Treatment Studies	False	True	False
Big babies.	1986-11-29	P Bromwich		BMJ	https://doi.org/10.1136/bmj.293.6559.1387	17	editorial	True	Cancer Research and Treatments	False	True	False
Abstract 5637: Path to the holy grail of spatial biology: Spatial single-cell whole transcriptomes using 6000-plex spatial molecular imaging on FFPE tissue	2023-04-04	Shanshan He, Michael Patrick, Jason Reeves, Patrick Danaher, Julian Preciado, Joseph Phan, Erin Piazza, Zachary Reitz, Lidan Wu, Rustem Khafizov, Haiyan Zhai, Michael Rhodes, David Ruff, Joseph Beechem	Nanostring Technologies (United States)	Cancer Research	https://doi.org/10.1158/1538-7445.am2023-5637	6	article	False	Single-cell and spatial transcriptomics	True	False	False
Mapping the Spatial Dynamics of the CD4+ T Cell Spectrum in Classical Hodgkin Lymphoma	2024-06-25	Victoria Menéndez, José L Solórzano, Mónica García-Cosío, Laura Cereceda, Eva Díaz, Mónica Estévez, Giovanna Roncador, Zaira Vega, Carlos Montalbán, Arutha Kulasinghe, Juan F García	University of Queensland, Hospital Universitario Ramón y Cajal, MD Anderson Cancer Center Madrid	Modern Pathology	https://doi.org/10.1016/j.modpat.2024.100551	5	article	False	Lymphoma Diagnosis and Treatment	False	False	False
Sub-cellular Imaging of the Entire Protein-Coding Human Transcriptome (18933-plex) on FFPE Tissue Using Spatial Molecular Imaging	2024-12-03	Rustem Khafizov, Erin Piazza, Yi Cui, Michael Patrick, Tyler Hether, Daniel McGuire, Dwayne Dunaway, Patrick Danaher, Margaret L. Hoang, Andrew Grootsky, Megan E. Grout, Shanshan He, Rachel Liu, Michael McKean, Michael Rhodes, Joseph Beechem	Bruker (Switzerland)	Unknown Journal	https://doi.org/10.1101/2024.11.27.625536	15	preprint	True	Advanced Biosensing Techniques and Applications	False	False	False
Spatial Transcriptomic Profiling of Tetraspanins in Stage 4 Colon Cancer from Primary Tumor and Liver Metastasis	2024-01-15	Thanawat Suwatthanarak, Kullanist Thanormjit, Tharathorn Suwatthanarak, Onchira Acharayothin, Asada Methasate, Vitoon Chinswangwatanakul, Pariyada Tanjak	Mahidol University, Siriraj Hospital	Life	https://doi.org/10.3390/life14010126	7	article	True	Cell Adhesion Molecules Research	False	True	False
Disease and brain region specific immune response profiles in neurodegenerative diseases with pure and mixed protein pathologies	2024-04-05	Tim Bathe, Gabriela P. Hery, Jonathan A. Villareal, Jennifer L. Phillips, Eric M. Cohen, Rohan Sharma, Wangchen Tsering, Stefan Prokop	University of Florida	Acta Neuropathologica Communications	https://doi.org/10.1186/s40478-024-01770-7	9	article	True	Neuroinflammation and Neurodegeneration Mechanisms	False	False	False
An experimental comparison of the Digital Spatial Profiling and Visium spatial transcriptomics technologies for cancer research	2023-04-06	Taopeng Wang, Kate Harvey, John Reeves, Daniel Roden, Nenad Bartoniček, Jessica Yang, Ghamdan Al‐Eryani, Dominik C. Kaczorowski, Chia‐Ling Chan, Joseph E. Powell, Sandra O’Toole, Elgene Lim, Alexander Swarbrick	Garvan Institute of Medical Research, UNSW Sydney, University of Sydney, Genomics (United Kingdom), St Vincent's Health, Royal Prince Alfred Hospital	Unknown Journal	https://doi.org/10.1101/2023.04.06.535805	8	preprint	True	Single-cell and spatial transcriptomics	False	True	False
Use of high-plex data reveals novel insights into the tumour microenvironment of clear cell renal cell carcinoma	2022-10-13	Raffaele De Filippis, Georg Wölflein, In Hwa Um, Peter D. Caie, Sarah Warren, Andrew White, Elizabeth Suen, Emily To, Ognjen Arandjelović, David J. Harrison	Nanostring Technologies (United States), University of St Andrews	Unknown Journal	https://doi.org/10.1101/2022.10.13.22281035	4	preprint	True	Renal cell carcinoma treatment	False	True	False
Exploring Spatial Heterogeneity of Immune Cells in Nasopharyngeal Cancer	2023-04-05	Aastha Sobti, Christina Sakellariou, Johan Nilsson, David Askmyr, Lennart Greiff, Malin Lindstedt	Lund University, Skåne University Hospital	Cancers	https://doi.org/10.3390/cancers15072165	10	article	True	Immunotherapy and Immune Responses	False	False	False
Abstract 5641: Single cell spatial molecular imaging of 76-plex proteins in clinical cancer samples in response to personalized treatment	2023-04-04	Zachary Lewis, Brian Birditt, Emily Brown, Kan Chantranuvatana, Brian Filanoski, C. L. Corless, Tien Phan‐Everson, Gary Geiss, Tyler Hether, Evthokia Hobbs, Brett Johnson, Taylor Kelley, Charles D. Lopez, Rhonda Meredith, Anastasiya Olson, Giang T. Ong, Mithra Korukonda, Erin Piazza, Jason Reeves, Alyssa Rosenbloom, Kiara Siex, Hye Son Yi, Edward Zhao, Joseph Beechem, Gordon B. Mills	Nanostring Technologies (United States)	Cancer Research	https://doi.org/10.1158/1538-7445.am2023-5641	1	article	False	Single-cell and spatial transcriptomics	True	False	False
Library size confounds biology in spatial transcriptomics data	2024-01-31	Dharmesh D. Bhuva, Chin Wee Tan, Claire Marceaux, Jinjin Chen, Malvika Kharbanda, Xinyi Jin, Ning Liu, Kristen Feher, Givanna Putri, Marie-Liesse Asselin-Labat, Belinda Phipson, Melissa J. Davis, Hickey, Theresa E, Marie-Liesse Asselin-Labat, Phipson, Belinda, Davis, Melissa J	University of Adelaide, University of Melbourne	Zenodo (CERN European Organization for Nuclear Research)	https://doi.org/10.5281/zenodo.7959786	1	dataset	True	Molecular Biology Techniques and Applications	True	False	False
A technical comparison of spatial transcriptomics platforms across six cancer types - Visium/VisiumCytAssist/VisiumHD	2026-01-01	Sergi Cervilla, Daniela Grases Mendoza, Eduard Porta-Pardo	Universitat Politècnica de Catalunya, Josep Carreras Leukaemia Research Institute, Barcelona Supercomputing Center	Zenodo (CERN European Organization for Nuclear Research)	https://doi.org/10.5281/zenodo.17999961	1	dataset	True	Unknown	False	False	False
Expression of IDO1 in Tumor Microenvironment Significantly Predicts the Risk of Recurrence/Distant Metastasis for Patients With Esophageal Squamous Cell Carcinoma	2023-10-13	Cen Qiu, Qingyuan Lin, Saiyan Ji, Chenjie Han, Qingyuan Yang	Shanghai Jiao Tong University, Shanghai Ninth People's Hospital	Laboratory Investigation	https://doi.org/10.1016/j.labinv.2023.100263	8	article	True	Cancer Immunotherapy and Biomarkers	False	False	False
An information theoretic approach to detecting spatially varying genes	2022-11-03	Daniel C. Jones, Patrick Danaher, Young‐Mi Kim, Joseph Beechem, Raphaël Gottardo, Evan W. Newell	Fred Hutch Cancer Center, University of Lausanne, Nanostring Technologies (United States), SIB Swiss Institute of Bioinformatics, Ludwig Cancer Research	Unknown Journal	https://doi.org/10.1101/2022.11.02.514777	2	preprint	True	Single-cell and spatial transcriptomics	True	False	False
Macrophage and neutrophil heterogeneity at single-cell spatial resolution in inflammatory bowel disease	2022-11-29	Alba Garrido-Trigo, A M Corraliza, Marisol Veny, Isabella Dotti, E Melón-Ardanaz, Aina Rill, Helena L. Crowell, Ángel L. Corbí, Victòria Gudiño, Míriam Esteller, Iris Álvarez-Teubel, Daniel Aguilar, Maria Carme Masamunt, Emily Killingbeck, Youngmi Kim, Michael Leon, Sudha Visvanathan, Doménica Marchese, Ginevra Caratù, Albert Martín‐Cardona, María Esteve, Julián Panés, E Ricart, Elisabetta Mereu, Holger Heyn, Azucena Salas	Consejo Superior de Investigaciones Científicas, Universitat de Barcelona, Josep Carreras Leukaemia Research Institute, Boehringer Ingelheim (United States), Centro de Investigación Biomédica en Red de Enfermedades Hepáticas y Digestivas, University of Zurich, Centre for Genomic Regulation, Mútua Terrassa, Consorci Institut D'Investigacions Biomediques August Pi I Sunyer, Centro de Investigaciones Biológicas Margarita Salas, Nanostring Technologies (United States), Pompeu Fabra University, SIB Swiss Institute of Bioinformatics	Unknown Journal	https://doi.org/10.1101/2022.11.28.518139	3	preprint	True	Immune cells in cancer	False	False	False
High Extracellular K <sup>+</sup> Skews T‐Cell Differentiation Towards Tumour Promoting Th2 and T <sub>reg</sub> Subsets	2024-12-09	Brandon Han Siang Wong, Zhi Sheng Poh, James Tan Chia Wei, Kottaiswamy Amuthavalli, Ying Swan Ho, Shuwen Chen, Shi Ya Mak, Xuezhi Bi, Richard D. Webster, Vishal G. Shelat, K. George Chandy, Navin Kumar Verma	Tan Tock Seng Hospital, Bioprocessing Technology Institute, Agency for Science, Technology and Research, Nanyang Technological University, National Skin Centre	European Journal of Immunology	https://doi.org/10.1002/eji.202451440	4	article	True	Immune Cell Function and Interaction	False	True	False
Abstract 6619: Virtual staining enabled combined morphological and spatial transcriptomic analysis of individual malignant B cells and local tumor microenvironments	2023-04-04	Michael E. Kallen, Alyssa Rosenbloom, Zihang Fang, Raymond Kozikowski, Yair Rivenson, Kevin de Haan, Serge Alexanian, Mark Conner, Daniel Newhouse, Felicia New, Yan Liang, Kyla Teplitz, Joachim Schmid, Jaemyeong Jung	University of Maryland, Baltimore, Nanostring Technologies (United States)	Cancer Research	https://doi.org/10.1158/1538-7445.am2023-6619	3	article	False	Molecular Biology Techniques and Applications	False	True	False
Multimodal Spatial Transcriptomic Profiling Elucidates Niche-Specific Dynamics in Medullary and Extramedullary Acute Myeloid Leukemia	2024-11-05	Enes Dasdemir, Ivo Veletić, Christopher Ly, Andres Quesada, Fatima Zahra Jelloul, Pâmella Borges, Sreyashi Basu, Sonali Jindal, Zhiqiang Wang, Alexander J. Lazar, Khalida Wani, Dinler A. Antunes, Patrick K. Reville, Preethi H. Gunaratne, Robert J. Tower, Padmanee Sharma, Hussein A. Abbas	University of Houston, The University of Texas Southwestern Medical Center, Southwestern Medical Center, The University of Texas MD Anderson Cancer Center	Blood	https://doi.org/10.1182/blood-2024-201932	4	article	True	Acute Myeloid Leukemia Research	False	False	False
1887. Deep Spatial Characterization of Tertiary Lymphoid Structures in Pulmonary Tuberculosis Granulomas	2023-11-27	Emmanuel C. Ogbonna	Harvard University	Open Forum Infectious Diseases	https://doi.org/10.1093/ofid/ofad500.1715	3	article	True	Diagnosis and treatment of tuberculosis	False	True	False
Applying high-resolution spatial transcriptomics to characterize the amyloid plaque cell niche in Alzheimer’s Disease	2023-07-01	Anna Mallach, Magdalena Zielonka, Veerle van Lieshout, Yanru An, Jia Hui Khoo, Marisa Vanheusden, Wei-Ting Chen, Daan Moechars, I. Lorena Arancibia‐Cárcamo, Mark Fiers, Bart De Strooper	BGI Research, UK Dementia Research Institute, BGI Group (China), KU Leuven, VIB-KU Leuven Center for Brain & Disease Research, The Francis Crick Institute, University College London	Unknown Journal	https://doi.org/10.1101/2023.06.29.546675	2	preprint	True	Single-cell and spatial transcriptomics	True	False	False
Rapid and memory-efficient analysis and quality control of large spatial transcriptomics datasets	2024-07-24	Bence Kövér, Alessandra Vigilante	Cell and Gene Therapy Catapult, King's College - North Carolina, King's College London	Unknown Journal	https://doi.org/10.1101/2024.07.23.604776	2	preprint	True	Single-cell and spatial transcriptomics	False	False	False
Multi-Dimensional Molecular and Tumor-Microenvironment Analysis of Classic Hodgkin Lymphoma	2023-11-02	Tomohiro Aoki, Gerben Duns, Shinya Rai, Andrew Lytle, Yifan Yin, Clémentine Sarkozy, Stacy Hung, Katy Milne, Adèle Telenius, Luke O’Brien, Celia Strong, Talia Goodyear, Shaocheng Wu, Katsuyoshi Takata, Tomoko Miyata‐Takata, Merrill Boyle, Susana Ben‐Neriah, Andrew P. Weng, Andrew Roth, Anca Prica, Robert Kridel, Brad H. Nelson, Pedro Farinha, Kerry J. Savage, David W. Scott, Christian Steidl	Institut Curie, University of Victoria, Spinal Cord Injury BC, University Health Network, Princess Margaret Cancer Centre, BC Cancer Agency, Niigata University	Blood	https://doi.org/10.1182/blood-2023-174139	9	article	False	Lymphoma Diagnosis and Treatment	False	True	False
A technical comparison of spatial transcriptomics platforms across six cancer types - XeniumMT & Xenium5K	2026-01-01	Sergi Cervilla, Daniela Grases Mendoza, Eduard Porta-Pardo	Universitat Politècnica de Catalunya, Josep Carreras Leukaemia Research Institute, Barcelona Supercomputing Center	Zenodo (CERN European Organization for Nuclear Research)	https://doi.org/10.5281/zenodo.18000256	1	dataset	True	Unknown	False	False	False
SpaceSequest: A unified pipeline for spatial transcriptomics data analysis	2025-09-23	Yu Sun, Sarbottam Piya, Zhengyu Ouyang, Yirui Chen, Jake Gagnon, Shaolong Cao, Haotian Zhang, Baobao Song, Jing Zhu, Khyati Chandratre, Houlin Yu, Wenxing Hu, Matthew Ryals, Fergal Casey, Dann Huh, Baohong Zhang	Rainforest Alliance, Biogen (United States)	Unknown Journal	https://doi.org/10.1101/2025.09.15.676389	1	preprint	True	Microbial Community Ecology and Physiology	True	True	False
Tumor and α‐ <scp>SMA</scp> ‐expressing stromal cells in pancreatic neuroendocrine tumors have a distinct <scp>RNA</scp> profile depending on tumor grade	2024-09-08	Helvijs Niedra, Raitis Pečulis, Rihards Saksis, Ilona Mandrika, Sofija Vilisova, Jurijs Nazarovs, Austra Breikša, Aija Gerina, Julie Earl, Ignacio Ruz‐Caracuel, Marta Gabriela Rosas, Aldis Puķītis, Natalja Senterjakova, Vita Rovīte	Centro de Investigación Biomédica en Red de Cáncer, Pauls Stradiņš Clinical University Hospital, Latvian Biomedical Research and Study Centre, Instituto Cajal, Riga Stradiņš University, Instituto Ramón y Cajal de Investigación Sanitaria	Molecular Oncology	https://doi.org/10.1002/1878-0261.13727	4	article	True	Neuroendocrine Tumor Research Advances	False	True	False
Spaceflight-Induced Gene Expression Profiles in the Mouse Brain Are Attenuated by Treatment with the Antioxidant BuOE	2023-09-01	Isaac Kremsky, Samir Ali, Seta Stanbouly, Jacob M. Holley, Stephen Justinen, Michael J. Pecaut, James D. Crapo, Xiao Wen Mao	Loma Linda University, National Jewish Health, University of Colorado Denver	International Journal of Molecular Sciences	https://doi.org/10.3390/ijms241713569	4	article	True	Spaceflight effects on biology	False	True	False
Sopa: a technology-invariant pipeline for analyses of image-based spatial-omics	2023-12-23	Quentin Blampey, Kevin Mulder, Charles‐Antoine Dutertre, Margaux Gardet, Fabrice André, Florent Ginhoux, Paul-Henry Cournède	Inserm, Institut Gustave Roussy, CentraleSupélec, Université Paris-Saclay	Unknown Journal	https://doi.org/10.1101/2023.12.22.571863	3	preprint	True	Single-cell and spatial transcriptomics	True	False	False
Effect of the intratumoral microbiota on spatial and cellular heterogeneity in cancer	2022-12-14	Jorge Luis Galeano Niño	Fred Hutch Cancer Center	Unknown Journal	https://doi.org/10.52843/cassyni.77602k	5	preprint	False	Cancer Immunotherapy and Biomarkers	False	True	False
Decoding the muscle transcriptome of patients with late-onset Pompe disease reveals markers of disease progression	2024-07-24	Alexandra Monceau, Rasya Gokul Nath, Xavier Suárez‐Calvet, Olimpia Musumeci, António Toscano, Biruta Kierdaszuk, Anna Kostera‐Pruszczyk, Cristina Domínguez‐González, Aurelio Hernández‐Laín, Carmen Paradas, Eloy Rivas, George K. Papadimas, C Papadopoulos, Margarita Chrysanthou‐Piterou, Eduard Gallardo, Montse Olivé, James B Lilleker, Mark Roberts, Doménica Marchese, Giulia Lunazzi, Holger Heyn, Esther Fernández‐Simón, Elisa Villalobos, James Clark, Panos Katsikis, Catherine Collins, Priyanka Mehra, Zoe Laidler, Amy E. Vincent, Giorgio Tasca, Chiara Marini‐Bettolo, Michela Guglieri, Volker Straub, Nina Raben, Jordi Díaz‐Manera	Instituto de Biomedicina de Sevilla, Universidad de Sevilla, Research Institute Hospital 12 de Octubre, Hospital de Sant Pau, National and Kapodistrian University of Athens, Wellcome Centre for Mitochondrial Research, Newcastle University, Eginition Hospital, Centre for Biomedical Network Research on Rare Diseases, University of Manchester, Manchester Academic Health Science Centre, Medical University of Warsaw, Muscular Dystrophy UK, National Heart Lung and Blood Institute, University of Messina, Biomedical Research Networking Center on Neurodegenerative Diseases, NIHR Newcastle Biomedical Research Centre, National Institutes of Health, University of Newcastle Australia, Centre for Genomic Regulation, Instituto de Salud Carlos III, Pompeu Fabra University	Brain	https://doi.org/10.1093/brain/awae249	6	article	True	Lysosomal Storage Disorders Research	False	True	False
Quantification and Profiling of Early and Late Differentiation Stage T Cells in Mantle Cell Lymphoma Reveals Immunotherapeutic Targets in Subsets of Patients	2024-06-21	Lavanya Lokhande, Daniel Nilsson, Joana de Matos Rodrigues, May Hassan, Lina Olsson, Paul Theodor Pyl, Louella Vasquez, Anna Porwit, Anna Sandström Gerdtsson, Mats Jerkeman, Sara Ek	Science for Life Laboratory, Lund University	Cancers	https://doi.org/10.3390/cancers16132289	5	article	True	CAR-T cell therapy research	False	True	False
Modeling and performance evaluation of the sleep mode in the IEEE 802.16e wireless networks with self-similar traffic	2009-08-01	Zhanqiang Huo, Shunfu Jin, Naishuo Tian, Yan Wang	Hebei University of Technology, Yanshan University	The Journal of China Universities of Posts and Telecommunications	https://doi.org/10.1016/s1005-8885(08)60245-9	3	article	False	Green IT and Sustainability	False	False	False
Abstract 5607: Broad acting glutamine antagonism remodels the tumor microenvironment, induces distinctive immune modulation, and synergizes with immune checkpoint blockade	2020-08-15	Yumi Yokoyama, Robert Wild	International Peace Institute	Cancer Research	https://doi.org/10.1158/1538-7445.am2020-5607	3	article	False	Cancer, Hypoxia, and Metabolism	False	False	False
373 Identification of immune cell pathways in acne vs. rosacea by single-cell RNA sequencing and single-cell spatial imaging	2023-04-17	T.H. Do, Jonathan Perrie, M. Pellegrini, J. Gudjonsson, F. Ma, R.L. Modlin	University of Michigan, University of California, Los Angeles, Michigan United, Southampton Hospital	Journal of Investigative Dermatology	https://doi.org/10.1016/j.jid.2023.03.378	1	article	True	Acne and Rosacea Treatments and Effects	False	False	False
Initial regional cytoarchitectonic differences in dorsal and orbitobasal human developing frontal cortex revealed by spatial transcriptomics	2024-12-18	Janja Kopić, Parthiv Haldipur, Kathleen J. Millen, Ivica Kostović, Jure Krasić, Željka Krsnik	Seattle University, University of Zagreb	Brain Structure and Function	https://doi.org/10.1007/s00429-024-02865-6	4	article	False	Single-cell and spatial transcriptomics	False	False	False
Spatial Transcriptomics Reveals Inflammation and Trans-differentiation States of Acute Myeloid Leukemia in Extramedullary and Medullary Tissues	2024-11-12	Enes Dasdemir, Ivo Veletić, Christopher Ly, Andres Quesada, Christopher D. Pacheco, Fatima Zahra Jelloul, Paulo R. F. Borges, Sreyashi Basu, Sonali Jindal, Zhiqiang Wang, Alexander J. Lazar, Khalida M. Wani, Dinler A. Antunes, Patrick K. Reville, Preethi H. Gunaratne, Robert J. Tower, Padmanee Sharma, Hussein A. Abbas	University of Houston, The University of Texas Southwestern Medical Center, The University of Texas MD Anderson Cancer Center	Unknown Journal	https://doi.org/10.1101/2024.11.11.622999	3	preprint	True	Acute Myeloid Leukemia Research	False	False	False
Spatial Transcriptomics Analysis: Maternal Obesity Impairs Myogenic Cell Migration and Differentiation during Embryonic Limb Development	2024-08-31	Yao Gao, Md Nazmul Hossain, Liang Zhao, Jeanene M. de Avila, Nathan C. Law, Mei-Jun Zhu, Gordon K. Murdoch, ‬Min Du	Nanjing Agricultural University, Washington State University	International Journal of Molecular Sciences	https://doi.org/10.3390/ijms25179488	3	article	True	Muscle Physiology and Disorders	False	True	False
Abstract 4900: Spatial Atlas of Human Anatomy (SAHA): A subcellular, multiscale spatial odyssey of immune and gastrointestinal tissues and tumors	2024-03-22	Jiwoon Park, Roberto De Gregorio, Erika Hissong, Sanjay Patel, Brian D. Robinson, Fabio Socciarelli, E Metzger, Yan Liang, Jason Reeves, Joseph Beechem, Olivier Elemento, Alicia Alonso, Shauna L Houlihan, Robert E. Schwartz, Christopher E. Mason	Cornell University, Nanostring Technologies (United States), Weill Cornell Medicine	Cancer Research	https://doi.org/10.1158/1538-7445.am2024-4900	1	article	False	Cancer Research and Treatments	False	False	False
Effects of immune architecture on response to adjuvant capecitabine in triple-negative breast cancer (FinXX trial).	2019-05-20	Saranya Chumsri, Karama Asleh, Heather Ann Brauer, Douglas Hinerfeld, Jennifer M. Kachergus, Susanna Lauttia, Henrik Lindman, Torsten O. Nielsen, Heikki Joensuu, E. Aubrey Thompson	Uppsala University Hospital, Helsinki University Hospital, Mayo Clinic in Florida, WinnMed, University of British Columbia, Nanostring Technologies (United States), University of Helsinki, Jacksonville College	Journal of Clinical Oncology	https://doi.org/10.1200/jco.2019.37.15_suppl.3142	1	article	False	Cancer Treatment and Pharmacology	False	True	False
Popari: Modeling multisample variation in spatial transcriptomics	2025-05-13	Shahul Alam, Tianming Zhou, E. El Haber, Benjamin Chidester, Sophia Liu, Fei Chen, Jian Ma	Broad Institute, Harvard–MIT Division of Health Sciences and Technology, Ragon Institute of MGH, MIT and Harvard, Massachusetts Institute of Technology, Carnegie Mellon University, Harvard University	Unknown Journal	https://doi.org/10.1101/2025.05.08.652741	2	preprint	True	Single-cell and spatial transcriptomics	False	False	False
Spatially Resolved Proteomic and Transcriptomic Profiling of Anaplastic Lymphoma Kinase-Rearranged Pulmonary Adenocarcinomas Reveals Key Players in Inter- and Intratumoral Heterogeneity	2023-07-12	Beáta Szeitz, Tibor Glasz, Zoltán Herold, Gábor Tóth, Mirjam Balbisi, János Fillinger, Szabolcs Horváth, Réka Mohácsi, Ho Jeong Kwon, Judit Moldvay, Lilla Turiák, Attila Marcell Szász	HUN-REN Research Centre for Natural Sciences, Országos Korányi Tbc és Pulmonológiai Intézet, Institute of Organic Chemistry, Semmelweis University, Yonsei University	International Journal of Molecular Sciences	https://doi.org/10.3390/ijms241411369	3	article	True	Lung Cancer Treatments and Mutations	False	False	False
Spatial Transcriptomic Analysis of Focal and Normal Areas of Myocyte Disarray in Human Hypertrophic Cardiomyopathy	2023-08-10	Jason Laird, Gayani Perera, Rebecca Batorsky, Hongjie Wang, Knarik Arkun, Michael T. Chin	Tufts Medical Center, Tufts University	International Journal of Molecular Sciences	https://doi.org/10.3390/ijms241612625	7	article	True	Cardiomyopathy and Myosin Studies	False	False	False
SORBET: Automated cell-neighborhood analysis of spatial transcriptomics or proteomics for interpretable sample classification via GNN	2024-01-02	Shay Shimonov, Joseph M. Cunningham, Ronen Talmon, Lilach Aizenbud, Shruti Desai, David L. Rimm, Kurt A. Schalper, Harriet M. Kluger, Yuval Kluger	Yale Cancer Center, Applied Mathematics (United States), Technion – Israel Institute of Technology, Yale University	Unknown Journal	https://doi.org/10.1101/2023.12.30.573739	4	preprint	True	Single-cell and spatial transcriptomics	True	False	False
Spatial transcriptomic profiling of the human fallopian tube epithelium reveals region-specific gene expression patterns	2025-03-29	Jared Sipes, Sagar Rayamajhi, Leonidas E. Bantis, Rashna Madan, Amrita Mitra, Rajni V. Puri, Mohammod Mahmudur Rahman, Foyez Ahmmed, Harsh B. Pathak, Andrew K. Godwin	Comilla University, The University of Kansas Cancer Center, University of Kansas, University of Kansas Medical Center	Communications Biology	https://doi.org/10.1038/s42003-025-07871-w	2	article	True	Ovarian cancer diagnosis and treatment	False	True	False
68 Automating a spatial profiling workflow to explore the effects of hypoxia in the tumor microenvironment in head and neck cancer	2023-10-31	Jenifer Caldara, S. Church, Regan Baird, David S. Mason, Kyla Teplitz, James Mansfield, Kelly M. Hunter, Joana Campos, Jill Brooks	Nanostring Technologies (United States), University College Birmingham	Regular and Young Investigator Award Abstracts	https://doi.org/10.1136/jitc-2023-sitc2023.0068	1	article	True	Cancer, Hypoxia, and Metabolism	False	True	False
Standardized metrics for assessment and reproducibility of imaging-based spatial transcriptomics datasets	2025-12-03	Jasmine Plummer, Felipe Segato Dezem, David P. Cook, Jiwoon Park, Luke Zhang, Yutian Liu, Maycon Marção, Hannah DuBose, Wani Arjumand, Kellie Wise, Michael J. Roach, Kate Harvey, Taopeng Wang, Kirk B. Jensen, Natalia S. Morosini, Roberto De Gregorio, Alicia Alonso, Shauna L Houlihan, Robert E. Schwartz, Erika Hissong, Catherine Snopkowski, Jeffrey L. Wrana, Natalie K. Ryan, Lisa M. Butler, George Church, Alexander Swarbrick, Christopher E. Mason, Luciano G. Martelotto	Garvan Institute of Medical Research, University of Toronto, UNSW Sydney, Centre for Cancer Biology, Lander Institute, Memorial Sloan Kettering Cancer Center, Lunenfeld-Tanenbaum Research Institute, University of Adelaide, Weill Cornell Medicine, St. Jude Children's Research Hospital, Boston VA Research Institute, Ottawa Hospital, University of Ottawa, Ottawa Hospital Research Institute, Cornell University, Harvard University	Nature Biotechnology	https://doi.org/10.1038/s41587-025-02811-9	2	article	False	Unknown	False	False	False
Immunoproteomics Reveal Different Characteristics for the Prognostic Markers of Intratumoral-Infiltrating CD3+ T Lymphocytes and Immunoscore in Colorectal Cancer	2024-10-19	Saiyan Ji, Huanying Fang, Jingqi Guan, Kun He, Qingyuan Yang	Shanghai Jiao Tong University, Shanghai Ninth People's Hospital	Laboratory Investigation	https://doi.org/10.1016/j.labinv.2024.102159	4	article	False	Cancer Immunotherapy and Biomarkers	False	False	False
Docking and 3-D QSAR studies on the binding of tetrahydropyrimid-2-one HIV-1 protease inhibitors	2013-03-19	Shashidhar N. Rao, Govardhan A. Balaji, Vitukudi N. Balaji	St. Joseph Dental College, Rutgers, The State University of New Jersey, Jubilant Life Sciences (India)	Journal of Molecular Structure	https://doi.org/10.1016/j.molstruc.2013.03.022	3	article	False	HIV/AIDS drug development and treatment	False	False	False
Molecular analysis of human tick-bitten skin yields signatures associated with distinct spatial and temporal trajectories - A proof-of-concept study	2024-06-29	Wenna Lee, Rym Ben-Othman, Patrycja Skut, Amy Huei‐Yi Lee, Amanda Barbosa, Miles Beaman, Andrew Currie, Nathan T. Harvey, Prasad Kumarasinghe, Roy A. Hall, James D. Potter, Stephen Graves, Nicholas P. West, Amanda J. Cox, Peter Irwin, Tobias R. Kollmann, Charlotte L. Oskam	Ministry of Education, University of Western Australia, University of Queensland, Barwon Health, The Kids Research Institute Australia, Griffith University, Pathwest Laboratory Medicine, Hollywood Orthopaedic Group, Queen Elizabeth II Medical Centre, Simon Fraser University, Murdoch University, Avenir Health, Coordenação de Aperfeicoamento de Pessoal de Nível Superior	Heliyon	https://doi.org/10.1016/j.heliyon.2024.e33600	2	article	True	Vector-borne infectious diseases	False	True	False
Investigating neuronal senescence marker, p19<sup>INK4d</sup>, in mouse and human brains	2023-12-01	Hannah R. Hudson, Timothy C. Orr, Miranda E. Orr	Wake Forest University	Alzheimer s & Dementia	https://doi.org/10.1002/alz.082962	2	article	True	Telomeres, Telomerase, and Senescence	False	True	False
UCS: a unified approach to cell segmentation for subcellular spatial transcriptomics	2024-07-08	Yuheng Chen, Xin Xu, Xiaomeng Wan, Jiashun Xiao, Can Yang	Hong Kong University of Science and Technology, Shenzhen Research Institute of Big Data	Unknown Journal	https://doi.org/10.1101/2024.07.08.601384	2	preprint	True	Single-cell and spatial transcriptomics	False	False	False
Abstract C038: Repeat RNA dysregulation of cellular states in the pancreatic cancer microenvironment	2022-11-15	Eunae You, Luli S. Zou, Patrick Danaher, Ildiko E. Phillips, Michael J. Raabe, Bidish K. Patel, Amaya Pankaj, Khrystyna North, Sean Kim, Youngmi Kim, Martin J. Aryee, David T. Ting	Dana-Farber Cancer Institute, Massachusetts General Hospital, Nanostring Technologies (United States), Harvard University	Cancer Research	https://doi.org/10.1158/1538-7445.panca22-c038	1	article	False	Extracellular vesicles in disease	True	True	False
Mapping Cellular Interactions from Spatially Resolved Transcriptomics Data	2023-09-21	James Zhu, Yunguan Wang, Woo Yong Chang, Alicia Malewska, Fabiana Napolitano, Jeffrey Gahan, Nisha Unni, Min Zhao, Rongqing Yuan, Fangjiang Wu, Lauren Yue, Lei Guo, Zhuo Zhao, Danny Z. Chen, Raquibul Hannan, Siyuan Zhang, Guanghua Xiao, Ping Mu, Ariella B. Hanker, Douglas W. Strand, Carlos L. Arteaga, Neil Desai, Xinlei Wang, Yang Xie, Tao Wang	Southwestern Medical Center, The University of Texas at Arlington, University of Cincinnati, University of Notre Dame, The University of Texas Southwestern Medical Center, Cincinnati Children's Hospital Medical Center	Unknown Journal	https://doi.org/10.1101/2023.09.18.558298	3	preprint	True	Single-cell and spatial transcriptomics	False	False	False
Ultra High-Plex Spatial Proteogenomic Investigation of Giant Cell Glioblastoma Multiforme Immune Infiltrates Reveals Distinct Protein and RNA Expression Profiles	2022-10-06	Shilah A. Bonnett, Alyssa Rosenbloom, Giang T. Ong, Mark Conner, Aric B.E. Rininger, Daniel Newhouse, Felicia New, Chi Q. Phan, Saskia Ilcisin, Hiromi Sato, John S. Lyssand, Gary Geiss, Joseph Beechem	Nanostring Technologies (United States)	Unknown Journal	https://doi.org/10.1101/2022.10.04.510833	3	preprint	True	Single-cell and spatial transcriptomics	False	False	False
Spatial Biology and Organoid Technologies Reveal a Potential Therapy-Resistant Cancer Stem Cell Population in Pancreatic Ductal Adenocarcinoma	2025-05-24	Pritha Adhikary, Jayati Chakrabarti, Jiang Wang, Ugonna Ezuma-Igwe, Xi Sun, William Bastian, Nicolas Braissand, Megan P. Caputo, Eugene F. Douglass, Sangmin Kim, Rohan Kanakamedala, Arnold Branch, Saptarshi Mallick, Meenu Priya Resmi, Payton D. Stevens, Marco Padilla‐Rodriguez, Maga Sanchez, Gregory L. Beatty, James I. Griffin, Petros G. Nikolinankos, Kellen Chen, Taylor S. Riall, Syed A. Ahmad, Rachna T. Shroff, Frédéric Hollande, Davendra Sohal, Yana Zavros	California University of Pennsylvania, Arizona Oncology, Global Water Partnership, University of Pennsylvania, Oncology Hematology Care, University of Cincinnati Medical Center, University of Georgia, Franklin College, University of Cincinnati, University Cancer and Blood Center, Miami University, University of Arizona, University of Melbourne	Unknown Journal	https://doi.org/10.1101/2025.05.22.655586	1	preprint	True	Pancreatic and Hepatic Oncology Research	True	False	False
Abstract 129: An integrated multi-omic cellular atlas of human breast cancers	2021-07-01	Sunny Z. Wu, Daniel Roden, Ghamdan Al‐Eryani, Simon Junankar, Elgene Lim, Aatish Thennavan, Alma Andersson, Stephen A. Williams, Jingjing Gong, Robin Fropf, Kit Fuhrman, Joakim Lundeberg, C. Perou, Alexander Swarbrick	Garvan Institute of Medical Research, KTH Royal Institute of Technology, University of North Carolina at Chapel Hill	Cancer Research	https://doi.org/10.1158/1538-7445.am2021-129	3	article	False	Single-cell and spatial transcriptomics	False	True	False
Graph contrastive learning of subcellular-resolution spatial transcriptomics improves cell type annotation and reveals critical molecular pathways	2024-11-22	Qiaolin Lu, Jiayuan Ding, Lingxiao Li, Yi Chang	Jilin University, Michigan State University, Boston University	Briefings in Bioinformatics	https://doi.org/10.1093/bib/bbaf020	2	article	True	Single-cell and spatial transcriptomics	True	False	False
SPATIALLY RESOLVED MAPPING OF CELL-SPECIFIC SENESCENT PROFILES IN AGING MOUSE BRAIN	2022-11-01	Chase Carver, Marissa J. Schafer	Mayo Clinic	Innovation in Aging	https://doi.org/10.1093/geroni/igac059.2212	3	article	True	Neuroinflammation and Neurodegeneration Mechanisms	False	True	False
CD163+ macrophages in mantle cell lymphoma induce activation of prosurvival pathways and immune suppression	2024-07-03	Joana Rodrigues, Lavanya Lokhande, Lina Olsson, May Hassan, Angelica Johansson, Anna Janská, Darshan Kumar, Lina Schmidt, Anna Nikkarinen, Peter Hollander, Ingrid Glimelius, Anna Porwit, Anna Sandström Gerdtsson, Mats Jerkeman, Sara Ek	Raytheon Technologies (Finland), Uppsala University Hospital, Bluefors (Finland), Uppsala University, Lund University	Blood Advances	https://doi.org/10.1182/bloodadvances.2023012039	3	article	True	Immune Cell Function and Interaction	False	True	False
A robust Platform for Integrative Spatial Multi-omics Analysis to Map Immune Responses to SARS-CoV-2 infection in Lung Tissues	2023-02-20	Xiao Tan, Laura F. Grice, Minh Tran, Onkar Mulay, James Monkman, Tony Blick, Tuan Vo, Ana Clara Almeida, Jarbas da Silva Motta, Karen Fernandes de Moura, Cleber Machado‐Souza, Paulo Souza‐Fonseca‐Guimaraes, Cristina Pellegrino Baena, Lúcia de Noronha, Fernanda Simoes Fortes Guimaraes, Hung N. Luu, Tingsheng Yu, Stephen R. Williams, Jacob Stern, Cedric R. Uytingco, Liuliu Pan, Andy Nam, Cyrus Cooper, Kirsty R. Short, Gabrielle T. Belz, Fernando Souza-Fonseca-Guimarães, Arutha Kulasinghe, Quan Nguyen	Pontifical Catholic University of Puerto Rico, UPMC Hillman Cancer Center, The University of Queensland, Universidade Positivo, Nanostring Technologies (United States), Pontifícia Universidade Católica do Paraná	Unknown Journal	https://doi.org/10.1101/2023.02.19.529128	2	preprint	True	Single-cell and spatial transcriptomics	False	True	False
Transcriptomic and proteomic spatial profiling of pediatric and adult diffuse midline glioma H3 K27-Altered	2024-09-30	Sudarshawn Damodharan, Jack Shireman, Elliot Xie, E. Distler, Christina Kendziorski, Mahua Dey	University of Wisconsin–Madison, University of Wisconsin Carbone Cancer Center, University of Chicago	Scientific Reports	https://doi.org/10.1038/s41598-024-73199-w	2	article	True	Glioma Diagnosis and Treatment	False	False	False
Abstract 777: Revealing the transcriptional and proteomic spatial neighborhoods of early prostate cancer and the tumor microenvironment	2025-04-21	Anna Y. Lee, Megan Hopkins, Linda M. Liao, Vida Talebian, Tamara Jamaspishvili, David M. Berman, Melanie Spears, Jane Bayani	Queen's University, SUNY Upstate Medical University, Ontario Institute for Cancer Research	Cancer Research	https://doi.org/10.1158/1538-7445.am2025-777	1	article	False	Prostate Cancer Treatment and Research	True	True	False
A Human Immuno‐Lung Organoid Model to Study Macrophage‐Mediated Lung Cell Senescence Upon SARS‐CoV‐2 Infection	2025-07-25	Yuling Han, Dongliang Leng, Tuo Zhang, Jian Ge, Yinshan Fang, Tiankun Lu, Xue Dong, Manoj S. Nair, Neranjan de Silva, Zhanwen Han, T. Y. Jiao, Yuanhao Huang, Meiqi Zhao, Anjali Saqi, Hanina Hibshoosh, Zihe Meng, Jenny Xiang, Chendong Pan, Yanjie Sun, David D. Ho, Todd Evans, Jie Liu, Liuliu Yang, Jianwen Que, Shuibing Chen	Aaron Diamond AIDS Research Center, University of Michigan–Ann Arbor, New York Genome Center, Cornell University, Columbia University, Columbia University Irving Medical Center	Advanced Science	https://doi.org/10.1002/advs.202503932	1	article	True	Single-cell and spatial transcriptomics	False	False	False
Clinicopathological features and cancer transcriptomic profiling of poorly cohesive gastric carcinoma subtypes	2024-06-11	Hung‐Hsuan Yen, Pin‐Yu Chen, Ruby Yun‐Ju Huang, Jung‐Ming Jeng, I‐Rue Lai	National Taiwan University, National Taiwan University Hospital	The Journal of Pathology Clinical Research	https://doi.org/10.1002/2056-4538.12387	1	article	True	Gastric Cancer Management and Outcomes	False	True	False
Identification of Prognostic Biomarkers of Ovarian High-Grade Serous Carcinoma: A Preliminary Study Using Spatial Transcriptome Analysis and Multispectral Imaging	2025-05-08	Haeyoun Kang, Je‐Gun Joung, Hyun Park, Min Chul Choi, Doohyun Koh, Ju‐Yeon Jeong, Joon‐Hyung Lee, Sook-Young Kim, Daun Jung, Sohyun Hwang, Hee Jung An	Ulsan College, University of Ulsan, CHA University Bundang Medical Center, Asan Medical Center, CHA University	Cells	https://doi.org/10.3390/cells14100681	2	article	True	Immune cells in cancer	False	False	False
Mapping the Immune Cell Microenvironment with Spatial Profiling in Muscle Tissue Injected with the Venom of Daboia russelii	2023-03-10	Ana K. Oliveira, Patcharin Pramoonjago, Alexandra Rucavado, Christopher A. Moskaluk, Dilza Trevisan-Silva, Teresa Escalante, José Marı́a Gutiérrez, Jay W. Fox	Universidad de Costa Rica, University of Virginia	Toxins	https://doi.org/10.3390/toxins15030208	2	article	True	Venomous Animal Envenomation and Studies	False	False	False
569 A CIVO intratumor microdose Phase 0 Trial of subasumstat (TAK-981) in combination with cetuximab or avelumab reveals Type 1 Interferon induction and immune activation in head and neck cancer patients	2022-11-01	Jeffrey Houlton, Daniel Clayburgh, Ryan Li, Nathan J. Schauer, Marc Grenley, Connor Burns, Angela Merrell, Jason P. Frazier, Jonathan M.J. Derry, Emily Beirne, Wendy Jenkins, Allison Berger, Richard A. Klinghoffer	Takeda (United States), Seattle University, University of Washington, Oregon Health & Science University, Presage Biosciences (United States)	Regular and Young Investigator Award Abstracts	https://doi.org/10.1136/jitc-2022-sitc2022.0569	3	article	True	Cancer Immunotherapy and Biomarkers	False	True	False
Identification of Spatial Proteomic Signatures of Colon Tumor Metastasis: A Digital Spatial Profiling Approach	2022-12-06	Joshua Levy, John P. Zavras, Eren M. Veziroglu, Mustafa Nasir-Moin, Fred Kolling, Brock C. Christensen, Lucas A. Salas, Rachael E. Barney, Scott Palisoul, Bing Ren, Xiaoying Liu, Darcy A. Kerr, Kelli B. Pointer, Gregory J. Tsongalis, Louis Vaickus	Dartmouth Health, Dartmouth Institute for Health Policy and Clinical Practice, Dartmouth Cancer Center, Dartmouth College, Dartmouth Psychiatric Research Center, Harvard University	Unknown Journal	https://doi.org/10.1101/2022.12.04.22283073	2	preprint	True	Cancer Immunotherapy and Biomarkers	False	True	False
Validation of Antibody Panels for High-Plex Immunohistochemistry Applications	2019-12-01	Douglas Hinerfeld, Kristi Barker, Chris Merritt, Joseph Beechem	Nanostring Technologies (United States)	Journal of Biomolecular Techniques JBT		3	article	True	Monoclonal and Polyclonal Antibodies Research	False	True	False
Spatial transcriptomics defines the cell-specific RNA landscape of equine dorsal root ganglia	2025-02-06	Carrie J. Finno, Stefan-Laural Rogers, Callum G. Donnelly, Verena K. Affolter, Kevin Woolard, Andrew D. Miller, Rebecca R. Bellone, Jessica L. Petersen	University of California, Davis, Cornell University, Nanostring Technologies (United States), University of Nebraska–Lincoln	Veterinary Pathology	https://doi.org/10.1177/03009858241312623	1	article	True	Cancer-related molecular mechanisms research	False	True	False
Next generation statistical framework for next generation spatial transcriptomics data	2025-05-08	Fatoumata Mangane, Pierre Bost	Institut Curie	Unknown Journal	https://doi.org/10.1101/2025.05.02.651852	1	preprint	True	Single-cell and spatial transcriptomics	True	False	False
Identifying the common denominator: Dectin-1 as a promising marker for macrophage modulation in lung cancer and fibrosis	2023-09-09	Safaa Naiel, Anna Dvorkin‐Gheva, Megan Vierhout, Anmar Ayaub, Takuma Isshiki, Pareesa Ali, Spencer Revill, Amir Reihani, Pavithra Parthasarthy, Hemisha Patel, Ashgar Naqvi, Martin Kolb, Kjetil Ask	McMaster University	Unknown Journal	https://doi.org/10.1183/13993003.congress-2023.pa4072	2	article	False	Interstitial Lung Diseases and Idiopathic Pulmonary Fibrosis	True	False	False
GRIDGENE: Guided Region Identification based on Density of GENEs – a transcript density-based approach to characterize tissues by spatial transcriptomics	2025-08-19	Ana Marta Sequeira, Marieke E. Ijsselsteijn, Miguel Rocha, Jessica Roelands, Noel F.C.C. de Miranda	University of Minho, Leiden University Medical Center	Unknown Journal	https://doi.org/10.1101/2025.08.14.670318	1	preprint	True	Single-cell and spatial transcriptomics	True	False	False
6 Interrogation of spatial transcriptomics on canine tumor and normal tissue	2023-10-31	S. Church, B. C. S. Sutton, Erin Piazza, Kyla Teplitz	Nanostring Technologies (United States)	Regular and Young Investigator Award Abstracts	https://doi.org/10.1136/jitc-2023-sitc2023.0006	1	article	True	Cancer Research and Treatments	False	True	False
SpaNorm: spatially-aware normalisation for spatial transcriptomics data	2024-06-03	Agus Salim, Dharmesh D. Bhuva, Carissa Chen, Pengyi Yang, Melissa J. Davis, Jean Yang	Children’s Institute, Children's Medical Research Institute, University of Sydney, University of Adelaide, Children's Medical Center, University of Melbourne	Unknown Journal	https://doi.org/10.1101/2024.05.31.596908	2	preprint	True	Single-cell and spatial transcriptomics	True	False	False
Spatially resolved transcriptomic profiling for glomerular and tubulointerstitial gene expression in C3 glomerulopathy	2023-06-30	Jung Hun Koh, Minji Kang, Sehoon Park, Jeong Min Cho, Semin Cho, Yaerim Kim, Soojin Lee, Hajeong Lee, Kwon Wook Joo, Yon Su Kim, Kyung Chul Moon, Hyun Je Kim, Dong Ki Kim	Seoul National University, Eulji University, Seoul National University Hospital, Keimyung University, Chung-Ang University Hospital	Unknown Journal	https://doi.org/10.1101/2023.06.30.23292064	3	preprint	True	Renal Diseases and Glomerulopathies	False	True	False
Case study: Digital spatial profiling of metastatic clear cell carcinoma reveals intra-tumor heterogeneity in epithelial-mesenchymal gradient	2021-05-28	Duncan Yi-Te Wang, Tuan Zea Tan, Ya-Ting Tai, Jieru Ye, Wei‐Chou Lin, Lin‐Hung Wei, Ruby Yun‐Ju Huang	National University of Singapore, National Taiwan University, National University Cancer Institute, Singapore, National Taiwan University Hospital	Unknown Journal	https://doi.org/10.1101/2021.05.27.445912	2	preprint	False	Cancer Cells and Metastasis	False	True	False
20P Spatial analysis of residual tumor tissue provides new clues for post-neoadjuvant treatment approaches in triple-negative breast cancer	2023-05-01	Myriam Kossaï, Judith Passildas Jahanmohan, Nathalie Lacrampe, Ioana Molnar, M.A. Mouret Reynier, Catherine Abrial, Xavier Durando, Frédérique Penault‐Llorca, Nives Radošević Quadranti	Inserm, Centre Jean Perrin	ESMO Open	https://doi.org/10.1016/j.esmoop.2023.101244	1	article	True	Radiomics and Machine Learning in Medical Imaging	False	True	False
250 Spatial-transcriptomic analysis of tumor-immune microenvironment in AML patients receiving pembrolizumab and decitabine	2021-11-01	Chen Zhao, Abigail Wong-Rolle, Prajan Divakar, Katherine R. Calvo, Christopher S. Hourigan	National Institutes of Health Clinical Center, Nanostring Technologies (United States), National Heart Lung and Blood Institute, National Cancer Institute	Regular and Young Investigator Award Abstracts	https://doi.org/10.1136/jitc-2021-sitc2021.250	2	article	True	CAR-T cell therapy research	False	True	False
Tracing colorectal malignancy transformation from cell to tissue scale	2025-06-27	Helena L. Crowell, Irene Ruano, Zedong Hu, Yourae Hong, Ginevra Caratù, Hubert Piessevaux, Ashley Heck, Doudou Liu, Max Walter, Megan Vandenberg, Kim Tae Young, Dan McGuire, Tyler Hether, Margaret L. Hoang, Joseph Beechem, Sabine Tejpar, Anna Pascual Reguant, Holger Heyn	Bruker (United States), Cliniques Universitaires Saint-Luc, Institució Catalana de Recerca i Estudis Avançats, KU Leuven, Centro Nacional de Análisis Genómico, Universitat de Barcelona, Universitair Ziekenhuis Leuven	Unknown Journal	https://doi.org/10.1101/2025.06.23.660674	3	preprint	True	Colorectal Cancer Treatments and Studies	True	False	False
Spatial molecular imaging of the human type 2 diabetic islet	2023-01-04	Grant R. Kolar, David Ross, Emily Killingbeck, Willis K. Samson, Gina L. C. Yosten	Nanostring Technologies (United States), Saint Louis University	Unknown Journal	https://doi.org/10.1101/2023.01.04.519955	1	preprint	True	Pancreatic function and diabetes	False	False	False
Human Vascularized Macrophage-Islet Organoids to Model Immune-Mediated Pancreatic β cell Pyroptosis upon Viral Infection	2024-08-06	Liuliu Yang, Yuling Han, Tuo Zhang, Xue Dong, Jian Ge, Aadita Roy, Jiajun Zhu, Tiankun Lu, J. Jeya Vandana, Neranjan de Silva, Catherine C. Robertson, Jenny Xiang, Chendong Pan, Yanjie Sun, Jianwen Que, Todd Evans, Chengyang Liu, Wei Wang, Ali Naji, Stephen C.J. Parker, Robert E. Schwartz, Shuibing Chen	University of Pennsylvania, State Key Laboratory of Stem Cell and Reproductive Biology, Chinese Academy of Medical Sciences & Peking Union Medical College, Weill Cornell Medicine, Institute of Hematology & Blood Diseases Hospital, Institute of Zoology, University of Michigan–Ann Arbor, Cornell University, Columbia University Irving Medical Center, Genomic Health (United States), Chinese Academy of Sciences	Unknown Journal	https://doi.org/10.1101/2024.08.05.606734	1	preprint	True	Pancreatic function and diabetes	False	True	False
Comprehensive Analysis of Neurogenic Differentiation Factor 1 (NEUROD1), Achaete-Scute Homolog 1 (ASCL1), POU Class 2 Homeobox 3 (POU2F3), and Yes-Associated Protein 1 (YAP1) Expression Signatures Reveals Unique Large-Cell Neuroendocrine Carcinoma (LCNEC) Subgroups With Potential Therapeutic Implications	2025-09-01	Frank W J Heijboer, Jules L. Derks, Dana A. M. Mustafa, Nicole Rijnsburger, B.C.M. Hermans, Lisa M. Hillen, Ernst‐Jan M. Speel, Anne‐Marie C. Dingemans, Jan H. von der Thüsen	Erasmus MC Cancer Institute, Maastricht University	Laboratory Investigation	https://doi.org/10.1016/j.labinv.2025.104234	1	article	True	Lung Cancer Research Studies	False	True	False
Advanced molecular characterization using Digital Spatial Profiling Technology on immuno-oncology targets in methylated compared with unmethylated IDH-wildtype glioblastoma	2019-10-01	Hannah R. Barber, Beatrice Lander, Aled R. Daniels, Antonis Tofias, Jing Gong, Yuqi Ren, Xing Ren, Yan Liang, Paul White, Kathreena M. Kurian	University of Bristol, University of the West of England, Brain Tumour Research, Nanostring Technologies (United States)	Neuro-Oncology	https://doi.org/10.1093/neuonc/noz167.032	3	article	True	Cancer Research and Treatments	False	True	False
Abstract 6499: Small slide, big world: Fast detection of altered proteins and RNA levels in clinical samples using Nanostring nCounter® GeoMxTM Digital Spatial Profiler	2020-08-15	Jingjing Gong, Matthew R. Farren, Walid L. Shaib, Gregory B. Lesinski, Sarah Warren, Yan Liang	Nanostring Technologies (United States), Emory University	Cancer Research	https://doi.org/10.1158/1538-7445.am2020-6499	1	article	False	Nanoplatforms for cancer theranostics	False	True	False
Spatially conserved pathoprotein profiling in the human suprachiasmatic nucleus in progressive Alzheimer disease stages	2024-03-12	Gowoon Son, Mihovil Mladinov, Felipe Luiz Pereira, Song Hua Li, Chia‐Ling Tu, Grace Judge, Yumi Yang, Cláudia Kimie Suemoto, Renata Elaine Paraízo Leite, Vítor Ribeiro Paes, Carlos Augusto Pasqualucci, Wilson Jacob Filho, Salvatore Spina, William W. Seeley, Wenhan Chang, Thomas C. Neylan, Lea T. Grinberg	San Francisco VA Medical Center, Universidade de São Paulo, University Memory and Aging Center, University of California, San Francisco	Unknown Journal	https://doi.org/10.1101/2024.03.07.584000	2	preprint	True	Circadian rhythm and melatonin	False	True	False
CellsFromSpace: A fast, accurate and reference-free tool to deconvolve and annotate spatially distributed Omics data	2023-09-04	Corentin Thuilliez, Gaël Moquin‐Beaudry, Pierre Khneisser, Maria Eugénia Marques Da Costa, Slim Karkar, Hanane Boudhouche, Damien Drubay, Baptiste Audinot, Birgit Geoerger, Jean‐Yves Scoazec, Nathalie Gaspar, Antonin Marchais	Institut de Biochimie et Génétique Cellulaires, Université de Bordeaux, Centre de recherche en Epidémiologie et Santé des Populations, La Ligue Contre le Cancer, Inserm, Institut Gustave Roussy, Centre National de la Recherche Scientifique, Université Paris-Saclay	Unknown Journal	https://doi.org/10.1101/2023.08.30.555558	1	preprint	True	Single-cell and spatial transcriptomics	True	False	False
Abstract P1-05-02: Intratumor molecular tumor heterogeneity in low ER-expressing primary breast tumors	2022-02-15	Julia Foldi, Emily Reisenbichler, Liuliu Pan, Krsitina Sorg, S. Church, Lajos Pusztai	Nanostring Technologies (United States), Yale University	Cancer Research	https://doi.org/10.1158/1538-7445.sabcs21-p1-05-02	1	article	False	Estrogen and related hormone effects	False	False	False
Spatial proteomics reveals heterogeneity in neural markers underpinning high-fat diet-induced myopathy in male mice	2023-06-13	Lydia Hardowar, Jayakumar Vadakekolathu, Sergio Rutella, Richard P. Hulse, Craig Doig	Nottingham Trent University	Unknown Journal	https://doi.org/10.1101/2023.06.12.544330	1	preprint	True	Muscle Physiology and Disorders	False	False	False
High-plex proteomic prognostic marker discovery for patients with pancreatic cancer adenocarcinoma using digital spatial profiling.	2022-01-19	Nigel B. Jamieson, Assya Legrini, Holly Leslie, Stephan B. Dreyer, Andrew V. Biankin, David K. Chang	University of Glasgow	Journal of Clinical Oncology	https://doi.org/10.1200/jco.2022.40.4_suppl.611	1	article	False	Radiomics and Machine Learning in Medical Imaging	False	True	False
Spatially resolved multi-region transcriptomic subtyping and assessment of gene expression profiles associated with long-term benefit from chemo-immunotherapy in patients with extensive-stage small cell lung cancer (ES-SCLC).	2023-06-01	Melina Peressini, Rosario García Campelo, Manuel Cobo, Manuel Dómine, Javier de Castro, José Fuentes Pradera, Juan F. Córdoba, Emilio Esteban, Enric Carcereny, Laia Vilà, Alberto Moreno, Silverio Ros, Gerardo Huidobro Vence, Bartomeu Massutí, Magdalena Molero, Vera Adradas, Esther Conde, Santiago Ponce Aix, Luis Paz‐Ares, Jon Zugazagoitia	Centro de Investigación Biomédica en Red de Cáncer, Hospital Regional Universitario de Málaga, Hospital Universitario Reina Sofía, Hospital Universitario de Valme, Hospital Universitario 12 De Octubre, University Hospital Complex Of Vigo, Institut Gustave Roussy, Hospital Universitario La Paz, Hospital Universitari Germans Trias i Pujol, Deleted Institution, Research Institute Hospital 12 de Octubre, Hospital Universitario Fundación Jiménez Díaz, Complexo Hospitalario Universitario A Coruña, Universidad Complutense de Madrid, Hospital Universitario Central de Asturias, Hospital Universitari Arnau de Vilanova, Hospital Universitario Virgen de la Arrixaca, Hospital General Universitario de Alicante Doctor Balmis	Journal of Clinical Oncology	https://doi.org/10.1200/jco.2023.41.16_suppl.8594	1	article	False	Lung Cancer Research Studies	False	True	False
Abstract 233: Cabozantinib changes the landscape of the pancreatic tumor microenvironment and improves the efficacy of pembrolizumab	2024-03-22	Pritha Adhikary, Jayati Chakrabarti, Meenu Priya Resmi, Jiang Wang, Davendra Sohal, Rachna T. Shroff, Syed A. Ahmad, Yana Zavros	University of Arizona, University of Cincinnati	Cancer Research	https://doi.org/10.1158/1538-7445.am2024-233	1	article	False	Pancreatic and Hepatic Oncology Research	False	False	False
117 High-plex spatial proteomic profiling of immunotherapy response groups in head and neck cancer identifies tissue signatures associated with therapy response	2022-11-01	Arutha Kulasinghe, Habib Sadeghirad, Ning Liu, James Monkman, Chin Wee Tan, Cyrus Cooper, S. Church, F. R. N. Schneider, Jeppe Thaagard, James Mansfield, Kenneth J. O’Byrne, Melissa B. Davis, Brett Hughes	The University of Queensland, Royal Brisbane and Women's Hospital, Princess Alexandra Hospital, Nanostring Technologies (United States)	Regular and Young Investigator Award Abstracts	https://doi.org/10.1136/jitc-2022-sitc2022.0117	1	article	True	Radiomics and Machine Learning in Medical Imaging	False	True	False
Abstract 4709: Spatial whole transcriptome profiling of human normal liver and HCC uncovers unique insights into metabolic zonation	2023-04-04	Yan Liang, Nan Wang, Xia Li, Kathy Ton, Liang Zhang, Megan Vandenberg, Charlie Glaser, Zhiyong Ding, Joseph Beechem, Andy Nam, Yan Liang	Nanostring Technologies (United States)	Cancer Research	https://doi.org/10.1158/1538-7445.am2023-4709	1	article	False	Metabolomics and Mass Spectrometry Studies	False	True	False
Learning directed acyclic graphs for ligands and receptors based on spatially resolved transcriptomic data of ovarian cancer	2025-03-01	Shrabanti Chowdhury, Sammy Ferri‐Borgogno, Yang Peng, Wenyi Wang, Jie Peng, Samuel C. Mok, Pei Wang	University of California, Davis, Icahn School of Medicine at Mount Sinai, Gynecologic Oncology Group, The University of Texas MD Anderson Cancer Center	Briefings in Bioinformatics	https://doi.org/10.1093/bib/bbaf085	1	article	True	Single-cell and spatial transcriptomics	True	False	False
Progenitor Cell Dynamics in Androgenetic Alopecia: Insights from Spatially Resolved Transcriptomics	2025-06-17	Sasin Charoensuksira, Piyaporn Surinlert, Aungkana Krajarng, Thararat Nualsanit, Witchuda Payuhakrit, Pimchanok Panpinyaporn, Wilunplus Khumsri, Wilai Thanasarnaksorn, Atchima Suwanchinda, Suradej Hongeng, Saranyoo Ponnikorn	Mahidol University, Thammasat University, Chulalongkorn University, Ramathibodi Hospital	International Journal of Molecular Sciences	https://doi.org/10.3390/ijms26125792	1	article	True	RNA regulation and disease	False	True	False
spatialGE: Quantification and visualization of the tumor microenvironment heterogeneity using spatial transcriptomics	2021-07-27	Oscar E. Ospina, Christopher M. Wilson, Alex C. Soupir, Anders Berglund, Inna Smalley, Kenneth Y. Tsai, Brooke L. Fridley	Moffitt Cancer Center	Unknown Journal	https://doi.org/10.1101/2021.07.27.454023	1	preprint	True	Single-cell and spatial transcriptomics	False	True	False
Association of computed tomography scan–assessed body composition with immune and PI3K/AKT pathway proteins in distinct breast cancer tumor components	2024-05-22	Ting‐Yuan David Cheng, Dongtao Ann Fu, Sara M. Falzarano, Runzhi Zhang, Susmita Datta, Weizhou Zhang, Angela R. Omilian, Livingstone Aduse‐Poku, Jiang Bian, Jarome Irianto, Jaya Ruth Asirvatham, Martha Campbell‐Thompson	Baylor Scott & White Health, University of Florida, The Ohio State University, Roswell Park Comprehensive Cancer Center, Florida State University	Unknown Journal	https://doi.org/10.1101/2024.05.21.24307688	1	preprint	True	Nutrition and Health in Aging	False	True	False
Transcriptomic dissection of Intraepithelial Papillary Mucinous Neoplasms progression by spatial technologies identified novel markers of pancreatic carcinogenesis	2022-10-13	Antonio Agostini, Geny Piro, Frediano Inzani, Giuseppe Quero, Annachiara Esposito, Alessia Caggiano, Lorenzo Priori, Alberto Larghi, Sergio Alfieri, Raffaella Casolino, Vincenzo Corbo, Andrew V. Biankin, Giampaolo Tortora, Carmine Carbone	South Western Sydney Local Health District, University of Verona, UNSW Sydney, Università Cattolica del Sacro Cuore, Agostino Gemelli University Polyclinic, Istituti di Ricovero e Cura a Carattere Scientifico, University of Glasgow, Glasgow Royal Infirmary	Unknown Journal	https://doi.org/10.1101/2022.10.12.511894	1	preprint	True	Pancreatic and Hepatic Oncology Research	False	True	False
Abstract 4629: Heterogeneity in glioblastoma tumor microenvironment: Opportunities for new therapies	2023-04-04	Sandra Delebecq, Adele Ponzoni, Richard Ruez, Corinne Ramos, Jonathan Stauber	Laboratoire de Biologie Moléculaire et Cellulaire des Eucaryotes	Cancer Research	https://doi.org/10.1158/1538-7445.am2023-4629	1	article	False	Molecular Biology Techniques and Applications	False	True	False
Spatial-Temporal Multiomic Analysis of Tumor-Immune Interactions in Patients with AML Receiving Pembrolizumab and Decitabine	2022-11-15	Gege Gui, Abigail Wong-Rolle, Laura W. Dillon, Meghali Goswami, Eddie Martin, Prajan Divakar, Jason Reeves, Katherine R. Calvo, Kasper D. Hansen, Christopher S. Hourigan, Zhao Chen	National Institutes of Health Clinical Center, National Institutes of Health, National Heart Lung and Blood Institute, Nanostring Technologies (United States), Johns Hopkins University	Blood	https://doi.org/10.1182/blood-2022-168191	1	article	False	Single-cell and spatial transcriptomics	True	True	False
Spatial protein profiling reveals active roles for astrocytes in the chronic active lesion core during multiple sclerosis	2025-11-01	Brandon C. Smith, Anthony Chomyk, Maria L. Habean, Benjamin C. Shaw, Rachel A. Tinkey, Bruce D. Trapp, J. WILLIAMS	Cleveland Clinic, Case Western Reserve University, Kent State University	Acta Neuropathologica	https://doi.org/10.1007/s00401-025-02953-9	1	article	True	Unknown	False	False	False
The Progression of Mycosis Fungoides During Treatment with Mogamulizumab: A BIO-MUSE Case Study of the Tumor and Immune Response in Peripheral Blood and Tissue	2025-01-14	Angelica Johansson, Eirini Kalliara, Emma Belfrage, Teodor Alling, Paul Theodor Pyl, Anna Sandström Gerdtsson, Urban Gullberg, Anna Porwit, Kristina Drott, Sara Ek	Science for Life Laboratory, Lund University, Skåne University Hospital	Biomedicines	https://doi.org/10.3390/biomedicines13010186	1	article	True	Cutaneous lymphoproliferative disorders research	False	False	False
Abstract 985: An innovative spatial biology biomarker discovery approach to enable acceleration of drug development	2023-04-04	Jason Reeves, Esperanza Anguiano, Vikram Devgan, Nicholas Confuorto, Joachim Schmid, Yan Liang, Joseph Beechem	Nanostring Technologies (United States)	Cancer Research	https://doi.org/10.1158/1538-7445.am2023-985	0	article	False	Radiomics and Machine Learning in Medical Imaging	True	True	False
Spatial Transcriptomic Analysis of Focal and Normal Areas of Myocyte Disarray in Human Hypertrophic Cardiomyopathy	2023-07-04	Jason Laird, Gayani Perera, Rebecca Batorsky, Hongjie Wang, Knarik Arkun, Michael T. Chin	Tufts Medical Center, Tufts University	Preprints.org	https://doi.org/10.20944/preprints202307.0139.v1	3	preprint	True	Cardiomyopathy and Myosin Studies	False	False	False
Digital spatial profiling of segmental outflow regions in trabecular meshwork reveals a role for ADAM15	2024-02-23	Jennifer A. Faralli, Mark S. Filla, Yong-Feng Yang, Ying Sun, Kassidy L. Johns, Kate E. Keller, Donna M. Peters	University of Wisconsin–Madison, Oregon Health & Science University	PLoS ONE	https://doi.org/10.1371/journal.pone.0298802	2	article	True	HER2/EGFR in Cancer Research	False	True	False
SpaRx: Elucidate single-cell spatial heterogeneity of drug responses for personalized treatment	2023-08-06	Ziyang Tang, Xiang Liu, Zuotian Li, Tonglin Zhang, Baijian Yang, Jing Su, Qianqian Song	Indiana University School of Medicine, Wake Forest Baptist Comprehensive Cancer Center, Indiana University, Wake Forest University	Unknown Journal	https://doi.org/10.1101/2023.08.03.551911	2	preprint	True	Single-cell and spatial transcriptomics	True	False	False
#3979 DIGITAL SPATIAL PROFILING CAN BE USED TO STUDY GLOMERULAR ENDOTHELIAL CELLS IN IGA NEPHROPATHY	2023-06-01	Haresh Selvaskandan, Charlotte Boys, Izabella Pawluczyk, Jonathan Barratt	University of Leicester, Heidelberg University	Nephrology Dialysis Transplantation	https://doi.org/10.1093/ndt/gfad063c_3979	1	article	True	Single-cell and spatial transcriptomics	False	True	False
Abstract C073: FOLFIRINOX with Glycogen Synthase Kinase-3 Beta (GSK-3β) Inhibitor Elraglusib and Transforming Growth Factor- β (TGFβ) Inhibitor Losartan in Untreated Metastatic Pancreatic Ductal Adenocarcinoma(PDAC): Interim analysis of safety cohort	2024-09-15	Priyadarshini Pathak, Eric W. Lin, Ildiko E. Phillips, David T. Ting, Colin D. Weekes	Massachusetts General Hospital	Cancer Research	https://doi.org/10.1158/1538-7445.pancreatic24-c073	1	article	False	Pancreatic and Hepatic Oncology Research	False	False	False
Spatial transcriptomic analysis reveals similar gene expression patterns in the Long COVID and IPF lungs.	2023-09-09	A. Justet, Claudia Ravaglia, Amy Zhao, Nibal Al Hussein, Taylor Adams, Agshin Balayev, Joe Deluliis, Naftali Kaminski, Sara Tomassetti, Venerino Poletti	University of New Haven	Unknown Journal	https://doi.org/10.1183/13993003.congress-2023.oa4198	1	article	False	Radiomics and Machine Learning in Medical Imaging	True	False	False
MP74-10 AI-BASED RISK-STRATIFICATION TOOL PATHOMIQ_PRAD ANALYZES HISTOPATHOLOGY IMAGES TO ACCURATELY PREDICT METASTASIS IN BLACK MEN AND HELPS DISCOVER CANCER DRIVERS	2024-04-15	Dimple Chakravarty, Muhammad Hassan, Chensu Xie, Parag Jain, Rachel Brody, Lawrence W. Leung, Monali Fatterpekar, Wei Huang, Swati Bhardwaj, Hirak S. Basu, George Wilding, Rajat Roy, Sujit S. Nair, Ashutosh Tewari		The Journal of Urology	https://doi.org/10.1097/01.ju.0001008632.59099.b9.10	2	article	False	Prostate Cancer Diagnosis and Treatment	False	True	False
Deep multi-omic analyses to identify targetable pathways in desmoplastic small round cell tumor (DSRCT) with opportunities for clinical intervention.	2023-06-01	Limin Zhu, Jamie M. Keck, Jayne M. Stommel, Brett Johnson, Christopher L. Corless, Christopher W. Ryan, Gordon B. Mills, Lara E. Davis	Oregon Health & Science University, OHSU Knight Cancer Institute	Journal of Clinical Oncology	https://doi.org/10.1200/jco.2023.41.16_suppl.e22006	3	article	False	Sarcoma Diagnosis and Treatment	False	True	False
Quinpirole ameliorates the dysfunction of microglia in human LRRK2-R1441G transgenic mice	2025-02-24	Yuanxin Chen, S. Cui, Huaixin Wang, Chenbo Zeng, Hui Zhang	University of Georgia, Thomas Jefferson University	Unknown Journal	https://doi.org/10.1101/2025.02.23.639776	1	preprint	True	Neuroinflammation and Neurodegeneration Mechanisms	False	True	False
TMOD-29. Animal Free Modeling of Diffuse Intrinsic Pontine Glioma using a Human Neural Organoid	2025-11-01	Jack Shireman, Elliot Xie, Connie Lebaken, Shawn Damodharan, Christina Kendziorski, Mahua Dey	University of Wisconsin–Madison, University of Chicago, Sterling Research Group	Neuro-Oncology	https://doi.org/10.1093/neuonc/noaf201.1903	1	article	True	Unknown	False	True	False
Biological and Prognostic Subgroups of Plasmablastic Lymphoma Defined By EBV Status and <i>MYC</i> Rearrangement- an L.L.M.P.P. Study	2024-11-05	Jasper Wong, Fabian Frontzek, Andrew Lytle, Brett Collinge, Laura K. Hilton, Susana Ben‐Neriah, Graham W. Slack, Pedro Farinha, Alina S. Gerrie, Li Yang, Corinna Kosnopfel, James R. Cook, Itziar Salaverría, Elı́as Campo, G. Ott, Andreas Rosenwald, Catalina Amador, Elaine S. Jaffe, Timothy C. Greiner, Philipp W. Raess, Joo Y. Song, Giorgio Inghirami, Dennis D. Weisenburger, Wing C. Chan, Harald Holte, Klaus Beiske, Kai Fu, Jan Delabie, Stefania Pittaluga, Andrew L. Feldman, Kerry J. Savage, Andrew J. Mungall, Christian Steidl, Georg Lenz, Lisa M. Rimsza, Ryan D. Morin, David W. Scott	Cleveland Clinic, University of Toronto, University Hospital Münster, Weill Cornell Medicine, Simon Fraser University, City Of Hope National Medical Center, Oslo University Hospital, University of Miami, Dr. Margarete Fischer-Bosch-Institute of Clinical Pharmacology, Oregon Health & Science University, Nebraska Medical Center, Comprehensive Cancer Center Mainfranken, Spinal Cord Injury BC, Mayo Clinic in Arizona, Robert Bosch Hospital, University of Nebraska Medical Center, Consorci Institut D'Investigacions Biomediques August Pi I Sunyer, Cornell University, Roswell Park Comprehensive Cancer Center, Universitätsklinikum Würzburg, Hospital Clínic de Barcelona, Canada's Michael Smith Genome Sciences Centre, National Cancer Institute, University of Arizona	Blood	https://doi.org/10.1182/blood-2024-208880	2	article	False	Viral-associated cancers and disorders	True	False	False
654MO High dimensional immuno-phenotyping of immunotherapy response in head and neck cancer	2022-09-01	K.J. O'Byrne, Nuoya Ma, H. Sadeghirad, N. Jhaveri, J. Monkman, A. Pratapa, B. Ben Cheikh, R. Ladwa, B.G.M. Hughes, O. Braubach, A. Kulasinghe	The University of Queensland, Princess Alexandra Hospital, Metro South Health, Royal Brisbane and Women's Hospital, Akoya Biosciences (United States)	Annals of Oncology	https://doi.org/10.1016/j.annonc.2022.07.778	2	article	False	Immunotherapy and Immune Responses	False	False	False
Spatial transcriptomic analysis reveals lack of response to PD-1 blockade in recurrent glioblastoma	2025-09-17	Sara Blaabjerg Artzi, Mikkel Klausen, Dylan Scott Lykke Harwood, Signe Regner Michaelsen, Simone Maarup, Alessio Locallo, Vincent Fougner, Nicolai Schou Bager, Nadine Margaretha Hammouda, Dorte Schou Nørøxe, Benedikte Hasselbalch, Ulrik Lassen, Joachim Weischenfeldt, Bjarne Winther Kristensen	Copenhagen University Hospital, University of Copenhagen, Rigshospitalet	Acta Neuropathologica	https://doi.org/10.1007/s00401-025-02937-9	1	article	True	Glioma Diagnosis and Treatment	False	False	False
Spatially Resolved Single-Cell Transcriptome Analysis of Mycosis Fungoides Reveals Distinct Biomarkers GNLY and FYB1 Compared With Psoriasis and Chronic Spongiotic Dermatitis	2024-12-14	Joon Min Jung, Chong Hyun Won, Sung Eun Chang, Mi Woo Lee, Woo Jin Lee	University of Ulsan, Asan Medical Center, Ulsan College	Modern Pathology	https://doi.org/10.1016/j.modpat.2024.100681	1	article	False	Cutaneous lymphoproliferative disorders research	False	False	False
Abstract C111: Spatial transcriptome profiling of tumor and tumor microenvironment of triple negative breast cancer in patients of African American and European American descent	2023-01-01	Deepa Bedi, Balasubramanyam Karanam, Isra Elhussin, Chitra R. Nayak, Clayton Yates	Tuskegee University	Cancer Epidemiology Biomarkers & Prevention	https://doi.org/10.1158/1538-7755.disp22-c111	1	article	False	Molecular Biology Techniques and Applications	False	True	False
Head of Cancer Drugs Fund regrets its establishment, conference hears	2015-01-15	Neil Hawkes	Transnational Press London	BMJ	https://doi.org/10.1136/bmj.h270	1	article	False	interferon and immune responses	False	False	False
523 Targeting SDF-1 as an efficient strategy to resolve skin hyperpigmentation issues with Himanthalia elongata extract	2022-11-18	Marie Meunier, E. Chapuis, A. Humeau, C. Lambert, D. Auriol, A. Scandolera, R. Reynaud	Givaudan (France)	Journal of Investigative Dermatology	https://doi.org/10.1016/j.jid.2022.09.538	1	article	True	melanin and skin pigmentation	False	False	False
629 Neoadjuvant SEMA4D inhibitor pepinemab combination with nivolumab increases crosstalk between B cell and CD26<sup>hi</sup> T cell in patients with resectable stage III melanoma	2023-10-31	Ayana T. Ruffin, Brian M. Olson, Crystal Mallow, Christine Reilly, Jacklyn Hammons, Jayden Kim, Brian Burns, Agnes Harutyunyan, Elizabeth Evans, Terrence L. Fisher, Maurice Zauderer, Keith A. Delman, Melinda Yushak, Ali Mokhtari, Douglas J. Parker, Ragini R. Kudchadkar, Chrystal M. Paulos, Gregory B. Lesinski, Michael Lowe	Vaccinex (United States), Emory University	Regular and Young Investigator Award Abstracts	https://doi.org/10.1136/jitc-2023-sitc2023.0629	1	article	True	Axon Guidance and Neuronal Signaling	True	False	False
Spatial profiling of METex14-altered NSCLC under tepotinib treatment: Shifting the immunosuppressive landscape	2024-10-03	Manon A. Simard, Carlos Cabrera-Gálvez, Santiago Viteri, Felix Geist, Nadine Reischmann, M. Zühlsdorf, Niki Karachaliou	Spanish Ovarian Cancer Research Group, Merck (Germany)	Neoplasia	https://doi.org/10.1016/j.neo.2024.101063	1	article	True	Lung Cancer Treatments and Mutations	False	False	False
Abstract 3384: Characterization of the tumor microenvironment and liquid biopsy in head and neck and non-small cell lung cancer	2020-08-15	Arutha Kulasinghe, Joanna Kapeleris, Liz Kenny, Brett Hughes, Majid Ebrahimi Warkiani, Ian Vela, Jean Paul Thiery, Kenneth J. O’Byrne, Chamindie Punyadeera	Queensland University of Technology, Royal Brisbane and Women's Hospital, University of Technology Sydney	Cancer Research	https://doi.org/10.1158/1538-7445.am2020-3384	3	article	False	Cancer Cells and Metastasis	False	True	False
Identification of retinal tau oligomers, citrullinated tau, and other tau isoforms in early and advanced AD and relations to disease status	2024-02-16	Haoshen Shi, Nazanin Mirzaei, Yosef Koronyo, Miyah R. Davis, Edward Robinson, Gila M. Braun, Ousman Jallow, Altan Rentsendorj, V. Krishnan Ramanujan, Justyna Fert‐Bober, Andrei A. Kramerov, Alexander V. Ljubimov, Lon S. Schneider, Warren G. Tourtellotte, Debra Hawes, Julie A. Schneider, Keith L. Black, Rakez Kayed, Maj‐Linda B. Selenica, Daniel C. Lee, Dieu‐Trang Fuchs, Maya Koronyo‐Hamaoui	Rush University Medical Center, The University of Texas Medical Branch at Galveston, University of Kentucky, Cedars-Sinai Smidt Heart Institute, Cedars-Sinai Medical Center, University of Southern California, University of South Florida	Unknown Journal	https://doi.org/10.1101/2024.02.13.579999	1	preprint	True	Retinal Imaging and Analysis	False	True	False
Spatial resolution of transcriptomic plasticity states underpinning lethal morphologies in lung adenocarcinoma	2024-06-12	Hannah L. Williams, Nicolas Poulain, Ian Powley, Silvia Martinelli, Robert Bielik, Holly Leslie, Colin Nixon, Claire Wilson, Marco Sereno, Zhangyi He, Leah Officer-Jones, Fiona Ballantyne, Rachel Pennie, Colin S. Wood, David Y. Lewis, Nigel B. Jamieson, John Le Quesne	NHS Greater Glasgow and Clyde, University of Leicester, Cancer Research UK, University of Bern, University of Glasgow, Glasgow Royal Infirmary, NIHR Leicester Biomedical Research Centre	Unknown Journal	https://doi.org/10.1101/2024.06.11.598228	1	preprint	True	Ferroptosis and cancer prognosis	False	True	False
The tumor immune microenvironment of primary and metastatic HER2- positive breast cancers utilizing gene expression and spatial proteomic profiling	2021-06-29	Ilana Schlam, S. Church, Tyler Hether, Krysta Chaldekas, Briana M. Hudson, Andrew White, Emily Maisonet, Brent T. Harris, Sandra M. Swain	Georgetown University Medical Center, Washington Hospital, Nanostring Technologies (United States), Georgetown University	Unknown Journal	https://doi.org/10.21203/rs.3.rs-625718/v1	1	preprint	True	Cancer Immunotherapy and Biomarkers	False	True	False
Cellular senescence profiling reveals distinct sub‐types of neurofibrillary tangle bearing neurons.	2022-12-01	Miranda E. Orr, Timothy C. Orr, Shiva Kazempour Dehkordi, Habil Zare, Jamie M. Walker, C. Dirk Keene	The University of Texas Health Science Center at San Antonio, University of Washington, Wake Forest University, W. G. (Bill) Hefner VA Medical Center	Alzheimer s & Dementia	https://doi.org/10.1002/alz.069118	2	article	False	Genetics, Aging, and Longevity in Model Organisms	False	True	False
Multiplex protein quantification per cell type in bronchoalveolar lavage cytospin cells of patients with asthma and healthy individuals	2024-03-15	Nicole van der Burg, Martin Ryde, Jaro Ankerst, Leif Bjermer, Ellen Tufvesson	Lund University	Unknown Journal	https://doi.org/10.1183/23120541.lsc-2024.68	1	article	False	Inhalation and Respiratory Drug Delivery	False	False	False
885 Characterization of the tumor microenvironment in advanced breast cancer patients treated with talazoparib followed by combination of talazoparib and avelumab	2023-10-31	Kenichi Shimada, Filipa Lynce, Xue Geng, Edward T. Richardson, Candace Mainor, Mei Wei, Julie Collins, Paula R. Pohlmann, Arielle L. Heeke, Kelly F Zheng, Madeline G Townsend, Lauren M. Sloat, Jane Staunton, Stuart J. Schnitt, Joan S. Brugge, Hongkun Wang, Claudine Isaacs, Geoffrey I. Shapiro, Jennifer L. Guerriero	Brigham and Women's Hospital, MedStar Georgetown University Hospital, Harvard University, Levine Cancer Institute, Dana-Farber Cancer Institute, Merck & Co., Inc., Rahway, NJ, USA (United States), University of Utah, The University of Texas MD Anderson Cancer Center, Georgetown University	Regular and Young Investigator Award Abstracts	https://doi.org/10.1136/jitc-2023-sitc2023.0885	1	article	True	PARP inhibition in cancer therapy	False	False	False
PRISM: A Python Package for Interactive and Integrated Analysis of Multiplexed Tissue Microarrays	2024-12-23	Rafael Tubelleza, A. Kilgallon, Chin Wee Tan, James Monkman, John F. Fraser, Arutha Kulasinghe	University of Queensland, Prince Charles Hospital, Walter and Eliza Hall Institute of Medical Research	Unknown Journal	https://doi.org/10.1101/2024.12.23.630034	1	preprint	True	Gene expression and cancer classification	True	False	False
951 Spatial atlases of immunological development within the lymph node	2022-11-01	Tyler Hether, Stephanie Zimmerman, Zachary Lewis, Shanshan He, Liang Zhang, Kathy Ton, Liuliu Pan, Wei Yang, Stefan Phelan, Steve Fetter, Andy Nam, Emily Brown, Michael J. Patrick, Gary Geiss, S. Church, Michael Rhodes, Yan Liang, Jason Reeves, Joseph Beechem	Nanostring Technologies (United States)	Regular and Young Investigator Award Abstracts	https://doi.org/10.1136/jitc-2022-sitc2022.0951	0	article	True	Single-cell and spatial transcriptomics	True	True	False
Spatial transcriptomic alterations of the dorsal horn in dogs with neuropathic pain	2025-11-14	Tenna Remler Pedersen, Jørgen Steen Agerholm, Clare Rusbridge, Nanna Brix Finnerup, Fernando Constantino‐Casas, Merete Fredholm, Mette Berendt, Jens Randel Nyengaard	Danish Pain Research Center, University of Copenhagen, University of Surrey, University of Cambridge, Aarhus University Hospital, Aarhus University	PAIN Reports	https://doi.org/10.1097/pr9.0000000000001360	1	article	True	Unknown	False	True	False
Structure and<i>in silico</i>substrate-binding mode of ADP-<scp>L</scp>-<i>glycero</i>-<scp>D</scp>-<i>manno</i>-heptose 6-epimerase from<i>Burkholderia thailandensis</i>	2013-03-13	Mi Sun Kim, Areum Lim, Seung Won Yang, Jimin Park, Daeun Lee, Dong Hae Shin	Ewha Womans University	Acta Crystallographica Section D Biological Crystallography	https://doi.org/10.1107/s0907444913001030	2	article	False	Pancreatitis Pathology and Treatment	False	True	False
Spatial transcriptome analysis of myenteric plexus and intestinal epithelium of colon in patients with Parkinson’s disease	2025-07-05	Chaewon Shin, Karoliina Eliisa Ruhno, Jung Hwan Shin, Su Hwan Hwang, Jin Go, Minji Kang, Hyun Je Kim, Ji Hwan Moon, Han‐Joon Kim	Seoul National University Hospital, Seoul National University	Acta Neuropathologica Communications	https://doi.org/10.1186/s40478-025-02047-3	1	article	True	Parkinson's Disease Mechanisms and Treatments	False	False	False
487 Digital Spatial Profiling of Allograft Loss in Kidney Biopsies with Chronic Allograft Dysfunction	2024-04-01	Casey R. Dorr, Weihua Guan W, Guillaume Onyeaghala G, William S. Oetting, Roslyn B. Mannon, Gaurav Agarwal, Jonathan S. Maltzman, Arthur J. Matas, Pamala A. Jacobson, Ajay K. Israni, for DeKAF Genomics	University of Alabama at Birmingham, Palo Alto University, Stanford University, University of Nebraska Medical Center, University of Minnesota, Hennepin Healthcare Research Institute	Journal of Clinical and Translational Science	https://doi.org/10.1017/cts.2024.413	1	article	True	Renal and Vascular Pathologies	False	True	False
Abstract 3331: Role of innate immune cells in the development of vessel co-opting CRC liver metastases	2020-08-15	Thomas Z. Mayer, Diane Kim, Miran Rada, Stephanie Petrillo, Anthoula Lazaris, Peter Metrakos	McGill University Health Centre	Cancer Research	https://doi.org/10.1158/1538-7445.am2020-3331	2	article	False	Ferroptosis and cancer prognosis	False	True	False
824 Spatial transcriptomic analysis of HS skin lesions reveals that tunnels are immunologically active and activity correlates with disease severity	2022-07-20	Carolyn Dunlap, C. Li, John W. Frew, J. Guo, Israel Charo, Tom Schall, Kathleen M. Sullivan	UNSW Sydney, Nanostring Technologies (United States), ChemoCentryx (United States)	Journal of Investigative Dermatology	https://doi.org/10.1016/j.jid.2022.05.838	1	article	False	Hidradenitis Suppurativa and Treatments	False	False	False
LSC - 2023 - Defining and modelling the fibrotic niche in lung fibrosis	2023-09-09	Joseph A. Bell, Michael Eyres, Elizabeth R. Davies, Zijian Xu, Yihua Wang, Gayle Marshall, Donna E. Davies, Emily Offer, Mark G. Jones	Medicines Discovery Catapult, University of Southampton	Unknown Journal	https://doi.org/10.1183/13993003.congress-2023.oa4197	1	article	False	Delphi Technique in Research	False	True	False
Tumor heterogeneity between primary and paired recurrent breast cancer and its potential molecular mechanism.	2025-05-28	Yujing Tan, Jiani Wang, Cheng Zeng, Binghe Xu, Fei Ma	Chinese Academy of Medical Sciences & Peking Union Medical College	Journal of Clinical Oncology	https://doi.org/10.1200/jco.2025.43.16_suppl.e13177	2	article	False	Estrogen and related hormone effects	False	True	False
Anterior hypothalamic pathology in Alzheimer’s disease: A human postmortem study using spatial in‐situ proteomics	2022-12-01	Gowoon Son, Mihovil Mladinov, Felipe Luiz Pereira, Song Hua Li, Chia‐Ling Tu, Salvatore Spina, William W. Seeley, Wenhan Chang, Lea T. Grinberg	San Francisco VA Medical Center, University Memory and Aging Center, University of California, San Francisco	Alzheimer s & Dementia	https://doi.org/10.1002/alz.060951	1	article	False	Sleep and Wakefulness Research	False	True	False
Abstract 6770: Spatial characterization of immune microenvironment from early onset metastatic colorectal cancer (EOmCRC) showed a dual prognostic role for IDO1 expression	2023-04-04	Raghavendar T. Nagaraju, Jakub Franczak, Markus Möhler, Elisa Fontana, Antoine Giraud, L. Dirix, José Casas-Martín, Beatrice Borelli, Florian Lordick, Elizabeth Smith, Sabine Tejpar, Gunnar Folprecht, Jorge Barriuso	European Organisation for Research and Treatment of Cancer, University Hospital Leipzig, University Medical Center of the Johannes Gutenberg University Mainz, University of Manchester, Johannes Gutenberg University Mainz, Sarah Cannon Research Institute, Royal Marsden Hospital, Universitair Ziekenhuis Leuven, Azienda Ospedaliera Universitaria Pisana	Cancer Research	https://doi.org/10.1158/1538-7445.am2023-6770	1	article	False	Colorectal Cancer Treatments and Studies	False	True	False
Upregulated Matrisomal Proteins and Extracellular Matrix Mechanosignaling Underlie Obesity-Associated Promotion of Pancreatic Ductal Adenocarcinoma	2024-04-21	Richard T. Waldron, Aurelia Lugea, Hui-Hua Chang, Hsin‐Yuan Su, Crystal Quiros, Michael Lewis, Mingtian Che, V. Krishnan Ramanujan, Enrique Rozengurt, Guido Eibl, Stephen J. Pandol	Cedars-Sinai Medical Center, University of California, Los Angeles	Cancers	https://doi.org/10.3390/cancers16081593	1	article	True	Pancreatic and Hepatic Oncology Research	False	True	False
Defining and modelling the fibrotic niche in lung fibrosis	2023-03-09	Joseph A. Bell, Michael Eyres, Elizabeth R. Davies, Zuohua Xu, Yihua Wang, Gayle Marshall, Donna E. Davies, E Offer, Mark G. Jones	Medicines Discovery Catapult, University of Southampton	12.01 - Idiopathic interstitial pneumonias	https://doi.org/10.1183/23120541.lsc-2023.100	1	article	False	Delphi Technique in Research	False	True	False
Glomerular spatial transcriptomics of IgA nephropathy according to the presence of mesangial proliferation	2022-11-18	Sehoon Park, Minji Kang, Yong Chul Kim, Dong Ki Kim, Kook‐Hwan Oh, Kwon Wook Joo, Yon Su Kim, Hyun Je Kim, Kyung Chul Moon, Hajeong Lee	Seoul National University Hospital, Seoul National University	Unknown Journal	https://doi.org/10.1101/2022.11.17.22282435	2	preprint	True	Renal Diseases and Glomerulopathies	False	True	False
Abstract CT139: Intratumoral (IT) microdosing of the investigational SUMOylation Inhibitor TAK-981 in a phase 0 CIVO trial demonstrates the reactivation of type I Interferon (IFN1) signaling in head and neck squamous cell carcinoma (HNSCC)	2022-06-15	Jeffrey Houlton, Harrison Cash, Haodong Xu, Paul Swiecicki, Keith Casper, Steven B. Chinn, Daniel Clayburgh, Ryan J. Li, Robert J. Christian, Aaron Halfpenny, Annemieke van Zante, Beryl A. Hatton, Kimberly H.W. Sottero, Marc Grenley, Connor Burns, Jason P. Frazier, Jonathan M.J. Derry, Gloria Kung, Emily Beirne, Nathan J. Schauer, Atticus Turner, Wendy Jenkins, Kirsten Anderson, Richard A. Klinghoffer, Dennis Huszar, Allison Berger, Karuppiah Kannan	University of California, San Francisco, Oregon Health & Science University, University of Washington, University of Michigan–Ann Arbor, Presage Biosciences (United States)	Cancer Research	https://doi.org/10.1158/1538-7445.am2022-ct139	4	article	False	RNA modifications and cancer	False	True	False
Targeting B7-H3 in prostate cancer: Phase 2 trial in localized prostate cancer using the anti-B7-H3 antibody enoblituzumab, with biomarker correlatives.	2022-06-01	Eugene Shenderov, Angelo M. De Marzo, Tamara L. Lotan, Hao Wang, Su Jin Lim, Mohamad E. Allaf, Paul A. Moore, Francine Chen, Kristina Sorg, Andrew White, Briana M. Hudson, Paul Fields, Shaohui Hu, Samuel R. Denmeade, Kenneth J. Pienta, Christian P. Pavlovich, Charles G. Drake, Drew M. Pardoll, Emmanuel S. Antonarakis	MacroGenics (United States), Johns Hopkins Medicine, CDI Laboratories (United States), Herbert Irving Comprehensive Cancer Center, University of Minnesota, Nanostring Technologies (United States), Johns Hopkins University, Adaptive Biotechnologies (United States), Sidney Kimmel Comprehensive Cancer Center, Bloomberg (United States)	Journal of Clinical Oncology	https://doi.org/10.1200/jco.2022.40.16_suppl.5015	3	article	False	Cancer Immunotherapy and Biomarkers	False	True	False
Abstract 4617: A complete pipeline for high-plex spatial proteomic profiling and analysis on the cosmxtm spatial molecular imager and atomtm spatial informatics platform	2023-04-04	Tien Phan‐Everson, Zachary Lewis, Giang T. Ong, Yan Liang, Emily Brown, Liuliu Pan, Aster Wardhani, Mithra Korukonda, Carl Brown, Dwayne Dunaway, Edward Zhao, Dan McGuire, Sangsoon Woo, Alyssa Rosenbloom, Brian Filanoski, Rhonda Meredith, Kan Chantranuvatana, Brian Birditt, Hye Son Yi, Erin Piazza, Jason Reeves, John S. Lyssand, Vik Devgan, Michael Rhodes, Gary Geiss, Joseph Beechem	Nanostring Technologies (United States)	Cancer Research	https://doi.org/10.1158/1538-7445.am2023-4617	0	article	False	Advanced Biosensing Techniques and Applications	True	False	True
Similar Programmed Death Ligand 1 (PD-L1) expression profile in patients with mild COPD and lung cancer	2022-03-08	Francesca Polverino, Davida Mirra, Renata Esposito, Giuseppe Spaziano, Manuela Sgambato, Elena Piegari, Anna Cozzolino, Erika Cione, Luca Gallelli, Antonio Capuozzo, Carlo Santoriello, Liberato Berrino, Juan Paoblo de Torres, Mario Polverino, Bruno D’Agostino	"Baylor College of Medicine, Magna Graecia University, University of Calabria, Queen's University, University of Campania ""Luigi Vanvitelli"", Ospedale Antonio Cardarelli"	Research Square (Research Square)	https://doi.org/10.21203/rs.3.rs-1375680/v1	2	preprint	True	Lung Cancer Research Studies	False	False	False
Single-cell and spatial transcriptomics reveals the human liver immunological landscape and myeloid dysfunction in PSC	2023-08-01	Tallulah Andrews, Diana Nakib, Cátia T. Perciani, Xue Zhong, Lewis Liu, Erin Winter, Damra Camat, Sai Chung, Justin Manuel, Shantel Mangroo, Bettina E. Hansen, Bal Arpinder, Cornelia Thoeni, Blayne A. Sayed, Jordan J. Feld, Adam J. Gehring, Aliya Gulamhusein, Gideon M. Hirschfield, Amanda Riciutto, Gary D. Bader, Ian D. McGilvray, Sonya A. MacParland	Hospital for Sick Children, University of Toronto, Western University, University Health Network, Toronto Liver Centre	Unknown Journal	https://doi.org/10.1101/2023.07.28.550550	2	preprint	True	Liver Diseases and Immunity	False	True	False
Abstract 3644: Uncover spatial signatures of tumor microenvironment and oncogenic pathways using 6,000-plex single-cell spatial molecular imaging on FFPE skin squamous cell carcinoma	2024-03-22	Michael Patrick, Shanshan He, Saskia Ilcisin, David Kroeppler, Patrick Danaher, Jason Reeves, Mark Gregory, Haiyan Zhai, Michael Rhodes, Joseph Beechem	Nanostring Technologies (United States)	Cancer Research	https://doi.org/10.1158/1538-7445.am2024-3644	2	article	False	Photoacoustic and Ultrasonic Imaging	False	False	False
Transcriptional Signatures of Hippocampal Tau Pathology in Primary Age-Related Tauopathy and Alzheimer’s Disease	2023-09-12	Genevieve Stein-O’Brien, Ryan G. Palaganas, E. Michael Meyer, Javier Redding‐Ochoa, Olga Pletnikova, Haidan Guo, William R. Bell, Juan C. Troncoso, Richard L. Huganir, Meaghan Morris	Discovery Institute, UPMC Hillman Cancer Center, Johns Hopkins Medicine, University at Buffalo, State University of New York, University of Pittsburgh Medical Center, Indiana University – Purdue University Indianapolis, Johns Hopkins University, Indiana University School of Medicine	Unknown Journal	https://doi.org/10.1101/2023.09.12.23295440	2	preprint	True	Alzheimer's disease research and treatments	False	True	False
Graph Contrastive Learning of Subcellular-resolution Spatial Transcriptomics Improves Cell Type Annotation and Reveals Critical Molecular Pathways	2024-03-13	Qiaolin Lu, Jiayuan Ding, Lingxiao Li, Yi Chang, Jiliang Tang, Xiaojie Qiu	Jilin University, Jilin International Studies University, Stanford University, Lucile Packard Children's Hospital, Michigan State University	Unknown Journal	https://doi.org/10.1101/2024.03.08.584192	1	preprint	True	Single-cell and spatial transcriptomics	True	False	False
1144P High-plex spatial profiling of cutaneous squamous cell carcinoma to identify biomarkers associated with clinical outcomes: The cMIC study	2023-10-01	Rahul Ladwa, James Monkman, H. Sadeghirad, Caroline Cooper, Gabrielle T. Belz, James Bowman, Helmut Schaider, Howard Liu, Arutha Kulasinghe, Sandro Porceddu	The University of Queensland, Peter MacCallum Cancer Centre, Princess Alexandra Hospital, Metro South Health, Translational Research Institute	Annals of Oncology	https://doi.org/10.1016/j.annonc.2023.09.2278	1	article	True	Immunotherapy and Immune Responses	False	False	False
Cytokine-Linked Remodeling of the Immune Microenvironment Is a Hallmark of Transformation in Follicular Lymphoma	2024-11-05	Nicholas J. Haradhvala, Stephanie Pei Tung Yiu, Sam Sadigh, Laura Beckmann, Amber Pospistle, Stephanie Deng, Santiago Rivero, Yao Yu Yeo, Katie Maurer, Vignesh Shanmugam, McKayla Van Orden, Wesley S Lu, Shuqiang Li, Kenneth J. Livak, Huaying Qiu, Yuzhou Chang, A.K. Basak, Alex K. Shalek, Mikaela M. McDonough, Robert Redd, Scott J. Rodig, Satyen Gohil, Donna Neuberg, Catherine J. Wu, Gad Getz, Sizun Jiang, Erin M. Parry	Brigham and Women's Hospital, Beth Israel Deaconess Medical Center, Broad Institute, Heinrich Heine University Düsseldorf, Center for Cancer Research, Ragon Institute of MGH, MIT and Harvard, Massachusetts Institute of Technology, University Hospital Cologne, Dana-Farber Cancer Institute, The Ohio State University, University College London Hospitals NHS Foundation Trust, University College London, Düsseldorf University Hospital, Massachusetts General Hospital, University of Cologne, Harvard University	Blood	https://doi.org/10.1182/blood-2024-200167	1	article	True	Lymphoma Diagnosis and Treatment	False	True	False
Spatial Profiling Reveals Distinct Immune Microenvironment Specific to Premenopausal Triple Negative Breast Cancer	2024-07-30	Vidya P Nimbalkar, V. P. Snijesh, Savitha Rajarajan, C. E. Anupama, S Mahalakshmi, Annie Alexander, Deshica Dechamma, M. Moorthy, Gopalakrishna Ramaswamy, Rakesh Ramesh, Bonela Sri, Jyothi S. Prabhu	St.John's Medical College Hospital, Sri Shankara Cancer Hospital and Research Center, Manipal Academy of Higher Education, HCG Cancer Hospital	Unknown Journal	https://doi.org/10.21203/rs.3.rs-4811059/v1	1	preprint	True	Cancer Immunotherapy and Biomarkers	False	True	False
EPCO-18. DECIPHERING SPATIAL DIVERSITY OF GLIOBLASTOMA GENETIC ARCHITECTURE	2024-11-01	Junyi Zhang, Tanvi Joshi, Dolores Hambardzumyan, Dieter Henrik Heiland	Friedrich-Alexander-Universität Erlangen-Nürnberg, Neurological Surgery, Icahn School of Medicine at Mount Sinai, University of Freiburg	Neuro-Oncology	https://doi.org/10.1093/neuonc/noae165.0017	1	article	True	Genetics, Bioinformatics, and Biomedical Research	False	False	False
Mayo Schafer TDA - Aged Brain Spatial Profiling Collection v2	2025-08-27	Chase Carver, Marissa J. Schafer	Mayo Clinic in Florida	Unknown Journal	https://doi.org/10.17504/protocols.io.4r3l21qzjg1y/v2	0	article	True	Medical Imaging Techniques and Applications	True	True	False
Multiomics profiling of longitudinal melanoma specimens unravels molecular mechanisms of resistance to sequential targeted and cancer immunotherapies.	2020-05-20	Jin‐Ho Lee, Marilyne Labrie, Gen Yong, Todd Camp, Hongli Ma, Megan Grout, Wei Xu, Georgia M. Beasley, Lynn M. Schuchter, Suzanne McGettigan, Donald M. O’Rourke, Meenhard Herlyn, Christopher L. Corless, Gordon B. Mills, Gao Zhang	University of Pennsylvania, University of Portland, Institut National de la Recherche Scientifique, The Wistar Institute, Duke University, OHSU Knight Cancer Institute, The University of Texas MD Anderson Cancer Center	Journal of Clinical Oncology	https://doi.org/10.1200/jco.2020.38.15_suppl.e22015	1	article	False	Nanoplatforms for cancer theranostics	False	True	False
Repetitive mild traumatic brain injury impairs resting state fMRI connectivity and alters protein profile signaling networks	2022-09-22	Sakthivel Ravi, Marangelie Criado‐Marrero, Daylin Barroso, Isadora Braga, MacKenzie L. Bolen, Uriel Rubinovich, Gabriela P. Hery, Matteo M. Grudny, John Koren, Stefan Prokop, Marcelo Febo, Jose F. Abisambra	University of Florida	Unknown Journal	https://doi.org/10.1101/2022.09.21.508917	1	preprint	True	Advanced Neuroimaging Techniques and Applications	False	False	False
Glia response on Amyloid plaque microenvironment protects against pathological tau conversion in Alzheimer’s disease resilience	2023-12-01	Nur Jury Garfe, Yanwen You, Javier Redding‐Ochoa, Pablo Martínez, Hande Karahan, Jungsu Kim, Juan C. Troncoso, Cristian A Lasagna Reeves	Neurosciences Institute, Johns Hopkins Medicine, Indiana University – Purdue University Indianapolis, Johns Hopkins University	Alzheimer s & Dementia	https://doi.org/10.1002/alz.079845	1	article	True	Alzheimer's disease research and treatments	False	True	False
86 Reveal spatial signatures of tumor microenvironment and oncogenic pathways using 6,000-plex single-cell spatial molecular imaging on FFPE tissue	2023-10-31	Shanshan He, Michael Patrick, David Kroeppler, Patrick Danaher, Jason Reeves, Mark Gregory, Julian Preciado, Olivia Ho-Shing, Haiyan Zhai, Michael Rhodes, Joseph Beechem	Nanostring Technologies (United States)	Regular and Young Investigator Award Abstracts	https://doi.org/10.1136/jitc-2023-sitc2023.0086	1	article	True	Single-cell and spatial transcriptomics	False	False	False
Utilizing combined spatial transcriptomics to elucidate localized immune responses within human coronary arteries throughout the progression of atherosclerosis	2025-03-01	Joana Campos, Jack L. McMurray, Michelangelo Certo, Ketaki Hardikar, Christopher I. Morse, C. Russell Corfield, Melanie Weigand, Desley Neil, Pasquale Maffia, Claudio Mauro	University of Glasgow, Propath Services (United States), University of Birmingham	Unknown Journal	https://doi.org/10.1101/2025.02.20.639291	0	preprint	True	Atherosclerosis and Cardiovascular Diseases	False	True	False
Increased spatial coupling of integrin and collagen IV in the immunoresistant clear cell renal cell carcinoma tumor microenvironment.	2024-01-29	Mitchell Hayes, Alex C. Soupir, Taylor Peak, Oscar E. Ospina, Jonathan V. Nguyen, Nicholas H. Chakiryan, Natasha Francis, Paola Ramos Echevarria, Kenneth Y. Tsai, Jodi Balasi, Yamila Caraballo Perez, Jasreman Dhillon, Lindsey A. Martinez, Warren E. Gloria, James J. Mulé, Brooke L. Fridley, Brandon J. Manley	Moffitt Cancer Center, Oregon Health & Science University	Journal of Clinical Oncology	https://doi.org/10.1200/jco.2024.42.4_suppl.468	1	article	False	Cancer Immunotherapy and Biomarkers	True	False	False
Data for Epstein-Barr Virus Orchestrates Spatial Reorganization and Immunomodulation within the classical Hodgkin Lymphoma Tumor Microenvironment	2026-02-01	Yao Yu Yeo, Huaying Qiu, Yunhao Bai, Bokai Zhu, Sizun Jiang		Zenodo (CERN European Organization for Nuclear Research)	https://doi.org/10.5281/zenodo.18434741	0	dataset	True	Unknown	True	True	False
Differential protein expression identified by digital spatial profiling (DSP) in the hippocampi of resilient individuals	2020-12-01	Jamie M. Walker, Shiva Kazempour Dehkordi, Timothy E. Richardson, Habil Zare, Miranda E. Orr	SUNY Upstate Medical University, The University of Texas Health Science Center at San Antonio, Wake Forest University, The University of Texas at San Antonio	Alzheimer s & Dementia	https://doi.org/10.1002/alz.046444	1	article	True	Alzheimer's disease research and treatments	False	False	False
Spatial profiling of ovarian clear cell carcinoma reveals immune-hot features	2023-07-29	Ya-Ting Tai, Wei‐Chou Lin, Duncan Yi-Te Wang, Jieru Ye, Tuan Zea Tan, Lin‐Hung Wei, Ruby Yun‐Ju Huang	National University of Singapore, National Taiwan University, National Taiwan University Hospital, National University Cancer Institute, Singapore	Unknown Journal	https://doi.org/10.1101/2023.07.27.550775	1	preprint	True	Immunotherapy and Immune Responses	False	True	False
899 emObject: domain specific data abstraction for spatial omics	2023-10-31	Ethan Baker, Aaron T. Mayer, Alexandro E. Trevino	Enable Biosciences (United States), Menlo School	Regular and Young Investigator Award Abstracts	https://doi.org/10.1136/jitc-2023-sitc2023.0899	2	article	True	Single-cell and spatial transcriptomics	False	False	False
Spatially Resolved Transcriptomics Unveils Unique T-Cell Dysfunctional States and Prognostic Gene Expression Signatures in <i>TP53</i>-Mutated Acute Myeloid Leukemia	2023-11-02	Jayakumar Vadakekolathu, Heidi Altmann, Manja Wobus, Malte von Bonin, Marc Schmitz, Gustavo Baretton, Robert Zeiser, Martin Bornhäuser, Sergio Rutella	Nottingham Trent University, National Center for Tumor Diseases, University Hospital Carl Gustav Carus, University Medical Center Freiburg, TU Dresden, University of Freiburg	Blood	https://doi.org/10.1182/blood-2023-174871	5	article	False	Cancer Genomics and Diagnostics	False	False	False
Hippocampal subregion‐specific proteomic differences between Alzheimer disease (AD) and primary age‐related tauopathy (PART)	2023-12-01	Jamie M. Walker, Miranda E. Orr, Timothy C. Orr, John F. Crary, Emma Woodoff‐Leith, Raquel Teixeira‐Yokoda, Meenakshi Gupta, Elena V. Daoud, Tiffany F. Kautz, Timothy E. Richardson	Southwestern Medical Center, Icahn School of Medicine at Mount Sinai, The University of Texas Health Science Center at San Antonio, The University of Texas Southwestern Medical Center, Wake Forest University	Alzheimer s & Dementia	https://doi.org/10.1002/alz.073721	1	article	True	Alzheimer's disease research and treatments	False	False	False
Differential spatial transcriptome profile of the hippocampal formation of protected PSEN1 E280A familial Alzheimer’s disease cases	2023-12-01	Nelson David Villalba‐Moreno, Jessica Lisa Littau, Yassir El Amri, Francisco Lopera, Andrés Villegas Lanau, Markus Glatzel, Yakeel T. Quiroz, Joseph F. Arboleda‐Velásquez, Diego Sepúlveda‐Falla	University Medical Center Hamburg-Eppendorf, Universität Hamburg, Smith-Kettlewell Eye Research Institute, Universidad de Antioquia, Massachusetts Eye and Ear Infirmary, Massachusetts General Hospital, Harvard University	Alzheimer s & Dementia	https://doi.org/10.1002/alz.083204	1	article	True	Alzheimer's disease research and treatments	False	True	False
Abstract 2262: Spatial architecture and cellular interactions of tumor immune microenvironment to discover biomarkers and predict immune checkpoint inhibitor response in gastric cancer	2023-04-04	Sunho Park, Changjing Hong, Jae‐Ho Cheong, Sam C. Wang, Matthew R. Porembka, In-Ho Kim, Sung Hak Lee, Tae Hyun Hwang	Nemours Children’s Clinic, The University of Texas Southwestern Medical Center, Mayo Clinic in Florida, Yonsei University	Cancer Research	https://doi.org/10.1158/1538-7445.am2023-2262	2	article	False	Ferroptosis and cancer prognosis	False	True	False
Abstract 2027: Spatial omics and multiplexed imaging to discover new biomarkers of response or resistance to immune checkpoint inhibitors (ICI) in advanced non-small cell lung cancer (NSCLC)	2022-06-15	Myrto Moutafi, Sandra Martínez-Morilla, Rolando García-Milian, Thazin Nwe Aung, Ioannis Vathiotis, Niki Gavrielatou, Vasiliki Xirou, Leonidas Salichos, David L. Rimm	Yale University	Cancer Research	https://doi.org/10.1158/1538-7445.am2022-2027	2	article	False	Ferroptosis and cancer prognosis	False	True	False
749 Impact of Bintrafusp alpha and radiotherapy in intrahepatic cholangiocarcinoma: proteomic and transcriptomic analysis	2024-11-01	Marta Ayala, Nejla Ozirmak Lermi, Sharia Hernandez, Wei Lu, Sean Barnes, Beatriz Sánchez Espiridión, Sunyoung S. Lee, Milind Javle, Ken Chen, Cara Haymaker, Luisa M. Solis Soto, Eugene J. Koay	The University of Texas MD Anderson Cancer Center	Regular and Young Investigator Award Abstracts	https://doi.org/10.1136/jitc-2024-sitc2024.0749	1	article	True	Cholangiocarcinoma and Gallbladder Cancer Studies	False	False	False
Adoptively Infused Memory-like Natural Killer Cells Impact Adaptive Immune Responses in Patients with Acute Myeloid Leukemia	2023-11-02	Sergio Rutella, Jayakumar Vadakekolathu, Amanda F. Cashen, Nitin Mahajan, Yanira Ruiz‐Heredia, Alejandro Martín-Muñoz, Santiago Barrio, Melissa M. Berrien-Elliott, Jan Davidson‐Moncada, Todd A. Fehniger	Washington University in St. Louis, Nottingham Trent University	Blood	https://doi.org/10.1182/blood-2023-184986	4	article	False	Immune Cell Function and Interaction	False	False	False
Abstract PS4-09: Spatial Omics Analysis Uncovers Microenvironmental Remodeling and Immune Dynamics in T-DXd Resistant Metastatic Breast Cancer	2025-06-13	Glori Das, Matthew Vasquez, Jeffrey Zhang, Ji Hoon Lee, Yuan Gao, Jilun Zhang, Jenny H. Chang, Xiaoxian Li, Hong Zhao, Stephen Wong		Clinical Cancer Research	https://doi.org/10.1158/1557-3265.sabcs24-ps4-09	1	article	False	Cancer Research and Treatments	False	True	False
455 Impact of EphB4 and PD-1 treatment on immune infiltrate in advanced bladder cancer	2020-11-01	Sarmad Sadeghi, Tyler Hether, Jason Yeon, Richard Mangio, Jason Reeves, Yan Liang, Sarah Warren, Troy A. McEachron, Parkash S. Gill	Nanostring Technologies (United States), University of Southern California	Regular and Young Investigator Award Abstracts	https://doi.org/10.1136/jitc-2020-sitc2020.0455	1	article	True	Ubiquitin and proteasome pathways	False	True	False
Characterizing Dermal Transcriptional Change in the Progression from Sun-Protected Skin to Actinic Keratosis	2023-01-26	Bonnie LaFleur, Clara Curiel‐Lewandrowski, Edgar Tapia, Joel Parker, Lisa White, H.‐H. Sherry Chow, Andrew P. South	University of Arizona, Thomas Jefferson University, University of Arizona Cancer Center, Sidney Kimmel Cancer Center	Journal of Investigative Dermatology	https://doi.org/10.1016/j.jid.2022.12.021	2	article	True	Nonmelanoma Skin Cancer Studies	False	True	False
205 AI driven interrogation of spatial proteomic and transcriptomics atlases in the tumor microenvironment of triple negative breast cancer	2023-10-31	S. Church, Kyla Teplitz, B. C. S. Sutton, Megan Vandenberg, Alyssa Rosenbloom, Christine Kang, Regan Baird, Jenifer Caldara, James Mansfield	Nanostring Technologies (United States)	Regular and Young Investigator Award Abstracts	https://doi.org/10.1136/jitc-2023-sitc2023.0205	1	article	True	Single-cell and spatial transcriptomics	False	False	False
SPATIAL PROFILING CELLULAR SENESCENCE IN THE HUMAN BRAIN ACROSS EIGHT DECADES OF LIFE	2023-12-01	Miranda E. Orr	Wake Forest University	Innovation in Aging	https://doi.org/10.1093/geroni/igad104.0731	0	article	True	Single-cell and spatial transcriptomics	True	True	False
Abstract 7471: Cancer-associated fibroblasts drive T cell infiltration and resistance to immunotherapy in non-small cell lung cancer with mature tertiary lymphoid structures	2024-03-22	Florent Peyraud, Jean‐Philippe Guégan, Lucile Vanhersecke, Christophe Rey, Oren Lara, Ophélie Odin, Emma Clot, Maxime Brunet, Thomas Grellety, Marie Del Castillo, Sylvestre Le Moulec, François Le Loarer, Alban Bessede, Antoîne Italiano	Centre Hospitalier de la Côte Basque, Institut Bergonié	Cancer Research	https://doi.org/10.1158/1538-7445.am2024-7471	2	article	False	Cancer Immunotherapy and Biomarkers	False	True	False
Abstract 2701: Molecular profiling to assess the immune response to neoadjuvant SABR in early breast cancer	2021-07-01	Melanie Spears, Vida Talebian, Linda M. Liao, Megan Hopkins, Kalan Lynn, Michael Lock, Anat Kornecki, John M.S. Bartlett, Muriel Brackstone	London Health Sciences Centre, Lawson Health Research Institute, Ontario Institute for Cancer Research, Western University	Cancer Research	https://doi.org/10.1158/1538-7445.am2021-2701	1	article	False	Nanoplatforms for cancer theranostics	False	True	False
Analysis of the role of tumor microenvironment on clinical outcomes of chemotherapy in patients with advanced gastric cancer using high plex digital spatial profiling.	2023-01-24	Tae‐Yong Kim, Hye Seung Lee, Jihong Bae, Yujun Park, Do‐Youn Oh, Jeesun Yoon, Soo Kyung Nam, Yoonjin Kwak	Seoul National University Bundang Hospital, Seoul National University Hospital, Seoul National University	Journal of Clinical Oncology	https://doi.org/10.1200/jco.2023.41.4_suppl.456	1	article	False	Gastric Cancer Management and Outcomes	False	True	False
JS07.4.A REGIONAL B-CELL MEDIATED IMMUNOSUPPRESSION IDENTIFIED THROUGH SPATIAL AND SINGLE-CELL TRANSCRIPTOMIC ANALYSIS OF CHORDOMA	2023-09-01	Jasim Kada Benotmane, Víctor A. Arrieta, Junfei Zhao, De‐Xing Hou, Jonathan D. Katz, Sushil Pandey, Meghan E. Cholak, Adam M. Sonabend, Craig Horbinski, Jason Miska, Roger Stupp, Maciej S. Lesniak, Dieter Henrik Heiland, Catherine K. Chang	Columbia University, Northwestern University, University of Freiburg	Neuro-Oncology	https://doi.org/10.1093/neuonc/noad137.029	1	article	True	Bone Tumor Diagnosis and Treatments	False	True	False
Quantification and profiling of early and late differentiation stage T-cells in mantle cell lymphoma reveals immunotherapeutic targets in subsets of patients	2024-04-22	Lavanya Lokhande, Daniel Nilsson, Joana de Matos Rodrigues, May Hassan, Lina Olsson, Paul-Theodor Pyl, Louella Vasquez, Anna Porwit, Anna Sandström Gerdtsson, Mats Jerkeman, Sara Ek	Lund University	Research Square (Research Square)	https://doi.org/10.21203/rs.3.rs-4246312/v1	1	preprint	True	CAR-T cell therapy research	False	True	False
Abstract 624: The role of draining lymph nodes in the post-transplant recurrence of liver cancer: Examining immune response using spatial proteomics	2023-04-04	Peyton G. Hickman, Aubrey Thompson, Justin H. Nguyen	Nemours Children’s Clinic, Mayo Clinic in Florida	Cancer Research	https://doi.org/10.1158/1538-7445.am2023-624	1	article	False	Cytomegalovirus and herpesvirus research	False	True	False
Abstract PR004: Characterizing the effects of neoadjuvant therapy in PDAC	2022-11-15	Amaya Pankaj, Michael J. Raabe, Bidish K. Patel, Evan R. Lang, Joshua R. Kocher, Katherine Xu, Linda T. Nieman, Alec C. Kimmelman, David P. Ryan, Theodore S. Hong, William L. Hwang, Martin J. Aryee, David T. Ting	New York University, Massachusetts General Hospital, Harvard University	Cancer Research	https://doi.org/10.1158/1538-7445.panca22-pr004	1	article	False	Pancreatic and Hepatic Oncology Research	False	True	False
Spatial transcriptomics and lethality-associated stromal remodeling of colorectal cancer.	2025-01-27	Colin S. Wood, João Luiz Silva‐Filho, Tengyu Zhang, Campbell SD Roxburgh, Paul G. Horgan, Joanne Edwards, Matthias Marti, Colin W. Steele, Nigel B. Jamieson	University of Glasgow	Journal of Clinical Oncology	https://doi.org/10.1200/jco.2025.43.4_suppl.227	0	article	False	Colorectal Cancer Surgical Treatments	True	True	False
Supplementary Figures S1-S25 from Preexisting Skin-Resident CD8 and γδ T-cell Circuits Mediate Immune Response in Merkel Cell Carcinoma and Predict Immunotherapy Efficacy	2024-09-04	Zachary Z. Reinstein, Yue Zhang, Oscar E. Ospina, Matt D. Nichols, Victoria A. Chu, Álvaro de Mingo Pulido, Karol Prieto, Jonathan V. Nguyen, Rui Yin, Carlos Moran Segura, A. Usman, Brittney Sell, Spencer Ng, Janis V. de la Iglesia, Sunandana Chandra, Jeffrey A. Sosman, Raymond J. Cho, Jeffrey B. Cheng, Ellie Ivanova, Sergei B. Koralov, Robbert J.C. Slebos, Christine H. Chung, Nikhil I. Khushalani, Jane L. Messina, Amod A. Sarnaik, Jonathan S. Zager, Vernon K. Sondak, Charles Vaske, Sungjune Kim, Andrew S. Brohl, Xinlei Mi, Brian G. Pierce, Xuefeng Wang, Brooke L. Fridley, Kenneth Y. Tsai, Jaehyuk Choi		Unknown Journal	https://doi.org/10.1158/2159-8290.26935026	0	preprint	True	Polyomavirus and related diseases	True	True	False
Supplementary Figures S1-S25 from Preexisting Skin-Resident CD8 and γδ T-cell Circuits Mediate Immune Response in Merkel Cell Carcinoma and Predict Immunotherapy Efficacy	2024-11-14	Zachary Z. Reinstein, Yue Zhang, Oscar E. Ospina, Matt D. Nichols, Victoria A. Chu, Álvaro de Mingo Pulido, Karol Prieto, Jonathan V. Nguyen, Rui Yin, Carlos Moran Segura, A. Usman, Brittney Sell, Spencer Ng, Janis V. de la Iglesia, Sunandana Chandra, Jeffrey A. Sosman, Raymond J. Cho, Jeffrey B. Cheng, Ellie Ivanova, Sergei B. Koralov, Robbert J.C. Slebos, Christine H. Chung, Nikhil I. Khushalani, Jane L. Messina, Amod A. Sarnaik, Jonathan S. Zager, Vernon K. Sondak, Charles Vaske, Sungjune Kim, Andrew S. Brohl, Xinlei Mi, Brian G. Pierce, Xuefeng Wang, Brooke L. Fridley, Kenneth Y. Tsai, Jaehyuk Choi		Unknown Journal	https://doi.org/10.1158/2159-8290.27725748	0	preprint	True	Polyomavirus and related diseases	True	True	False
Abstract PD18-01: Adjuvant Trastuzumab Emtansine Versus Paclitaxel plus Trastuzumab for Stage I HER2+ Breast Cancer: 5-year results and correlative analyses from ATEMPT (TBCRC033)	2023-03-01	Paolo Tarantino, Nabihah Tayob, Chau T. Dang, Denise A. Yardley, Steven J. Isakoff, Vicente Valero, Meredith Faggen, Therese M. Mulvey, Ron Bose, Douglas Weckstein, Antonio C. Wolff, Katherine E. Reeder‐Hayes, Hope Rugo, Bhuvaneswari Ramaswamy, Dan Sayam Zuckerman, Lowell L. Hart, Vijayakrishna K. Gadi, Michael Constantine, Kit Cheng, Audrey Merrill Garrett, P. Kelly Marcom, Kathy S. Albain, Patricia DeFusco, Nadine Tung, Blair Ardman, Rita Nanda, Rachel C. Jankowitz, Mothaffar F. Rimawi, Vandana G. Abramson, Paula R. Pohlmann, Catherine Van Poznak, Andres Forero-Torres, Minetta C. Liu, Kathryn Ruddy, Yue Zheng, Romualdo Barroso‐Sousa, Adrienne G. Waks, Michelle K. DeMeo, Molly DiLullo, Giuseppe Curigliano, Harold J. Burstein, Ann Partridge, Eric P. Winer, Giuseppe Viale, Winnie W. Hui, Elizabeth A. Mittendorf, Bryan P. Schneider, Aleix Prat, Ian E. Krop, Sara M. Tolaney	Cardinal Stritch University, Seagen (United States), University of California, San Francisco, University of Michigan–Ann Arbor, Dana-Farber Cancer Institute, Johns Hopkins University, Indiana University School of Medicine, Massachusetts General Hospital, Harvard University, Sarah Cannon, Cancer Institute (WIA), Baylor College of Medicine, University of Illinois Urbana-Champaign, European Institute of Oncology, Tennessee Oncology, Nanostring Technologies (United States), Loyola University Chicago, Veracyte (United States), University of Pennsylvania, University of Baltimore, Washington University in St. Louis, Yale Cancer Center, University of Milan, Memorial Sloan Kettering Cancer Center, Mayo Clinic in Arizona, The Ohio State University, UNC Lineberger Comprehensive Cancer Center, Hadassah Medical Center, Indiana University, The University of Texas MD Anderson Cancer Center, St. Luke’s Boise Medical Center, Hospital Clínic de Barcelona, Kettering University, University of Chicago	Cancer Research	https://doi.org/10.1158/1538-7445.sabcs22-pd18-01	4	article	False	HER2/EGFR in Cancer Research	False	True	False
Abstract 1083: Combinatorial strategies for tissue characterization with advanced image analysis and digital spatial profiling	2019-07-01	Raffaele De Filippis	University of St Andrews	Cancer Research	https://doi.org/10.1158/1538-7445.am2019-1083	1	article	False	Single-cell and spatial transcriptomics	False	False	False
Abstract 5072: Multi-omic, multi-scale characterisation of colorectal cancer defines spatiotemporal patterns of recurrence	2024-03-22	Colin S. Wood, João Luiz Silva‐Filho, Andrew J. Cameron, Assya Legrini, Holly Leslie, Tengyu Zhang, Yoana Doncheva, Claire Kennedy‐Dietrich, Matthias Marti, Joanne Edwards, Paul G. Horgan, Campbell S.D. Roxburgh, Colin W. Steele, Nigel B. Jamieson	University of Glasgow	Cancer Research	https://doi.org/10.1158/1538-7445.am2024-5072	0	article	False	Colorectal Cancer Treatments and Studies	True	True	False
Supplementary Figures S1-S25 from Preexisting Skin-Resident CD8 and γδ T-cell Circuits Mediate Immune Response in Merkel Cell Carcinoma and Predict Immunotherapy Efficacy	2024-09-04	Zachary Z. Reinstein, Yue Zhang, Oscar E. Ospina, Matt D. Nichols, Victoria A. Chu, Álvaro de Mingo Pulido, Karol Prieto, Jonathan V. Nguyen, Rui Yin, Carlos Moran Segura, A. Usman, Brittney Sell, Spencer Ng, Janis V. de la Iglesia, Sunandana Chandra, Jeffrey A. Sosman, Raymond J. Cho, Jeffrey B. Cheng, Ellie Ivanova, Sergei B. Koralov, Robbert J.C. Slebos, Christine H. Chung, Nikhil I. Khushalani, Jane L. Messina, Amod A. Sarnaik, Jonathan S. Zager, Vernon K. Sondak, Charles Vaske, Sungjune Kim, Andrew S. Brohl, Xinlei Mi, Brian G. Pierce, Xuefeng Wang, Brooke L. Fridley, Kenneth Y. Tsai, Jaehyuk Choi		Unknown Journal	https://doi.org/10.1158/2159-8290.26935026.v1	0	preprint	True	Polyomavirus and related diseases	True	True	False
W-NK1 Choreographs Innate and Adaptive Immune Responses to Provide a Robust and Durable Anti-AML Response	2024-11-05	Tom Leedom, Basia Muz, Kristann Magee, Jayakumar Vadakekolathu, Laura Arthur, Melissa Tran, Lena Luukkonen, Nitin Mahajan, Alexander Hamil, John Muth, Melissa M. Berrien-Elliott, Todd A. Fehniger, Sergio Rutella, Jan Davidson‐Moncada	Washington University in St. Louis, Nottingham Trent University, Compugen (Israel), Saint Louis University	Blood	https://doi.org/10.1182/blood-2024-201812	3	article	True	Immune Cell Function and Interaction	False	True	False
Abstract 1151: Reconstruction of the spatial ecosystem of glioblastoma reveals relationships between tumor cell states and microenvironment	2024-03-22	Bruno Adabbo, Simona Migliozzi, Luciano Garofano, Fulvio D’Angelo, Pedro Davila, Sakir H. Gultekin, Daniel Bilbao Cortes, Benjamin Currall, Siôn L. Williams, Marc Sanson, Franck Bielle, Anna Luisa Di Stefano, Michele Ceccarelli, Anna Lasorella, Antonio Iavarone	Sorbonne Université, Sylvester Comprehensive Cancer Center, University of Miami	Cancer Research	https://doi.org/10.1158/1538-7445.am2024-1151	0	article	False	Cancer Research and Treatments	True	True	False
Abstract PO-082: Antigen presentation and inflammatory effects on immune surveillance: Window of opportunity metformin monotherapy trial for squamous cell carcinoma of the head and neck (HNSCC)	2023-09-15	Derek Mann, Sruti Tekumalla, Amiti Jain, Jacob Riordan, Alban J. Linnenbach, Diana Menezes, Ubaldo Martinez‐Outschoorn, Joseph Curry	Thomas Jefferson University	Clinical Cancer Research	https://doi.org/10.1158/1557-3265.aacrahns23-po-082	1	article	True	Cancer Diagnosis and Treatment	False	True	False
Abstract 7459: iNOS inhibition through L-NMMA reveals immunostimulatory effects in obesity-associated triple-negative breast cancer (TNBC) tumors	2024-03-22	Ivonne Uzair, Kai Sun, Seun Hynes, Wei Qian, Jianying Zhou, Karina Ortega Martinez, Liliana Guzman, Polina Matre, Jenny C. Chang	COPE Galway, Ollscoil na Gaillimhe – University of Galway, Methodist Hospital, Houston Methodist	Cancer Research	https://doi.org/10.1158/1538-7445.am2024-7459	1	article	False	Cancer, Stress, Anesthesia, and Immune Response	False	True	False
PD-2 Comprehensive immunophenotyping of gastric adenocarcinoma identifies an inflamed class of tumors amenable to immunotherapies	2023-06-01	J. Veas, M Piñol, Maria Alba Sorolla, Eva Parisi, Anabel Sorolla, Marı́a Santacana, María C. Ruiz, Genı́s Parra, Carles Aracil, Alfredo Escartín, F Vilardell, Antonieta Salud, Robert Montal	Hospital Universitari Arnau de Vilanova, Centre for Genomic Regulation, Biomedical Research Institute of Lleida	Annals of Oncology	https://doi.org/10.1016/j.annonc.2023.04.029	1	article	True	Cancer Immunotherapy and Biomarkers	False	False	False
Abstract 4586: Multi-scale multi-omic assessment of matched synchronous colorectal cancer liver metastases using multiple spatial transcriptomic tools	2025-04-21	Colin S. Wood, Luke McNickle, Andrew J. Cameron, R. Sarma, Vaidehi Pandya, João Luiz Silva‐Filho, Colin W. Steele, John Cole, Joanne Edwards, Paul G. Horgan, Campbell S.D. Roxburgh	University of Glasgow	Cancer Research	https://doi.org/10.1158/1538-7445.am2025-4586	0	article	False	Radiomics and Machine Learning in Medical Imaging	True	True	False
Supplementary Figures S1-S25 from Preexisting Skin-Resident CD8 and γδ T-cell Circuits Mediate Immune Response in Merkel Cell Carcinoma and Predict Immunotherapy Efficacy	2024-11-25	Zachary Z. Reinstein, Yue Zhang, Oscar E. Ospina, Matt D. Nichols, Victoria A. Chu, Álvaro de Mingo Pulido, Karol Prieto, Jonathan V. Nguyen, Rui Yin, Carlos Moran Segura, A. Usman, Brittney Sell, Spencer Ng, Janis V. de la Iglesia, Sunandana Chandra, Jeffrey A. Sosman, Raymond J. Cho, Jeffrey B. Cheng, Ellie Ivanova, Sergei B. Koralov, Robbert J.C. Slebos, Christine H. Chung, Nikhil I. Khushalani, Jane L. Messina, Amod A. Sarnaik, Jonathan S. Zager, Vernon K. Sondak, Charles Vaske, Sungjune Kim, Andrew S. Brohl, Xinlei Mi, Brian G. Pierce, Xuefeng Wang, Brooke L. Fridley, Kenneth Y. Tsai, Jaehyuk Choi		Unknown Journal	https://doi.org/10.1158/2159-8290.27901552	0	preprint	True	Polyomavirus and related diseases	True	True	False
Abstract 162: Mapping the complex interplay between vasculogenic mimicry and immune response in lung cancer using digital spatial profiling	2025-04-21	Chun‐Hui Lee, Chun-Hua Hung, Shu-Hsien Wang, Wei‐Pang Chung, Yu‐Min Yeh, Peng-Chan Lin, Wu‐Chou Su	National Cheng Kung University	Cancer Research	https://doi.org/10.1158/1538-7445.am2025-162	1	article	False	Chemokine receptors and signaling	False	True	False
240 Discovery of biomarkers of resistance to immune checkpoint blockade in non-small-cell lung cancer (NSCLC) using high-plex digital spatial profiling	2021-11-01	Myrto Moutafi, Sandra Martínez-Morilla, Prajan Divakar, Ioannis Vathiotis, Niki Gavrielatou, Thazin Nwe Aung, Vesal Yaghoobi, Aileen I. Fernandez, Jon Zugazagoitia Fraile, Kurt A. Schalper, David L. Rimm	Research Institute Hospital 12 de Octubre, Seattle University, Nanostring Technologies (United States), Yale University	Regular and Young Investigator Award Abstracts	https://doi.org/10.1136/jitc-2021-sitc2021.240	1	article	True	Cancer Immunotherapy and Biomarkers	False	True	False
Abstract CT142: TALAVE: Induction talazoparib (tala) followed by combined tala and avelumab in patients (pts) with advanced breast cancer (ABC)	2023-04-14	Filipa Lynce, Kenichi Shimada, Xue Geng, Edward T. Richardson, Candace Mainor, Mei Wei, Julie Collins, Paula P. Pohlmann, Arielle L. Heeke, Kelly F Zheng, Madeline G Townsend, Jane Staunton, Stuart J. Schnitt, Joan S. Brugge, Hongkun Wang, Claudine Isaacs, Geoffrey I. Shapiro, Jennifer L. Guerriero	Brigham and Women's Hospital, MedStar Georgetown University Hospital, Harvard University, Dana-Farber Cancer Institute, University of Utah, Georgetown University	Cancer Research	https://doi.org/10.1158/1538-7445.am2023-ct142	2	article	False	PARP inhibition in cancer therapy	False	False	False
Abstract 2167: Immune-related biomarkers associated with pathologic complete response (pCR) to neoadjuvant cisplatin-based chemotherapy in patients with muscle-invasive bladder cancer undergoing cystectomy	2023-04-04	Maria Libera Ascierto, Alberto Mendoza, Jane Choe, Daria M. Kessler, Xinmin Li, Jennifer Linehan, Przemyslaw Twardowski	Saint John's Health Center, APLA Health, Providence College	Cancer Research	https://doi.org/10.1158/1538-7445.am2023-2167	1	article	False	Bladder and Urothelial Cancer Treatments	False	True	False
Data from Trackable Intratumor Microdosing and Spatial Profiling Provide Early Insights into Activity of Investigational Agents in the Intact Tumor Microenvironment	2024-09-16	Jonathan M.J. Derry, Connor Burns, Jason P. Frazier, Emily Beirne, Marc Grenley, Christopher C. DuFort, Emily Killingbeck, Michael Leon, Claire Williams, Mark Gregory, Jeffrey Houlton, Daniel Clayburgh, Paul Swiecicki, Dennis Huszar, Allison Berger, Richard A. Klinghoffer		Unknown Journal	https://doi.org/10.1158/1078-0432.c.6758648.v4	0	preprint	True	Radiomics and Machine Learning in Medical Imaging	True	True	False
629-B Window of opportunity for durvalumab plus metformin trial in head &amp; neck squamous cell carcinoma (HNSCC)	2023-10-31	Ramez Philips, Angela Alnemri, Sruti Tekumalla, Derek Mann, Hushan Yang, Alban J. Linnenbach, Diana Menezes, Madalina Tuluc, Voichita Bar‐Ad, Adam Luginbuhl, David M. Cognetti, Ubaldo Martinez‐Outschoorn, Jennifer M. Johnson, Athanassios Argiris, Ramakrishna Mitra, Joseph Curry	Jefferson University Hospitals, Vanderbilt University Medical Center, Thomas Jefferson University Hospital, Thomas Jefferson University	Unknown Journal	https://doi.org/10.1136/jitc-2023-sitc2023.0629-b	1	article	True	Cancer Genomics and Diagnostics	False	False	False
Abstract 7467: Multi-omics analysis reveals high chronic inflammation in African Americans compared to Native African Men with prostate cancer	2024-03-22	Isra Elhussin, Ezra Baraban, Tamara L. Lotan, Cathy Handy Marshall, Emmanuel S. Antonarakis, Moray J. Campbell, Melissa B. Davis, Michael Dixon, Isaac Kim, Stefan Ambs, Rick A. Kittles, Adam B. Murphy, Clayton Yates	Morehouse School of Medicine, University of Baltimore, Northwestern University, Johns Hopkins University, University of Minnesota, Cedars-Sinai Medical Center	Cancer Research	https://doi.org/10.1158/1538-7445.am2024-7467	1	article	False	Cardiovascular Health and Risk Factors	False	False	False
673 (Re-) Solving the biology of colorectal cancer onset and progression to improve treatment and prevention	2021-11-01	Jessica Roelands, Manon van der Ploeg, Hao Dang, Lukas J.A.C. Hawinkels, Hans Morreau, Noel de Miranda	Leiden University Medical Center	Regular and Young Investigator Award Abstracts	https://doi.org/10.1136/jitc-2021-sitc2021.673	2	article	True	Genetic factors in colorectal cancer	False	True	False
Abstract 5788: Single-cell and spatial transcriptomic mapping of human renal cell carcinoma brain metastases uncovers actionable immune-resistance targets	2023-04-04	Elshad Hasanov, Truong Lam, Jerome Lin, Patrick K. Reville, Merve Hasanov, Tod D. Casasent, David Shih, Şahin Hanalıoğlu, Mehmet Asım Bilen, Omar Alhalabi, Berrin Babaoğlu, Baylar Baylarov, Adeboye O. Osunkoya, Lisa Norberg, Joy Gumin, Tuan M. Tran, Jianzhuo Li, Anh Hoang, Haidee Chancoco, Brittany C. Parker Kerrigan, Erika J. Thompson, Betty YS Kim, Dima Suki, Melike Mut, Figen Söylemezoğlu, Giannicola Genovese, Kadir C. Akdemir, Hussain Tawbi, Nizar M. Tannir, Florencia McAllister, Michael A. Davies, Padmanee Sharma, Jason T. Huse, Frederick Lang, Nicholas E. Navin, Eric Jonasch	University of Hong Kong, Hacettepe University, University of Virginia, Chinese University of Hong Kong, Emory University, The University of Texas MD Anderson Cancer Center	Cancer Research	https://doi.org/10.1158/1538-7445.am2023-5788	1	article	False	Single-cell and spatial transcriptomics	True	False	False
Supplementary Tables S1-S36 from Preexisting Skin-Resident CD8 and γδ T-cell Circuits Mediate Immune Response in Merkel Cell Carcinoma and Predict Immunotherapy Efficacy	2024-11-14	Zachary Z. Reinstein, Yue Zhang, Oscar E. Ospina, Matt D. Nichols, Victoria A. Chu, Álvaro de Mingo Pulido, Karol Prieto, Jonathan V. Nguyen, Rui Yin, Carlos Moran Segura, A. Usman, Brittney Sell, Spencer Ng, Janis V. de la Iglesia, Sunandana Chandra, Jeffrey A. Sosman, Raymond J. Cho, Jeffrey B. Cheng, Ellie Ivanova, Sergei B. Koralov, Robbert J.C. Slebos, Christine H. Chung, Nikhil I. Khushalani, Jane L. Messina, Amod A. Sarnaik, Jonathan S. Zager, Vernon K. Sondak, Charles Vaske, Sungjune Kim, Andrew S. Brohl, Xinlei Mi, Brian G. Pierce, Xuefeng Wang, Brooke L. Fridley, Kenneth Y. Tsai, Jaehyuk Choi		Unknown Journal	https://doi.org/10.1158/2159-8290.27725742	0	supplementary-materials	True	Polyomavirus and related diseases	True	True	False
Abstract 2670: Combining automated image analysis and digital spatial profiling to investigate prognostic immune signatures in clear cell renal cell carcinoma	2020-08-15	Raffaele De Filippis, Sarah Warren, Youngmi Kim, Andrew White, Jason Reeves, Grant D. Stewart, David J. Harrison, Joe Beechem, Peter D. Caie	University of Edinburgh, Nanostring Technologies (United States), University of St Andrews	Cancer Research	https://doi.org/10.1158/1538-7445.am2020-2670	1	article	False	Bladder and Urothelial Cancer Treatments	False	False	False
Supplementary Tables S1-S36 from Preexisting Skin-Resident CD8 and γδ T-cell Circuits Mediate Immune Response in Merkel Cell Carcinoma and Predict Immunotherapy Efficacy	2024-11-25	Zachary Z. Reinstein, Yue Zhang, Oscar E. Ospina, Matt D. Nichols, Victoria A. Chu, Álvaro de Mingo Pulido, Karol Prieto, Jonathan V. Nguyen, Rui Yin, Carlos Moran Segura, A. Usman, Brittney Sell, Spencer Ng, Janis V. de la Iglesia, Sunandana Chandra, Jeffrey A. Sosman, Raymond J. Cho, Jeffrey B. Cheng, Ellie Ivanova, Sergei B. Koralov, Robbert J.C. Slebos, Christine H. Chung, Nikhil I. Khushalani, Jane L. Messina, Amod A. Sarnaik, Jonathan S. Zager, Vernon K. Sondak, Charles Vaske, Sungjune Kim, Andrew S. Brohl, Xinlei Mi, Brian G. Pierce, Xuefeng Wang, Brooke L. Fridley, Kenneth Y. Tsai, Jaehyuk Choi		Unknown Journal	https://doi.org/10.1158/2159-8290.27901549	0	supplementary-materials	True	Polyomavirus and related diseases	True	True	False
Supplementary Tables S1-S36 from Preexisting Skin-Resident CD8 and γδ T-cell Circuits Mediate Immune Response in Merkel Cell Carcinoma and Predict Immunotherapy Efficacy	2024-09-04	Zachary Z. Reinstein, Yue Zhang, Oscar E. Ospina, Matt D. Nichols, Victoria A. Chu, Álvaro de Mingo Pulido, Karol Prieto, Jonathan V. Nguyen, Rui Yin, Carlos Moran Segura, A. Usman, Brittney Sell, Spencer Ng, Janis V. de la Iglesia, Sunandana Chandra, Jeffrey A. Sosman, Raymond J. Cho, Jeffrey B. Cheng, Ellie Ivanova, Sergei B. Koralov, Robbert J.C. Slebos, Christine H. Chung, Nikhil I. Khushalani, Jane L. Messina, Amod A. Sarnaik, Jonathan S. Zager, Vernon K. Sondak, Charles Vaske, Sungjune Kim, Andrew S. Brohl, Xinlei Mi, Brian G. Pierce, Xuefeng Wang, Brooke L. Fridley, Kenneth Y. Tsai, Jaehyuk Choi		Unknown Journal	https://doi.org/10.1158/2159-8290.26935023.v1	0	supplementary-materials	True	Polyomavirus and related diseases	True	True	False
Supplementary Tables S1-S36 from Preexisting Skin-Resident CD8 and γδ T-cell Circuits Mediate Immune Response in Merkel Cell Carcinoma and Predict Immunotherapy Efficacy	2024-09-04	Zachary Z. Reinstein, Yue Zhang, Oscar E. Ospina, Matt D. Nichols, Victoria A. Chu, Álvaro de Mingo Pulido, Karol Prieto, Jonathan V. Nguyen, Rui Yin, Carlos Moran Segura, A. Usman, Brittney Sell, Spencer Ng, Janis V. de la Iglesia, Sunandana Chandra, Jeffrey A. Sosman, Raymond J. Cho, Jeffrey B. Cheng, Ellie Ivanova, Sergei B. Koralov, Robbert J.C. Slebos, Christine H. Chung, Nikhil I. Khushalani, Jane L. Messina, Amod A. Sarnaik, Jonathan S. Zager, Vernon K. Sondak, Charles Vaske, Sungjune Kim, Andrew S. Brohl, Xinlei Mi, Brian G. Pierce, Xuefeng Wang, Brooke L. Fridley, Kenneth Y. Tsai, Jaehyuk Choi		Unknown Journal	https://doi.org/10.1158/2159-8290.26935023	0	supplementary-materials	True	Polyomavirus and related diseases	True	True	False
Abstract 5558: Understanding the molecular mechanism of tumor budding and its relationship with tumor microenvironment in colorectal cancer	2023-04-04	Phimmada Hatthakarnkul, Holly Leslie, Hester van Wyk, Leah Officer-Jones, Silvia Cusumano, Aula Ammar, Kathryn A.F. Pennel, Jean A. Quinn, Jennifer Hay, James O. Park, Noori Maka, John Le Quesne, Chanitra Thuwajit, Nigel B. Jamieson, Joanne Edwards	Mahidol University, University of Glasgow, Cancer Research UK Scotland Institute	Cancer Research	https://doi.org/10.1158/1538-7445.am2023-5558	1	article	False	Cancer Immunotherapy and Biomarkers	False	True	False
The data scientist as a mainstay of the tumor board: global implications and opportunities for the global south	2025-02-06	Myles Joshua Toledo Tan, Daniel Andrew Lichlyter, Nicholle Mae Amor Tan Maravilla, Weston John Schrock, Frederic Ivan L. Ting, Joanna Marie Choa-Go, Kishi Kobe Yee Francisco, Mickael Cavanaugh Byers, Hezerul Abdul Karim, Nouar AlDahoul	La Salle University, North Florida/South Georgia Veterans Health System, Memorial Regional Hospital, Digital Video (Italy), Doctors Hospital, University of Florida, Memorial Hospital, New York University Abu Dhabi, Dr. Herbert & Nicole Wertheim Family Foundation, University of St. La Salle, Florida College, Multimedia University	Frontiers in Digital Health	https://doi.org/10.3389/fdgth.2025.1535018	9	article	True	Cancer Genomics and Diagnostics	False	False	False
Abstract PS16-01: Intra-epithelial tumor immune landscapes are associated with clinical outcomes in early-stage triple-negative breast cancer	2021-02-15	Jodi M. Carter, Saranya Chumsri, David W. Hillman, David M. Zahrieh, Yaohua Ma, Xue Wang, Jennifer M. Kachergus, Judy C. Boughey, Minetta C. Liu, Krishna R. Kalari, JC Villasboas, Roberto A. Leon Ferre, Fergus J. Couch, Matthew P. Goetz, E. Aubrey Thompson	Mayo Clinic in Arizona, Nemours Children’s Clinic, Mayo Clinic in Florida	Cancer Research	https://doi.org/10.1158/1538-7445.sabcs20-ps16-01	2	article	False	Radiomics and Machine Learning in Medical Imaging	False	True	False
Abstract 6767: Cancer-associated fibroblasts promote T-cell exclusion and resistance to immunotherapy in non-small cell lung cancer with tertiary lymphoid structures	2023-04-04	Florent Peyraud, Jean‐Philippe Guégan, Christophe Rey, Oren Ngouala, Ophélie Odin, Emma Clot, Lucile Vanhersecke, Maxime Brunet, Thomas Grellety, Marie Del Castillo, Sylvestre Le Moulec, François Le Loarer, Alban Bessede, Antoîne Italiano	Centre Hospitalier de la Côte Basque, Institut Bergonié	Cancer Research	https://doi.org/10.1158/1538-7445.am2023-6767	1	article	False	Cancer Immunotherapy and Biomarkers	False	True	False
Abstract C002: Interleukin-1 receptor accessory protein (IL1RAP) overexpression is associated with worse prognosis in PDAC and is targetable by nadunolimab	2024-01-16	Eric Van Cutsem, Kawther Abdilleh, Jashodeep Datta, Manuel Hidalgo, Camilla Rydberg Millrud, Petter Skoog, Annika Sanfridson, Dominique Tersago, David Liberg	Weill Cornell Medicine, KU Leuven, Pancreatic Cancer Action Network, Cornell University, University of Miami	Cancer Research	https://doi.org/10.1158/1538-7445.panca2023-c002	1	article	False	Cancer Immunotherapy and Biomarkers	False	False	False
Data from Trackable Intratumor Microdosing and Spatial Profiling Provide Early Insights into Activity of Investigational Agents in the Intact Tumor Microenvironment	2023-07-25	Jonathan M.J. Derry, Connor Burns, Jason P. Frazier, Emily Beirne, Marc Grenley, Christopher C. DuFort, Emily Killingbeck, Michael Leon, Claire Williams, Mark Gregory, Jeffrey Houlton, Daniel Clayburgh, Paul Swiecicki, Dennis Huszar, Allison Berger, Richard A. Klinghoffer	Takeda (United States), Oregon Health & Science University, University of Washington, University of Michigan–Ann Arbor, Nanostring Technologies (United States), Presage Biosciences (United States)	Unknown Journal	https://doi.org/10.1158/1078-0432.c.6758648.v1	0	preprint	True	Ubiquitin and proteasome pathways	True	True	False
Abstract 1370: Antibodies derived from patient tumors augment response to immune checkpoint blockade in cancer	2025-04-21	Manoj Chelvanambi, Monika A. Zelazowska, Somnath Paul, Joshua B. Plummer, Brenda Melendez, Sarah B. Johnson, Elise F. Nassif, Laurence P. Diggs, Rossana Lazcano, Khalida Wani, Davis R. Ingram, Bharat Singh, Diana Shamsutdinova, Rebecca Soto, Florentia Dimitriou, Michael G. White, Matthew Lastrapes, Golnaz Morad, Melissa Simper, Fabiana J. Veguilla, Y David Seo, Beth A. Helmink, Russell G. Witt, Bin Liu, Nadim J. Ajami, Tullia C. Bruno, Wolf H. Fridman, James P. Allison, Padmanee Sharma, Emily Z. Keung, Tina Cascone, Christina L. Roland, Alexander J. Lazar, Kevin M. McBride, Jennifer A. Wargo	University of Virginia Medical Center, Medical College of Wisconsin, University of Pittsburgh, Université Paris Cité, The University of Texas MD Anderson Cancer Center	Cancer Research	https://doi.org/10.1158/1538-7445.am2025-1370	2	article	False	Cancer Immunotherapy and Biomarkers	False	False	False
Data from Trackable Intratumor Microdosing and Spatial Profiling Provide Early Insights into Activity of Investigational Agents in the Intact Tumor Microenvironment	2023-07-27	Jonathan M.J. Derry, Connor Burns, Jason P. Frazier, Emily Beirne, Marc Grenley, Christopher C. DuFort, Emily Killingbeck, Michael Leon, Claire Williams, Mark Gregory, Jeffrey Houlton, Daniel Clayburgh, Paul Swiecicki, Dennis Huszar, Allison Berger, Richard A. Klinghoffer		Unknown Journal	https://doi.org/10.1158/1078-0432.c.6758648.v2	0	preprint	True	Ubiquitin and proteasome pathways	True	True	False
Abstract 6418: xWU-NK-101 as salvage therapy post immune checkpoint blockade (ICB)	2023-04-04	Tom Leedom, Barbara Muz, Jaykumar Vadakekolathu, John J. Muth, Xiaohua Li, Gregory S. Watson, Kristaan Magee, Ryan P. Sullivan, Melissa M. Berrien-Elliott, Todd Fenigher, Sergio Rutella, Matthew Cooper, Ayman Kabakibi, Jan Davidson‐Moncada	Nottingham Trent University	Cancer Research	https://doi.org/10.1158/1538-7445.am2023-6418	1	article	False	Cancer Immunotherapy and Biomarkers	False	False	False
Data from Trackable Intratumor Microdosing and Spatial Profiling Provide Early Insights into Activity of Investigational Agents in the Intact Tumor Microenvironment	2023-07-25	Jonathan M.J. Derry, Connor Burns, Jason P. Frazier, Emily Beirne, Marc Grenley, Christopher C. DuFort, Emily Killingbeck, Michael Leon, Claire Williams, Mark Gregory, Jeffrey Houlton, Daniel Clayburgh, Paul Swiecicki, Dennis Huszar, Allison Berger, Richard A. Klinghoffer		Unknown Journal	https://doi.org/10.1158/1078-0432.c.6758648	0	preprint	True	Ubiquitin and proteasome pathways	True	True	False
Abstract 211: Epstein-Barr virus (EBV)‒human host chromatin interactions rearrange spatial DNA genome organisation and hijack KDM5B to distant metastasis proneness in EBV-associated nasopharyngeal carcinoma (NPC)	2025-04-21	L. Chung, Zhaozheng Hou, Ying Wang, Kazi Anisha Islam, Songran Liu, Jiayan Liu, Larry Ka-Yue Chow, Cyrus Pakk-Ting Chak, Yingpei Zhang, Lanqi Gong, Kai Cheng, Zhuoyou Yu, Ping Feng, Zilu Huang, Roger Kai‐Cheong Ngan, Xin‐Yuan Guan, Wai Tong Ng, Zhonghua Liu, Anna Chi‐Man Tsang, Dora Lai‐Wan Kwong, A W M Lee, Victor Lee, Honglin Chen, Yunfei Xia, Wei Dai	University of Hong Kong, Sun Yat-sen University Cancer Center, Sun Yat-sen University	Cancer Research	https://doi.org/10.1158/1538-7445.am2025-211	1	article	False	Viral-associated cancers and disorders	False	True	False
S129: ADOPTIVELY INFUSED MEMORY-LIKE (ML) NATURAL KILLER (NK) CELLS ELICIT ADAPTIVE IMMUNE RESPONSES IN PATIENTS WITH ACUTE MYELOID LEUKEMIA (AML)	2023-08-01	Sergio Rutella, Amanda F. Cashen, John Muth, Jayakumar Vadakekolathu, Laura Arthur, Nitin Mahajan, Melissa M. Berrien-Elliott, Jan Davidson‐Moncada, Todd A. Fehniger	Washington University in St. Louis, Nottingham Trent University	HemaSphere	https://doi.org/10.1097/01.hs9.0000967428.42997.44	1	article	True	Immune cells in cancer	False	False	False
Abstract 2578: High regulatory T cells infiltrate within tertiary lymphoid structure restricts response to immune checkpoint blockers in sarcomas	2022-06-15	Florent Peyraud, Jean‐Philippe Guégan, Christophe Rey, Marina Pulido, Emmanuelle Bompas, Sophie Piperno‐Neumann, Christine Chevreau, Nicolas Penel, François Bertucci, Maud Toulmonde, Carine Bellera, Catherine Sautès‐Fridman, Antoine Bougoüin, Coralie Cantarel, Michèle Kind, Mariella Spalato Ceruso, Bérengère Dadone‐Montaudié, Jean‐Yves Blay, Wolf H. Fridman, François Le Loarer, Alban Bessede, Antoîne Italiano	Institut de Cancérologie de l'Ouest, Institut Curie, Institut Paoli-Calmettes, Institut Bergonié, Centre Hospitalier Universitaire de Nice, Centre de Recherche des Cordeliers, Centre Oscar Lambret	Cancer Research	https://doi.org/10.1158/1538-7445.am2022-2578	1	article	False	Cancer Immunotherapy and Biomarkers	False	True	False
Abstract B024: Immune exhaustion and reversal of progestin-related immune modulation in adaptive resistance to levonorgestrel intrauterine device for treatment of atypical hyperplasia and early endometrial cancer	2024-03-01	Mikayla B. Bowen, Brenda Melendez, Qian Zhang, Richard K. Yang, Bryan Fellman, Barrett C. Lawson, Naomi Adjei, Joseph Celestino, Tri Nguyen, Khalida Wani, Bhavana Singh, Christof Straub, Liang Zhang, Cheryl Tan, Felicia New, Diana L. Urbauer, Alexander J. Lazar, Karen H. Lu, Jennifer A. Wargo, Shannon N. Westin, Melinda S. Yates	Nanostring Technologies (United States), University of North Carolina at Chapel Hill, The University of Texas MD Anderson Cancer Center	Clinical Cancer Research	https://doi.org/10.1158/1557-3265.endo24-b024	1	article	False	Reproductive System and Pregnancy	False	True	False
Processed SpatialTranscriptomics Data (Goyal et. al)	2023-01-01	Yogesh Goyal		Figshare	https://doi.org/10.6084/m9.figshare.23248199	0	dataset	True	Microbial Community Ecology and Physiology	False	True	False
Comparative skin cancer atlas and interactome: A multi-modal spatial approach to uncovering the cells and interactions underlying skin cancer diversity	2022-11-28	Quan Dong Nguyen		Zenodo (CERN European Organization for Nuclear Research)	https://doi.org/10.5281/zenodo.7373889	0	article	True	Skin Protection and Aging	True	True	False
Spatial Transcriptomics of RA Synovium	2022-07-01	Roopa Madhu, Ilya Korsunsky		Zenodo (CERN European Organization for Nuclear Research)	https://doi.org/10.5281/zenodo.6786911	0	dataset	True	Plant Disease Resistance and Genetics	True	False	False
Additional file 1 of Niche-DE: niche-differential gene expression analysis in spatial transcriptomics data identifies context-dependent cell-cell interactions	2024-01-01	Kaishu Mason, Anuja Sathe, Paul R. Hess, Jiazhen Rong, Chi-Yun Wu, Emma E. Furth, Katalin Suszták, Jonathan Levinsohn, Hanlee P. Ji, Nancy R. Zhang	California University of Pennsylvania, Gladstone Institutes, Stanford University	Figshare	https://doi.org/10.6084/m9.figshare.24993682	0	dataset	True	Single-cell and spatial transcriptomics	True	False	False
Data from Trackable Intratumor Microdosing and Spatial Profiling Provide Early Insights into Activity of Investigational Agents in the Intact Tumor Microenvironment	2023-09-15	Jonathan M.J. Derry, Connor Burns, Jason P. Frazier, Emily Beirne, Marc Grenley, Christopher C. DuFort, Emily Killingbeck, Michael Leon, Claire Williams, Mark Gregory, Jeffrey Houlton, Daniel Clayburgh, Paul Swiecicki, Dennis Huszar, Allison Berger, Richard A. Klinghoffer		Unknown Journal	https://doi.org/10.1158/1078-0432.c.6758648.v3	0	preprint	True	Ubiquitin and proteasome pathways	True	True	False
Immune Senescence and Exhaustion Correlate with Response to Flotetuzumab, an Investigational CD123×CD3 Bispecific Dart® Molecule, in Acute Myeloid Leukemia	2020-11-04	Jayakumar Vadakekolathu, Tung On Yau, S. Church, Michael P. Rettig, Ibrahim Aldoss, Geoffrey L. Uy, Norbert Vey, Ashkan Emadi, Peter H. Sayre, Roland B. Walter, Matthew C. Foster, Martha Arellano, John E. Godwin, Matthew J. Wieduwilt, Michael Byrne, Laura C. Michaelis, Patrick J. Stiff, Matteo Giovanni Carrabba, Patrice Chevalier, Emmanuel Gyan, Christian Récher, Anjali S. Advani, Martin Wermke, Harry P. Erba, Fabio Ciceri, Geert A. Huls, Mojca Jongen‐Lavrencic, Farhad Ravandi, Antonio Curti, Max S. Topp, John Muth, Patrick Kaminker, Bob Löwenberg, Ivana Gojo, Leo Luznik, John F. DiPersio, Jan Davidson‐Moncada, Sergio Rutella	Nottingham Trent University, Cleveland Clinic, University of California, San Francisco, University of California, San Diego, Centre Hospitalier Universitaire de Toulouse, Policlinico S.Orsola-Malpighi, Istituti di Ricovero e Cura a Carattere Scientifico, University Hospital Carl Gustav Carus, Johns Hopkins University, University of Maryland, Baltimore, Sidney Kimmel Comprehensive Cancer Center, Fred Hutch Cancer Center, Institut Paoli-Calmettes, Institut Pprime, Centre Hospitalier Universitaire de Tours, Nanostring Technologies (United States), Loyola University Chicago, Vanderbilt University Medical Center, Washington University in St. Louis, Medical College of Wisconsin, UNC Lineberger Comprehensive Cancer Center, Erasmus MC, Duke University, University of Southern California, The University of Texas MD Anderson Cancer Center, Universitätsklinikum Würzburg, MacroGenics (United States), University of North Carolina at Chapel Hill, Providence Portland Medical Center, Vita-Salute San Raffaele University, U-M Rogel Cancer Center, Emory University, Istituto di Ricovero e Cura a Carattere Scientifico San Raffaele, University Medical Center Groningen	Blood	https://doi.org/10.1182/blood-2020-134921	1	article	False	Immune Cell Function and Interaction	False	True	False
Spatial Transcriptomic Profiling of Bone Marrow Vascular Niches Unveils an Endothelial Stress Signature in Myeloproliferative Neoplasms	2024-11-05	Jimena Castorena, Christophe Desterke, Barbara Burroni, Lise Willems, Marie‐Caroline Le Bousse‐Kerdilès, Laurence Legros, Laura Evelia Torres Velázquez	Hôpital Cochin, Hôpital Paul-Brousse, Inserm, Université Paris Cité, Assistance Publique – Hôpitaux de Paris, Université Paris-Saclay, Bicêtre Hospital	Blood	https://doi.org/10.1182/blood-2024-210924	1	article	True	Myeloproliferative Neoplasms: Diagnosis and Treatment	False	True	False
Artificial Intelligence–driven spatial transcriptomics in OSCC: Mapping the tumor microenvironment and personalizing therapy	2025-11-01	S. Manogaran, Ramya Ramadoss, Suganya Panneer Selvam, Sandhya Sundar, Nitya Krishnasamy, Hemashree, Karunya Krishnakumar, Preethi Shankar	Saveetha University	Journal of Oral Biology and Craniofacial Research	https://doi.org/10.1016/j.jobcr.2025.10.015	0	article	True	Unknown	False	False	False
MOSAIK	2025-11-24	Baptista, Anthony	King's College London	Zenodo (CERN European Organization for Nuclear Research)	https://doi.org/10.5281/zenodo.17700741	0	dataset	True	Unknown	True	False	False
Figure S8 from TREM2-Expressing Multinucleated Giant Macrophages Are a Biomarker of Good Prognosis in Head and Neck Squamous Cell Carcinoma	2024-12-02	Grégoire Gessain, Ahmed-Amine Anzali, Marvin Lerousseau, Kevin Mulder, Mathilde Bied, Anne Aupérin, Daniel Stockholm, Nicolas Signolle, Farah Sassi, Maria Eugénia Marques Da Costa, Antonin Marchais, Alexandre Sayadi, Daniela Weidner, Stefan Uderhardt, Quentin Blampey, Sumanth Reddy Nakkireddy, Sophie Broutin, Charles‐Antoine Dutertre, Pierre Busson, Thomas Walter, Alix Marhic, Antoine Moya‐Plana, Joanne Guerlain, Ingrid Breuskin, Odile Casiraghi, Philippe Gorphe, Marion Classe, Jean‐Yves Scoazec, Camille Blériot, Florent Ginhoux		Unknown Journal	https://doi.org/10.1158/2159-8290.27938838	0	preprint	True	Inflammation biomarkers and pathways	False	False	False
lupus nephritis SP11_1139 data.RData	2022-01-01	Patrick Danaher		Figshare	https://doi.org/10.6084/m9.figshare.21420330	0	dataset	True	Systemic Lupus Erythematosus Research	True	False	False
Spatial biology discovery approaches to dissect in situ modification of site-specific tissue HIV reservoirs 2542	2025-11-01	Stephen T Yeung, Preeti Moar, Vanessa Gomez-Moreno, Davey M Smith, Antoine Chaillon, Sara Gianella, Lishomwa C Ndhlovu	Umeå University, Cornell University, University of California, San Diego, Weill Cornell Medicine	The Journal of Immunology	https://doi.org/10.1093/jimmun/vkaf283.448	0	article	True	HIV Research and Treatment	True	False	True
Data repository	2026-05-01	Bernhard Dumoulin, Jonathan Levinsohn, Konstantin Adrian Klötzer, Chenyu Li, Liran Mao, Eunji Ha, Samer Mohandes, Thao Nguyen, Luca Paruzzo, Daigoro Hirohama, Victoria Fang, Vijay Bhoj, Hamideh Parhiz, Magaiver Andrade Silva, Amin Abedini, Andi Bergeson, Daniel Traum, Michael J May, Klaus H Kaestner, Marco Antonio Ruella, Fiona E. McAllister, A. Ari Hakimi, Mingyao Li, Matthew Palmer, E John Wherry, Christopher A Hunter, TRIDENT consortium, Katalin Susztak	California University of Pennsylvania, Children's Hospital of Philadelphia	Zenodo (CERN European Organization for Nuclear Research)	https://doi.org/10.5281/zenodo.18674907	0	dataset	True	Unknown	True	False	False
Supplementary Figures S1-S9 from Ultra High-Plex Spatial Proteogenomic Investigation of Giant Cell Glioblastoma Multiforme Immune Infiltrates Reveals Distinct Protein and RNA Expression Profiles	2023-04-06	Shilah A. Bonnett, Alyssa Rosenbloom, Giang T. Ong, Mark Conner, Aric B.E. Rininger, Daniel Newhouse, Felicia New, Chi Q. Phan, Saskia Ilcisin, Hiromi Sato, John S. Lyssand, Gary Geiss, Joseph Beechem		Unknown Journal	https://doi.org/10.1158/2767-9764.22568016	0	preprint	True	Cell Image Analysis Techniques	False	True	False
923 Deep single-cell, proteogenomic insights from SARS-CoV-2 infected lung tissues	2022-11-01	Arutha Kulasinghe, Chin Wee Tan, Ning Liu, James Monkman, Emily Killingbeck, Young Mi Kim, Liuliu Pan, Tony Blick, Dharmesh D. Bhuva, Kristen Feher, Michael Leon, Mark Gregory, Kirsty R. Short, Fernando Guimarães, Michael Rhodes, Gabrielle T. Belz, Melissa B. Davis	University of Queensland, Nanostring Technologies (United States)	Regular and Young Investigator Award Abstracts	https://doi.org/10.1136/jitc-2022-sitc2022.0923	0	article	True	Radiomics and Machine Learning in Medical Imaging	True	True	False
Supplementary Figures S1-S9 from Ultra High-Plex Spatial Proteogenomic Investigation of Giant Cell Glioblastoma Multiforme Immune Infiltrates Reveals Distinct Protein and RNA Expression Profiles	2023-04-06	Shilah A. Bonnett, Alyssa Rosenbloom, Giang T. Ong, Mark Conner, Aric B.E. Rininger, Daniel Newhouse, Felicia New, Chi Q. Phan, Saskia Ilcisin, Hiromi Sato, John S. Lyssand, Gary Geiss, Joseph Beechem		Unknown Journal	https://doi.org/10.1158/2767-9764.22568016.v1	0	preprint	True	Cell Image Analysis Techniques	False	True	False
Supplementary Figures S1-S9 from Ultra High-plex Spatial Proteogenomic Investigation of Giant Cell Glioblastoma Multiforme Immune Infiltrates Reveals Distinct Protein and RNA Expression Profiles	2023-05-03	Shilah A. Bonnett, Alyssa Rosenbloom, Giang T. Ong, Mark Conner, Aric B.E. Rininger, Daniel Newhouse, Felicia New, Chi Q. Phan, Saskia Ilcisin, Hiromi Sato, John S. Lyssand, Gary Geiss, Joseph Beechem		Unknown Journal	https://doi.org/10.1158/2767-9764.22744291	0	preprint	True	Molecular Biology Techniques and Applications	False	True	False
Spatial Transcriptomics of RA Synovium	2022-07-01	Roopa Madhu, Ilya Korsunsky		Unknown Journal	https://doi.org/10.5281/zenodo.6786912	0	dataset	True	Plant Disease Resistance and Genetics	True	False	False
K_Fukumoto_et_al_CosMx_MASH_sample_1_2_NT_2025_v1.1	2025-02-25	Fukumoto, Kenji	Osaka University	Zenodo (CERN European Organization for Nuclear Research)	https://doi.org/10.5281/zenodo.17532914	0	dataset	True	Unknown	True	False	False
SPACESEQUEST: A UNIFIED PIPELINE FOR SPATIAL TRANSCRIPTOMICS DATA ANALYSIS	2026-01-19	Yu Henry Sun, Sarbottam Piya, Zhengyu Ouyang, Yirui Chen, Jake Gagnon, Shaolong Cao, Haotian Zhang, Baobao Song, Jing Zhu, Khyati Chandratre, Houlin Yu, Wenxing Hu, Matthew Ryals, Fergal Casey, Dann Huh, Baohong Zhang	Biogen (United States), North Carolina Exploring Cultural Heritage Online	Journal of Advance Research in Pharmacy & Biological Science (ISSN 2208-2360)	https://doi.org/10.61841/nn-pbs-12-1-1	0	article	True	Single-cell and spatial transcriptomics	True	True	False
Advances in Spatial Transcriptomics for Infectious Disease Research: Insight for Vaccine Development	2026-02-07	Taehwan Oh	Dankook University	Vaccines	https://doi.org/10.3390/vaccines14020158	0	article	True	Single-cell and spatial transcriptomics	False	False	False
Supplementary Figures S1-S9 from Ultra High-plex Spatial Proteogenomic Investigation of Giant Cell Glioblastoma Multiforme Immune Infiltrates Reveals Distinct Protein and RNA Expression Profiles	2023-05-03	Shilah A. Bonnett, Alyssa Rosenbloom, Giang T. Ong, Mark Conner, Aric B.E. Rininger, Daniel Newhouse, Felicia New, Chi Q. Phan, Saskia Ilcisin, Hiromi Sato, John S. Lyssand, Gary Geiss, Joseph Beechem		Unknown Journal	https://doi.org/10.1158/2767-9764.22744291.v1	0	preprint	True	Molecular Biology Techniques and Applications	False	True	False
Trafficking, Not Lymphoproliferation, Promotes Lymphadenopathy in Idiopathic Multicentric Castleman Disease	2024-11-05	Melanie Mumau, Criswell Lavery, Abiola Irvine, Joseph Zinski, M. Betina Pampena, Ira D. Miller, Michael V. Gonzalez, Michael R. Betts, David C. Fajgenbaum	University of Pennsylvania	Blood	https://doi.org/10.1182/blood-2024-210726	1	article	True	Viral-associated cancers and disorders	False	True	False
Spatial Transcriptomics Profiling and Bulk RNA Sequencing to Assess Niches in End-Stage Silicosis	2025-09-27	Nebal Abu Hussein, Taylor Adams, Sabina Anderson, Mordechai R. Kramer, Fadi Nikola, Robert Robert, Alex Najjar, Prapti Sharma, Luning Yang, Y. Zhang, Xiting Yan, Barak Pertzov, Naftali Kaminski	Rabin Medical Center, Yale University	Unknown Journal	https://doi.org/10.1183/13993003.congress-2025.pa6335	0	article	False	Unknown	True	False	True
Supplementary Table 3 from Long-term Multimodal Recording Reveals Epigenetic Adaptation Routes in Dormant Breast Cancer Cells	2024-05-01	Dalia Rosano, Emre Sofyalı, Heena Dhiman, Chiara Ghirardi, Diana Ivanoiu, Timon Heide, Andrea Vingiani, Alessia Bertolotti, Giancarlo Pruneri, Eleonora Canale, Hannah F. Dewhurst, Debjani Saha, Neil Slaven, Iros Barozzi, Tong Li, Grigory Zemlyanskiy, Henry Phillips, Chela James, Balázs Győrffy, Claire Lynn, George D. Cresswell, Farah Rehman, Roberta Noberini, Tiziana Bonaldi, Andrea Sottoriva, Luca Magnani		Unknown Journal	https://doi.org/10.1158/2159-8290.25729152.v1	0	supplementary-materials	True	Nutrition, Genetics, and Disease	False	False	False
Supplementary Figures S16-S18 from Ultra High-Plex Spatial Proteogenomic Investigation of Giant Cell Glioblastoma Multiforme Immune Infiltrates Reveals Distinct Protein and RNA Expression Profiles	2023-04-06	Shilah A. Bonnett, Alyssa Rosenbloom, Giang T. Ong, Mark Conner, Aric B.E. Rininger, Daniel Newhouse, Felicia New, Chi Q. Phan, Saskia Ilcisin, Hiromi Sato, John S. Lyssand, Gary Geiss, Joseph Beechem		Unknown Journal	https://doi.org/10.1158/2767-9764.22568007	0	preprint	True	Advanced Proteomics Techniques and Applications	False	True	False
Spatial Technologies Reveal the Immune Landscape of Pediatric Acute Myeloid Leukemia	2023-11-02	Joost B. Koedijk, Inge van der Werf, Marijn A. Vermeulen, Alicia Perzolli, Marta Fiocco, Hester A. de Groot‐Kruseman, Rubina Moeniralam, Kristina Bang Christensen, Henrik Hasle, Stefan Nierkens, Mirjam E. Belderbos, Michel Zwaan, Olaf Heidenreich	Leiden University, Erasmus MC - Sophia Children’s Hospital, Princess Máxima Center, Newcastle University, Leiden University Medical Center, University Medical Center Utrecht, Aarhus University Hospital	Blood	https://doi.org/10.1182/blood-2023-177932	1	article	False	Immune cells in cancer	False	True	False
Supplementary Figures S16-S18 from Ultra High-Plex Spatial Proteogenomic Investigation of Giant Cell Glioblastoma Multiforme Immune Infiltrates Reveals Distinct Protein and RNA Expression Profiles	2023-04-06	Shilah A. Bonnett, Alyssa Rosenbloom, Giang T. Ong, Mark Conner, Aric B.E. Rininger, Daniel Newhouse, Felicia New, Chi Q. Phan, Saskia Ilcisin, Hiromi Sato, John S. Lyssand, Gary Geiss, Joseph Beechem		Unknown Journal	https://doi.org/10.1158/2767-9764.22568007.v1	0	preprint	True	Advanced Proteomics Techniques and Applications	False	True	False
Intra-tumoral bacterial signals are associated with distinct immune niches in metastatic brain tumors 3692	2025-11-01	Golnaz Morad, Ashish Damania, Brenda Melendez, Bharat Singh, Matthew C. Wong, Pranoti Sahasrabhojane, Yasmine Hoballah, Fabiana J. Veguilla, Sarah B. Johnson, Jillian Losh, Susan Bullman, Nadim J. Ajami, Sherise D. Ferguson, Jennifer A. Wargo	The University of Texas MD Anderson Cancer Center	The Journal of Immunology	https://doi.org/10.1093/jimmun/vkaf283.1463	0	article	True	Unknown	False	False	False
Streamlining single-cell spatial transcriptomics for human kidney tissue	2025-01-01	Vo, Son, Meadows, Kieran, Do, Han, Chapman, Kevin, Andonegui, Graciela, Muruve, Daniel A., Pham, Thang, Chun, Justin		Figshare	https://doi.org/10.6084/m9.figshare.30752232	0	dataset	True	Unknown	True	False	False
Cell Pellet Array annotation and raw counts.RData	2022-01-01	Patrick Danaher		Figshare	https://doi.org/10.6084/m9.figshare.21420327	0	dataset	True	Gene expression and cancer classification	True	False	False
Data S2 from Characteristics and Spatially Defined Immune (micro)landscapes of Early-stage PD-L1–positive Triple-negative Breast Cancer	2023-10-06	Jodi M. Carter, Mei‐Yin C. Polley, Roberto A. Leon‐Ferre, Jason P. Sinnwell, Kevin J. Thompson, Xue Wang, Yaohua Ma, David Zahrieh, Jennifer M. Kachergus, Malvika Solanki, Judy C. Boughey, Minetta C. Liu, James N. Ingle, Krishna R. Kalari, Fergus J. Couch, E. Aubrey Thompson, Matthew P. Goetz		Unknown Journal	https://doi.org/10.1158/1078-0432.24263018.v1	0	preprint	True	Cancer Immunotherapy and Biomarkers	False	False	False
Streamlining single-cell spatial transcriptomics for human kidney tissue	2025-01-01	Vo, Son, Meadows, Kieran, Do, Han, Chapman, Kevin, Andonegui, Graciela, Muruve, Daniel A., Pham, Thang, Chun, Justin		Figshare	https://doi.org/10.6084/m9.figshare.30752232.v1	0	dataset	True	Unknown	True	False	False
Supplementary Table S1 from spatialGE Is a User-Friendly Web Application That Facilitates Spatial Transcriptomics Data Analysis	2025-03-03	Oscar E. Ospina, Roberto Manjarres-Betancur, Guillermo Gonzalez-Calderon, Alex C. Soupir, Inna Smalley, Kenneth Y. Tsai, Joseph Markowitz, Mariam Lotfy Khaled, Ethan Vallebuona, Anders Berglund, Steven A. Eschrich, Xiaoqing Yu, Brooke L. Fridley		Unknown Journal	https://doi.org/10.1158/0008-5472.28523325	0	supplementary-materials	True	Gene expression and cancer classification	False	False	False
Supplementary Figure S7 from &lt;i&gt;In Situ&lt;/i&gt; Proinflammatory Effects of Dazostinag Alone or with Chemotherapy on the Tumor Microenvironment of Patients with Head and Neck Squamous Cell Carcinoma	2025-07-30	Richard C. Gregory, Neil Lineberry, Alexander Parent, Karthik Rajasekaran, Thomas J. Ow, Cherie‐Ann O. Nathan, Beryl A. Hatton, Wendy Jenkins, Marc Grenley, Connor Burns, Angela Merrell, Jason P. Frazier, Jonathan M.J. Derry, Emily Beirne, Richard A. Klinghoffer		Unknown Journal	https://doi.org/10.1158/2767-9764.29672746	0	preprint	True	Immune cells in cancer	True	False	False
Supplementary Table S2 from SARC028 Samples Reveal an Interplay between TGF-β, IFN Signaling, and Low HLA Class I Expression as Contributors to Ewing Sarcoma Checkpoint Blockade Resistance	2025-09-02	Jessica D. Daley, Elina Mukherjee, David Ferraro, Shanthi Bhaskar, Anthony Green, E. Michael Meyer, Hussein A. Tawbi, Melissa Burgess, Tullia C. Bruno, Anthony R. Cillo, Kelly M. Bailey		Unknown Journal	https://doi.org/10.1158/1078-0432.30028528	0	article	True	Colorectal Cancer Surgical Treatments	True	False	False
Supplementary Table 3 from Long-term Multimodal Recording Reveals Epigenetic Adaptation Routes in Dormant Breast Cancer Cells	2024-05-01	Dalia Rosano, Emre Sofyalı, Heena Dhiman, Chiara Ghirardi, Diana Ivanoiu, Timon Heide, Andrea Vingiani, Alessia Bertolotti, Giancarlo Pruneri, Eleonora Canale, Hannah F. Dewhurst, Debjani Saha, Neil Slaven, Iros Barozzi, Tong Li, Grigory Zemlyanskiy, Henry Phillips, Chela James, Balázs Győrffy, Claire Lynn, George D. Cresswell, Farah Rehman, Roberta Noberini, Tiziana Bonaldi, Andrea Sottoriva, Luca Magnani		Unknown Journal	https://doi.org/10.1158/2159-8290.25729152	0	supplementary-materials	True	Nutrition, Genetics, and Disease	False	False	False
Supplementary Figures S16-S18 from Ultra High-plex Spatial Proteogenomic Investigation of Giant Cell Glioblastoma Multiforme Immune Infiltrates Reveals Distinct Protein and RNA Expression Profiles	2023-05-03	Shilah A. Bonnett, Alyssa Rosenbloom, Giang T. Ong, Mark Conner, Aric B.E. Rininger, Daniel Newhouse, Felicia New, Chi Q. Phan, Saskia Ilcisin, Hiromi Sato, John S. Lyssand, Gary Geiss, Joseph Beechem		Unknown Journal	https://doi.org/10.1158/2767-9764.22744285.v1	0	preprint	True	Advanced Proteomics Techniques and Applications	False	True	False
Supplementary Figures S16-S18 from Ultra High-plex Spatial Proteogenomic Investigation of Giant Cell Glioblastoma Multiforme Immune Infiltrates Reveals Distinct Protein and RNA Expression Profiles	2023-05-03	Shilah A. Bonnett, Alyssa Rosenbloom, Giang T. Ong, Mark Conner, Aric B.E. Rininger, Daniel Newhouse, Felicia New, Chi Q. Phan, Saskia Ilcisin, Hiromi Sato, John S. Lyssand, Gary Geiss, Joseph Beechem		Unknown Journal	https://doi.org/10.1158/2767-9764.22744285	0	preprint	True	Advanced Proteomics Techniques and Applications	False	True	False
Supplementary Table S5 from Trackable Intratumor Microdosing and Spatial Profiling Provide Early Insights into Activity of Investigational Agents in the Intact Tumor Microenvironment	2023-09-15	Jonathan M.J. Derry, Connor Burns, Jason P. Frazier, Emily Beirne, Marc Grenley, Christopher C. DuFort, Emily Killingbeck, Michael Leon, Claire Williams, Mark Gregory, Jeffrey Houlton, Daniel Clayburgh, Paul Swiecicki, Dennis Huszar, Allison Berger, Richard A. Klinghoffer		Unknown Journal	https://doi.org/10.1158/1078-0432.24146060.v1	0	supplementary-materials	True	Radiomics and Machine Learning in Medical Imaging	False	False	False
Two Trigonometric Series	2011-01-01	Guohui Chen	Hainan Normal University	Studies in College Mathematics		0	article	False	Advanced Mathematical Theories	False	False	False
Interrogating the Synergistic Potential of Gemcitabine and Thermal Ablation in Breast Cancer: Drawing Insights Through Spatial Transcriptomics	2025-09-04	Timothy N. J. Bullock, Awndre Gamache		Unknown Journal	https://doi.org/10.31225/osf.io/kynqh_v1	0	article	True	Breast Cancer Treatment Studies	True	False	False
Supplementary Table S5 from Trackable Intratumor Microdosing and Spatial Profiling Provide Early Insights into Activity of Investigational Agents in the Intact Tumor Microenvironment	2023-09-15	Jonathan M.J. Derry, Connor Burns, Jason P. Frazier, Emily Beirne, Marc Grenley, Christopher C. DuFort, Emily Killingbeck, Michael Leon, Claire Williams, Mark Gregory, Jeffrey Houlton, Daniel Clayburgh, Paul Swiecicki, Dennis Huszar, Allison Berger, Richard A. Klinghoffer		Unknown Journal	https://doi.org/10.1158/1078-0432.24146060	0	supplementary-materials	True	Radiomics and Machine Learning in Medical Imaging	False	False	False
Supplementary Table S5 from Trackable Intratumor Microdosing and Spatial Profiling Provide Early Insights into Activity of Investigational Agents in the Intact Tumor Microenvironment	2024-09-16	Jonathan M.J. Derry, Connor Burns, Jason P. Frazier, Emily Beirne, Marc Grenley, Christopher C. DuFort, Emily Killingbeck, Michael Leon, Claire Williams, Mark Gregory, Jeffrey Houlton, Daniel Clayburgh, Paul Swiecicki, Dennis Huszar, Allison Berger, Richard A. Klinghoffer		Unknown Journal	https://doi.org/10.1158/1078-0432.27032665.v1	0	supplementary-materials	True	Nanoplatforms for cancer theranostics	False	False	False
Data repository	2026-11-21	Dumoulin, Bernhard, Levinsohn, Jonathan, Klötzer, Konstantin Adrian, Li, Chenyu, Mao, Liran, Ha, Eunji, Mohandes, Samer, Nguyen, Thao, Paruzzo, Luca, Hirohama, Daigoro, Fang, Victoria, Bhoj, Vijay G, Parhiz, Hamideh, Andrade Silva, Magaiver, Abedini, Amin, Bergeson, Andi, Traum, Daniel, May, Michael J, Kaestner, Klaus H, Ruella, Marco, McAllister, Fiona Elizabeth, Hakimi, Ari A, Li, Mingyao, Palmer, Matthew, Wherry, E John, Hunter, Christopher A, TRIDENT consortium, Susztak, Katalin	California University of Pennsylvania, Children's Hospital of Philadelphia	Zenodo (CERN European Organization for Nuclear Research)	https://doi.org/10.5281/zenodo.17674524	0	dataset	True	Unknown	True	False	False
Supplementary Table S5 from Trackable Intratumor Microdosing and Spatial Profiling Provide Early Insights into Activity of Investigational Agents in the Intact Tumor Microenvironment	2023-07-25	Jonathan M.J. Derry, Connor Burns, Jason P. Frazier, Emily Beirne, Marc Grenley, Christopher C. DuFort, Emily Killingbeck, Michael Leon, Claire Williams, Mark Gregory, Jeffrey Houlton, Daniel Clayburgh, Paul Swiecicki, Dennis Huszar, Allison Berger, Richard A. Klinghoffer		Unknown Journal	https://doi.org/10.1158/1078-0432.23747582.v1	0	supplementary-materials	True	Radiomics and Machine Learning in Medical Imaging	False	False	False
HIGH RESOLUTION SPATIAL PROTEOGENOMICS TO ASSESS TARGET ENGAGEMENT AND COMPARE SENOLYTIC EFFICACY IN THE BRAIN OF TAU TRANSGENIC MICE	2024-12-01	Miranda E. Orr, Valentina R. Garbarino, Timothy Orr	The University of Texas Health Science Center at San Antonio, The University of Texas Health Science Center at Houston, Wake Forest University	Innovation in Aging	https://doi.org/10.1093/geroni/igae098.1144	0	article	True	Alzheimer's disease research and treatments	True	True	False
Figure S7 from TREM2-Expressing Multinucleated Giant Macrophages Are a Biomarker of Good Prognosis in Head and Neck Squamous Cell Carcinoma	2024-12-02	Grégoire Gessain, Ahmed-Amine Anzali, Marvin Lerousseau, Kevin Mulder, Mathilde Bied, Anne Aupérin, Daniel Stockholm, Nicolas Signolle, Farah Sassi, Maria Eugénia Marques Da Costa, Antonin Marchais, Alexandre Sayadi, Daniela Weidner, Stefan Uderhardt, Quentin Blampey, Sumanth Reddy Nakkireddy, Sophie Broutin, Charles‐Antoine Dutertre, Pierre Busson, Thomas Walter, Alix Marhic, Antoine Moya‐Plana, Joanne Guerlain, Ingrid Breuskin, Odile Casiraghi, Philippe Gorphe, Marion Classe, Jean‐Yves Scoazec, Camille Blériot, Florent Ginhoux		Unknown Journal	https://doi.org/10.1158/2159-8290.27938841	0	preprint	True	Inflammation biomarkers and pathways	False	False	False
Supplementary Table S5 from Trackable Intratumor Microdosing and Spatial Profiling Provide Early Insights into Activity of Investigational Agents in the Intact Tumor Microenvironment	2025-11-25	Jonathan M.J. Derry, Connor Burns, Jason P. Frazier, Emily Beirne, Marc Grenley, Christopher C. DuFort, Emily Killingbeck, Michael Leon, Claire Williams, Mark Gregory, Jeffrey Houlton, Daniel Clayburgh, Paul Swiecicki, Dennis Huszar, Allison Berger, Richard A. Klinghoffer		Unknown Journal	https://doi.org/10.1158/1078-0432.30708510	0	article	True	Unknown	False	False	False
Intraductal Papillary Mucinous Neoplasm Cellular Plasticity is Linked with Repeat Element Dysregulation	2025-01-19	Amaya Pankaj, Michael J. Raabe, Yuhui Song, Bidish K. Patel, Katherine Xu, Joshua R. Kocher, Nicholas J Caldwell, Peiyun Ni, Maria Ganci, Linda T. Nieman, M. Lisa Zhang, Mari Mino-Kenudson, Vikram Deshpande, Nabeel Bardeesy, Carlos Fernandez del-Castillo, Martin J. Aryee, Mari Mino–Kenudson, David T. Ting, Yasmin G. Hernandez‐Barco, Yasmin G. Hernandez-Barco	Beth Israel Deaconess Medical Center, Broad Institute, Center for Cancer Research, Dana-Farber Cancer Institute, Massachusetts General Hospital, Harvard University	Unknown Journal	https://doi.org/10.1101/2025.01.14.632658	0	preprint	True	Pancreatic and Hepatic Oncology Research	False	True	False
Supplementary Table S2 from Multimodal Spatial Profiling Reveals Immune Suppression and Microenvironment Remodeling in Fallopian Tube Precursors to High-Grade Serous Ovarian Carcinoma	2025-06-03	Tanjina Kader, Jia‐Ren Lin, Clemens B. Hug, Shannon Coy, Yu‐An Chen, Ino de Bruijn, Natalie Shih, Euihye Jung, Roxanne J. Pelletier, Mariana Lopez Leon, Gabriel Mingo, Dalia K. Omran, Jong Suk Lee, Clarence Yapp, Baby A. Satravada, Ritika Kundra, Yilin Xu, Sabrina Chan, Juliann B. Tefft, Jeremy L. Muhlich, Sarah H. Kim, Stefan Gysler, Judith Agudo, James R. Heath, Nikolaus Schultz, Charles W. Drescher, Peter K. Sorger, Ronny Drapkin, Sandro Santagata		Unknown Journal	https://doi.org/10.1158/2159-8290.29221703	0	supplementary-materials	True	Immune cells in cancer	False	False	False
1014 Agonism of VISTA immune checkpoint as a potential treatment therapy for hidradenitis suppurativa	2025-07-21	Michal Kidacki, C. Cho, Awadhesh Kumar Jaiswal, Francesc López‐Giráldez, Rachel Breidbart, William Damsky, Henry H. Hsia, Anna Eisenstein, Matthew D. Vesely, Lingling Chen	Yale University	Journal of Investigative Dermatology	https://doi.org/10.1016/j.jid.2025.06.1031	0	article	True	Hidradenitis Suppurativa and Treatments	False	False	False
Supplementary Table S5 from Trackable Intratumor Microdosing and Spatial Profiling Provide Early Insights into Activity of Investigational Agents in the Intact Tumor Microenvironment	2024-09-16	Jonathan M.J. Derry, Connor Burns, Jason P. Frazier, Emily Beirne, Marc Grenley, Christopher C. DuFort, Emily Killingbeck, Michael Leon, Claire Williams, Mark Gregory, Jeffrey Houlton, Daniel Clayburgh, Paul Swiecicki, Dennis Huszar, Allison Berger, Richard A. Klinghoffer		Unknown Journal	https://doi.org/10.1158/1078-0432.27032665	0	supplementary-materials	True	Nanoplatforms for cancer theranostics	False	False	False
FFPE Tissue Microarray protocol v1	2024-11-19	MacKenzie L. Bolen, Malú G. Tansey, Qian Xue		Unknown Journal	https://doi.org/10.17504/protocols.io.eq2ly6pppgx9/v1	0	preprint	True	Radiomics and Machine Learning in Medical Imaging	True	False	False
Supplementary Table S5 from Trackable Intratumor Microdosing and Spatial Profiling Provide Early Insights into Activity of Investigational Agents in the Intact Tumor Microenvironment	2023-07-25	Jonathan M.J. Derry, Connor Burns, Jason P. Frazier, Emily Beirne, Marc Grenley, Christopher C. DuFort, Emily Killingbeck, Michael Leon, Claire Williams, Mark Gregory, Jeffrey Houlton, Daniel Clayburgh, Paul Swiecicki, Dennis Huszar, Allison Berger, Richard A. Klinghoffer		Unknown Journal	https://doi.org/10.1158/1078-0432.23747582	0	supplementary-materials	True	Radiomics and Machine Learning in Medical Imaging	False	False	False
Supplementary Table S5 from Trackable Intratumor Microdosing and Spatial Profiling Provide Early Insights into Activity of Investigational Agents in the Intact Tumor Microenvironment	2023-07-27	Jonathan M.J. Derry, Connor Burns, Jason P. Frazier, Emily Beirne, Marc Grenley, Christopher C. DuFort, Emily Killingbeck, Michael Leon, Claire Williams, Mark Gregory, Jeffrey Houlton, Daniel Clayburgh, Paul Swiecicki, Dennis Huszar, Allison Berger, Richard A. Klinghoffer		Unknown Journal	https://doi.org/10.1158/1078-0432.23792480	0	supplementary-materials	True	Radiomics and Machine Learning in Medical Imaging	False	False	False
BM trephine - raw DSP count data	2020-02-17	Rachel Koldej		Data Archiving and Networked Services (DANS)	https://doi.org/10.17632/92835h4bz7.1	0	article	True	Cardiac, Anesthesia and Surgical Outcomes	False	True	False
Supplementary Table 1-8 from Spatially Resolved Tumor Ecosystems and Cell States in Gastric Adenocarcinoma Progression and Evolution	2025-04-02	Haoran Ma, Supriya Srivastava, Shamaine Wei Ting Ho, Chang Xu, Benedict Shi Xiang Lian, Xuewen Ong, Su Ting Tay, Taotao Sheng, Huey Yew Jeffrey Lum, Siti Aishah Binte Abdul Ghani, Yunqiang Chu, Kie Kyon Huang, Yeek Teck Goh, Ming‐Hui Lee, Takeshi Hagihara, Clara Shi Ya Ng, Angie Lay Keng Tan, Yanrong Zhang, Zichen Ding, Feng Zhu, Michelle Shu Wen Ng, Craig Ryan Joseph, Hui Chen, Zhen Li, Joseph J. Zhao, Sun Young Rha, Ming Teh, Joe Yeong, Wei Peng Yong, Jimmy Bok Yan So, Raghav Sundar, Patrick Tan		Unknown Journal	https://doi.org/10.1158/2159-8290.28713666	0	supplementary-materials	True	Cancer Genomics and Diagnostics	False	True	False
Putative Predictors of Response to WU-NK-101, an Allogeneic, Enhanced Memory (ML) Natural Killer (NK) Cell Therapy Product, for Relapsed/Refractory (R/R) Acute Myeloid Leukemia (AML)	2022-11-15	Sergio Rutella, Amanda F. Cashen, John F. Muth, Mary Elizabeth Mathyer, Alun James Carter, Brunda Tumala, Laura Arthur, Kristann Magee, Paula Comune Pennacchi, Julián Gorrochategui, Vincent Petit, Daniel Primo, Dominique Blanchard, Michael A. Kiebish, Nupur Bhatnagar, David J. Boocock, Jayakumar Vadakekolathu, Matthew Cooper, Melissa M. Berrien-Elliott, Jan Davidson‐Moncada, Todd A. Fehniger	Washington University in St. Louis, Nottingham Trent University	Blood	https://doi.org/10.1182/blood-2022-157199	1	article	False	Immune cells in cancer	False	False	False
Human Ovary Atlas	2024-01-24	D. Ford Hannum	University of Michigan–Ann Arbor	Harvard Dataverse	https://doi.org/10.7910/dvn/ggwns8	0	dataset	True	Nutrition, Genetics, and Disease	False	True	False
FIGURE 7 from Peritumoral Immune-suppressive Mechanisms Impede Intratumoral Lymphocyte Infiltration into Colorectal Cancer Liver versus Lung Metastases	2023-10-12	Jian Ye, Weihua Guo, Chongkai Wang, Colt A. Egelston, Massimo D’Apuzzo, Geereesh Shankar, Marwan Fakih, Peter P. Lee		Unknown Journal	https://doi.org/10.1158/2767-9764.24298862	0	preprint	True	Radiomics and Machine Learning in Medical Imaging	False	True	False
ST-Community Detection Methods for Spatial Transcriptomics Data Analysis	2026-01-01	Charles Zhao, Jian-Jian Ren	Applied Physical Sciences (United States), University of Maryland, College Park, University of North Carolina at Chapel Hill	Stats	https://doi.org/10.3390/stats9010004	0	article	True	Single-cell and spatial transcriptomics	True	False	False
Figure S3 from Atypical B Cells Promote Cancer Progression and Poor Response to Bacillus Calmette-Guérin in Non–Muscle Invasive Bladder Cancer	2024-10-01	Priyanka Yolmo, Sadaf Rahimi, Stephen Chenard, Gwenaëlle Conseil, Danielle Jenkins, Kartik Sachdeva, Isaac Emon, Jake Hamilton, Minqi Xu, Manu Rangachari, Éva Michaud, José João Mansure, Wassim Kassouf, David M. Berman, D. Robert Siemens, Madhuri Koti		Unknown Journal	https://doi.org/10.1158/2326-6066.27142674	0	preprint	True	Bladder and Urothelial Cancer Treatments	False	True	False
Supplementary Figure 2 from Defining the Ovarian Cancer Precancerous Landscape through Modeling Fallopian Tube Epithelium Reprogramming Driven by Extracellular Vesicles	2025-08-04	Jared Sipes, Didi Zha, Sagar Rayamajhi, Leonidas E. Bantis, Rashna Madan, Amrita Mitra, Rajni V. Puri, Mohammod Mahmudur Rahman, Foyez Ahmmed, Harsh B. Pathak, Angela Russo, Mihaela E. Sardiu, Brett C. Isenberg, Brian P. Cain, Jonathan Coppeta, Pamoda M. Galhenage, Shailja Pathania, Shannon MacLaughlan David, Joanna E. Burdette, Andrew K. Godwin		Unknown Journal	https://doi.org/10.1158/2767-9764.29819910	0	preprint	True	Tissue Engineering and Regenerative Medicine	False	False	False
KChen-lab/Abema_fas_Ovarian: KChen-lab/Abema_fas_Ovarian: Abema_fas_Ovarian	2026-02-02	NOLermi		Zenodo (CERN European Organization for Nuclear Research)	https://doi.org/10.5281/zenodo.18461164	0	other	True	Unknown	False	True	False
Supplementary Table S9 from Multimodal Spatial Profiling Reveals Immune Suppression and Microenvironment Remodeling in Fallopian Tube Precursors to High-Grade Serous Ovarian Carcinoma	2025-06-03	Tanjina Kader, Jia‐Ren Lin, Clemens B. Hug, Shannon Coy, Yu‐An Chen, Ino de Bruijn, Natalie Shih, Euihye Jung, Roxanne J. Pelletier, Mariana Lopez Leon, Gabriel Mingo, Dalia K. Omran, Jong Suk Lee, Clarence Yapp, Baby A. Satravada, Ritika Kundra, Yilin Xu, Sabrina Chan, Juliann B. Tefft, Jeremy L. Muhlich, Sarah H. Kim, Stefan Gysler, Judith Agudo, James R. Heath, Nikolaus Schultz, Charles W. Drescher, Peter K. Sorger, Ronny Drapkin, Sandro Santagata		Unknown Journal	https://doi.org/10.1158/2159-8290.29221682	0	supplementary-materials	True	Immune cells in cancer	False	False	False
Supplementary Table S5 from Trackable Intratumor Microdosing and Spatial Profiling Provide Early Insights into Activity of Investigational Agents in the Intact Tumor Microenvironment	2023-07-27	Jonathan M.J. Derry, Connor Burns, Jason P. Frazier, Emily Beirne, Marc Grenley, Christopher C. DuFort, Emily Killingbeck, Michael Leon, Claire Williams, Mark Gregory, Jeffrey Houlton, Daniel Clayburgh, Paul Swiecicki, Dennis Huszar, Allison Berger, Richard A. Klinghoffer		Unknown Journal	https://doi.org/10.1158/1078-0432.23792480.v1	0	supplementary-materials	True	Radiomics and Machine Learning in Medical Imaging	False	False	False
Data S2 from Characteristics and Spatially Defined Immune (micro)landscapes of Early-stage PD-L1–positive Triple-negative Breast Cancer	2023-10-06	Jodi M. Carter, Mei‐Yin C. Polley, Roberto A. Leon‐Ferre, Jason P. Sinnwell, Kevin J. Thompson, Xue Wang, Yaohua Ma, David Zahrieh, Jennifer M. Kachergus, Malvika Solanki, Judy C. Boughey, Minetta C. Liu, James N. Ingle, Krishna R. Kalari, Fergus J. Couch, E. Aubrey Thompson, Matthew P. Goetz		Unknown Journal	https://doi.org/10.1158/1078-0432.24263018	0	preprint	True	Cancer Immunotherapy and Biomarkers	False	False	False
Data repository	2026-05-01	Dumoulin, Bernhard, Levinsohn, Jonathan, Klötzer, Konstantin Adrian, Li, Chenyu, Mao, Liran, Ha, Eunji, Mohandes, Samer, Nguyen, Thao, Paruzzo, Luca, Hirohama, Daigoro, Fang, Victoria, Bhoj, Vijay G, Parhiz, Hamideh, Andrade Silva, Magaiver, Abedini, Amin, Bergeson, Andi, Traum, Daniel, May, Michael J, Kaestner, Klaus H, Ruella, Marco, McAllister, Fiona Elizabeth, Hakimi, Ari A, Li, Mingyao, Palmer, Matthew, Wherry, E John, Hunter, Christopher A, TRIDENT consortium, Susztak, Katalin	California University of Pennsylvania, Children's Hospital of Philadelphia	Zenodo (CERN European Organization for Nuclear Research)	https://doi.org/10.5281/zenodo.17674523	0	dataset	True	Unknown	True	False	False
Abstract 2091: Integrating single-cell spatial whole transcriptome and histopathology to uncover drivers of tumor heterogeneity in lung adenocarcinoma and squamous cell carcinoma	2025-04-21	Michael Patrick, Liang Zhang, Patrick Danaher, Shanshan He, Sierra Mckinzie, Haiyan Zhai, Michael Rhodes, Joseph Beechem	Bruker (United States)	Cancer Research	https://doi.org/10.1158/1538-7445.am2025-2091	0	article	False	Lung Cancer Diagnosis and Treatment	True	False	False
Spatial Transcriptomics Data for jazzPanda	2026-01-05	Xinyi Jin, Givanna Putri, Jinming Cheng, Marie-Liesse Asselin-Labat, G. B. SMYTH, Belinda Phipson	The University of Melbourne, Oregon Health & Science University, Walter and Eliza Hall Institute of Medical Research	Zenodo (CERN European Organization for Nuclear Research)	https://doi.org/10.5281/zenodo.18149455	0	dataset	True	Unknown	True	False	False
TLR7-induced murine inflammation results in a global neuroinflammatory response driving neural circuit-specific transcriptomic changes	2025-01-01	Gardner-Stephen, Kirstyn, Carvajal Quisilema, Robin, Andrianova, Lilya, McGonigal, Rhona, Sharma, Deepika, Barrie, Jennifer, Saathoff, Megan, Cole, John, Jamieson, Nigel, Craig, Michael T., Cavanagh, Jonathan		University of Glasgow	https://doi.org/10.5525/gla.researchdata.2076	0	dataset	True	Unknown	False	False	False
Abstract 2779: Whole transcriptome spatial exploration of cultured tumor cells at subcellular resolution	2025-04-21	Yi Cui, Margaret L. Hoang, Shanshan He, Rachel Liu, Tushar D. Rane, Rustem Khafizov, Haiyan Zhai, Christine Kang, Michael D. Rhodes, Joseph Beechem	Bruker (United States)	Cancer Research	https://doi.org/10.1158/1538-7445.am2025-2779	0	article	False	Molecular Biology Techniques and Applications	True	False	False
biopsy_spatial_CosMx.h5ad	2024-01-01	Michael G. Kattah		Figshare	https://doi.org/10.6084/m9.figshare.21919338	0	dataset	True	Cancer Genomics and Diagnostics	True	False	False
Supplementary Table S2 from Mutational Analysis of Early, Low-Grade Bowel Polyps Defines a Subgroup with Concurrent, High-Risk Oncogenic Drivers Independent of Polyp Size	2025-08-19	Jun Li, Zoe Welham, Benita Tse, Chahaya Gauci, Shila Ghazanfar, Pratibha Panwar, Alexander Engel, Mark P. Molloy		Unknown Journal	https://doi.org/10.1158/2767-9764.29939563	0	article	True	Gastrointestinal Tumor Research and Treatment	False	True	False
Data repository	2026-01-01	Bernhard Dumoulin, Jonathan Levinsohn, Konstantin Adrian Klötzer, Chenyu Li, Liran Mao, Eunji Ha, Samer Mohandes, Thao Nguyen, Luca Paruzzo, Daigoro Hirohama, Victoria Fang, Vijay Bhoj, Hamideh Parhiz, Magaiver Andrade Silva, Amin Abedini, Andi Bergeson, Daniel Traum, Michael J May, Klaus H Kaestner, Marco Antonio Ruella, Fiona E. McAllister, A. Ari Hakimi, Mingyao Li, Matthew Palmer, E John Wherry, Christopher A Hunter, TRIDENT consortium, Katalin Susztak		Open MIND		0	dataset	True	Unknown	True	False	False
Supplementary Methods from Multimodal Spatial Profiling Reveals Immune Suppression and Microenvironment Remodeling in Fallopian Tube Precursors to High-Grade Serous Ovarian Carcinoma	2025-06-03	Tanjina Kader, Jia‐Ren Lin, Clemens B. Hug, Shannon Coy, Yu‐An Chen, Ino de Bruijn, Natalie Shih, Euihye Jung, Roxanne J. Pelletier, Mariana Lopez Leon, Gabriel Mingo, Dalia K. Omran, Jong Suk Lee, Clarence Yapp, Baby A. Satravada, Ritika Kundra, Yilin Xu, Sabrina Chan, Juliann B. Tefft, Jeremy L. Muhlich, Sarah H. Kim, Stefan Gysler, Judith Agudo, James R. Heath, Nikolaus Schultz, Charles W. Drescher, Peter K. Sorger, Ronny Drapkin, Sandro Santagata		Unknown Journal	https://doi.org/10.1158/2159-8290.29221715	0	preprint	True	Immunotherapy and Immune Responses	False	True	False
Abstract 2080: Whole transcriptome single cell spatial imaging of tumor vs normal tissue microarray	2025-04-21	Wei Yang, I Re Lee, Michael J. Patrick, Yi Cui, Shanshan He, Martin Shelton, Haiyan Zhai, Michael Rhodes, Joseph Beechem	Bruker (United States)	Cancer Research	https://doi.org/10.1158/1538-7445.am2025-2080	0	article	False	Advanced Biosensing Techniques and Applications	True	False	False
Supplementary Table S1 from SARC028 Samples Reveal an Interplay between TGF-β, IFN Signaling, and Low HLA Class I Expression as Contributors to Ewing Sarcoma Checkpoint Blockade Resistance	2025-09-02	Jessica D. Daley, Elina Mukherjee, David Ferraro, Shanthi Bhaskar, Anthony Green, E. Michael Meyer, Hussein A. Tawbi, Melissa Burgess, Tullia C. Bruno, Anthony R. Cillo, Kelly M. Bailey		Unknown Journal	https://doi.org/10.1158/1078-0432.30028531	0	article	True	Colorectal Cancer Surgical Treatments	False	True	False
Abstract C041: Multi-Omics profiling of high-grade serous ovarian cancer reveals ancestry-associated molecular and tumor microenvironmental differences	2025-09-18	Ayodele Omotoso, Alex Covarrubias-Sanchez, Jovanka Ravix, Olivier Moralès, Rasheed Fatima, Maurice J. Chery, Lauren Smith, Daniela Betancur, Ivana Sorbit, Melissa Castillo, Destiny Burnett, Sandy St-Hillare, Elizabeth Smith, Olugbenga Silas, Emmanuel Kunle Abudu, Solomon Musa Dauda, Adeyemi Okunowo, Patience Odusolu, Theophilus Ipeh Ugbem, Murtala Abubakar, Saida Bowe, Uchenna Simon Ezenkwa, Aisha Mustapha, Raleigh Butler, Matthew Schlumbrecht, Bala Audu, Saad Ahmed, André Pinto, Sophia George, Darron Halliday, Caryn Sands, George Bruney, A. Jacob, Michael Olatunde Tanimowo	Freeport Historical Society, University of Jos, Princess Margaret Hospital, University of Uyo, Ahmadu Bello University Teaching Hospital, Abubakar Tafawa Balewa University, University of Abuja, Lagos University Teaching Hospital, University of Calabar, Sylvester Comprehensive Cancer Center, Federal Medical Centre	Cancer Epidemiology Biomarkers & Prevention	https://doi.org/10.1158/1538-7755.disp25-c041	0	article	False	Molecular Biology Techniques and Applications	True	True	False
RCC-01	2022-01-01	Daniel Jones		Figshare	https://doi.org/10.6084/m9.figshare.21539253	0	dataset	True	Multiple Myeloma Research and Treatments	True	False	False
Supplementary Table 2 from Defining the Ovarian Cancer Precancerous Landscape through Modeling Fallopian Tube Epithelium Reprogramming Driven by Extracellular Vesicles	2025-08-04	Jared Sipes, Didi Zha, Sagar Rayamajhi, Leonidas E. Bantis, Rashna Madan, Amrita Mitra, Rajni V. Puri, Mohammod Mahmudur Rahman, Foyez Ahmmed, Harsh B. Pathak, Angela Russo, Mihaela E. Sardiu, Brett C. Isenberg, Brian P. Cain, Jonathan Coppeta, Pamoda M. Galhenage, Shailja Pathania, Shannon MacLaughlan David, Joanna E. Burdette, Andrew K. Godwin		Unknown Journal	https://doi.org/10.1158/2767-9764.29819880	0	supplementary-materials	True	Extracellular vesicles in disease	False	True	False
Abstract SY12-04: Multicellular spatial community featuring a novel neuronal-like malignant phenotype is enriched in pancreatic cancer after neoadjuvant chemotherapy and radiotherapy	2022-06-15	William L. Hwang, Karthik A. Jagadeesh, Jimmy A. Guo, Hannah I. Hoffman, Carina Shiau, Jennifer Su, Payman Yadollahpour, Jason Reeves, Youngmi Kim, Sean Kim, Mark Gregory, Prajan Divakar, Eric Miller, Michael Rhodes, Sarah Warren, Erroll H. Rueckert, Kit Fuhrman, Daniel R. Zollinger, Robin Fropf, Joseph Beechem, Arnav Mehta, Toni Delorey, Cristin McCabe, Jaimie L. Barth, Piotr Zelga, Cristina R. Ferrone, Motaz Qadan, Keith D. Lillemoe, Rakesh K. Jain, Jennifer Y. Wo, Theodore S. Hong, Ramnik J. Xavier, Orit Rozenblatt–Rosen, Andrew J. Aguirre, Carlos Fernández‐del Castillo, Andrew S. Liss, Mari Mino–Kenudson, David T. Ting, Tyler Jacks, Aviv Regev	Broad Institute, Massachusetts Institute of Technology, Dana-Farber Cancer Institute, Nanostring Technologies (United States), Massachusetts General Hospital, Harvard University	Cancer Research	https://doi.org/10.1158/1538-7445.am2022-sy12-04	0	article	False	Pancreatic and Hepatic Oncology Research	True	True	False
Capturing the inflammatory landscape within kidney compartments of human diabetic kidney disease: a digital spatial profiling study	2026-02-02	Khaled M. Elhusseiny, Farha G. Deceus, Lynn D. Cornell, Xiaohui Bian, Yaohua Ma, Jennifer M. Kachergus, E. Aubrey Thompson, LaTonya J. Hickson	University of Calgary, Mayo Clinic in Arizona, WinnMed, China Medical University, Cancer Clinic	Frontiers in Endocrinology	https://doi.org/10.3389/fendo.2026.1744430	0	article	True	Chronic Kidney Disease and Diabetes	False	True	False
KChen-lab/Abema_fas_Ovarian: Abema_fas_Ovarian	2025-12-17	NOLermi		Zenodo (CERN European Organization for Nuclear Research)	https://doi.org/10.5281/zenodo.17969971	0	other	True	Unknown	False	True	False
BSBM-06 SINGLE-CELL SPATIAL ANALYSIS OF METASTATIC BRAIN TUMORS REVEALS INTRACELLULAR BACTERIAL SIGNAL AND THEIR CORRELATION WITH THE TUMOR MICROENVIRONMENT	2024-08-01	Golnaz Morad, Ashish Damani, Brenda Melendez, Bharat Singh, Matthew C. Wong, Pranoti Sahasrabhojane, Yasmine Hoballah, Fabiana J. Veguilla, Jillian Losh, Nadim J. Ajami, Sherise D. Ferguson, Jennifer A. Wargo	The University of Texas MD Anderson Cancer Center	Neuro-Oncology Advances	https://doi.org/10.1093/noajnl/vdae090.005	0	article	True	Cancer Research and Treatments	False	False	False
Spatial Transcriptomics Data for jazzPanda	2026-01-05	Xinyi Jin, Givanna Putri, Jinming Cheng, Marie-Liesse Asselin-Labat, G. B. SMYTH, Belinda Phipson	The University of Melbourne, Oregon Health & Science University, Walter and Eliza Hall Institute of Medical Research	Zenodo (CERN European Organization for Nuclear Research)	https://doi.org/10.5281/zenodo.18149456	0	dataset	True	Unknown	True	False	False
FIGURE 7 from Peritumoral Immune-suppressive Mechanisms Impede Intratumoral Lymphocyte Infiltration into Colorectal Cancer Liver versus Lung Metastases	2023-10-12	Jian Ye, Weihua Guo, Chongkai Wang, Colt A. Egelston, Massimo D’Apuzzo, Geereesh Shankar, Marwan Fakih, Peter P. Lee		Unknown Journal	https://doi.org/10.1158/2767-9764.24298862.v1	0	preprint	True	Radiomics and Machine Learning in Medical Imaging	False	True	False
Supplementary Figure S1 from Transcriptomic Heterogeneity of &lt;i&gt;EGFR&lt;/i&gt;-Mutant Non–Small Cell Lung Cancer Evolution Toward Small-Cell Lung Cancer	2024-10-15	Songji Oh, Jaemoon Koh, Tae Min Kim, Soyeon Kim, Jeonghwan Youk, Miso Kim, Bhumsuk Keam, Yoon Kyung Jeon, Ja‐Lok Ku, Dong‐Wan Kim, Doo Hyun Chung, Dae Seog Heo		Unknown Journal	https://doi.org/10.1158/1078-0432.27231532	0	preprint	True	Lung Cancer Treatments and Mutations	False	False	False
Deep Spatial Transcriptomic Profiling of Ovarian Clear Cell Carcinoma in the Real-World Setting	2025-10-16	Thang Truong Le, Annan Yang, Ko-Chen Chen, Yi-Chia Chiu, Sydney Rechie S. Necesario, Tuan Zea Tan, Ya-Ting Tai, Wei‐Chou Lin, Ying‐Cheng Chiang, Lin‐Hung Wei, Ruby Yun‐Ju Huang	National University of Singapore, National Taiwan University, National Taiwan University Hospital	Unknown Journal	https://doi.org/10.21203/rs.3.rs-7728048/v1	0	preprint	True	Single-cell and spatial transcriptomics	False	True	False
ASAP CRN Cloud PMDBS Spatial RNAseq Collection	2025-12-15	ASAP CRN		Zenodo (CERN European Organization for Nuclear Research)	https://doi.org/10.5281/zenodo.17860901	0	article	True	Genomics and Phylogenetic Studies	False	True	False
spatialGE: Visualization and Analysis of Spatial Heterogeneity in Spatially-Resolved Gene Expression	2025-05-13	Oscar E. Ospina, Alex C. Soupir, Brooke L. Fridley		Unknown Journal	https://doi.org/10.32614/cran.package.spatialge	0	dataset	False	Single-cell and spatial transcriptomics	False	False	False
Supplementary Figure 12 from Peritumoral Immune-suppressive Mechanisms Impede Intratumoral Lymphocyte Infiltration into Colorectal Cancer Liver versus Lung Metastases	2023-10-12	Jian Ye, Weihua Guo, Chongkai Wang, Colt A. Egelston, Massimo D’Apuzzo, Geereesh Shankar, Marwan Fakih, Peter P. Lee		Unknown Journal	https://doi.org/10.1158/2767-9764.24298847.v1	0	preprint	True	Cancer Immunotherapy and Biomarkers	False	False	False
Preparation post-mortem brain for spatial transcriptomics v1	2024-08-22	Annabel J. Curle	University of Cambridge	Unknown Journal	https://doi.org/10.17504/protocols.io.eq2lyw46rvx9/v1	0	preprint	True	Single-cell and spatial transcriptomics	False	False	False
SecActPy Example Datasets: Bulk RNA-seq, scRNA-seq, and Spatial Transcriptomics	2026-02-07	Beibei Ru, park seongyong, Peng Jiang		Zenodo (CERN European Organization for Nuclear Research)	https://doi.org/10.5281/zenodo.18520356	0	dataset	True	Unknown	True	False	False
Type 2 diabetes Reprograms Bone Marrow Hematopoiesis and Dysregulates Immune Signaling in Response to Stroke	2025-12-01	Hongxia Zhang	University of California, San Francisco	Zenodo (CERN European Organization for Nuclear Research)	https://doi.org/10.5281/zenodo.18040165	0	dataset	True	Unknown	False	True	False
FIGURE 4 from Ultra High-plex Spatial Proteogenomic Investigation of Giant Cell Glioblastoma Multiforme Immune Infiltrates Reveals Distinct Protein and RNA Expression Profiles	2023-05-03	Shilah A. Bonnett, Alyssa Rosenbloom, Giang T. Ong, Mark Conner, Aric B.E. Rininger, Daniel Newhouse, Felicia New, Chi Q. Phan, Saskia Ilcisin, Hiromi Sato, John S. Lyssand, Gary Geiss, Joseph Beechem		Unknown Journal	https://doi.org/10.1158/2767-9764.22744303.v1	0	preprint	True	Advanced Proteomics Techniques and Applications	False	True	False
FIGURE 4 from Ultra High-plex Spatial Proteogenomic Investigation of Giant Cell Glioblastoma Multiforme Immune Infiltrates Reveals Distinct Protein and RNA Expression Profiles	2023-05-03	Shilah A. Bonnett, Alyssa Rosenbloom, Giang T. Ong, Mark Conner, Aric B.E. Rininger, Daniel Newhouse, Felicia New, Chi Q. Phan, Saskia Ilcisin, Hiromi Sato, John S. Lyssand, Gary Geiss, Joseph Beechem		Unknown Journal	https://doi.org/10.1158/2767-9764.22744303	0	preprint	True	Advanced Proteomics Techniques and Applications	False	True	False
722 Evaluation of the effects of pembrolizumab alone and in combination(s) with MDSC-targeting agents MK-0482 and MK-4830 on the native cancer patient TME via functional spatial profiling (CIVO®)	2023-10-31	Kenneth R. Gundle, Karthik Rajasekaran, Jeffrey Houlton, Daniel Clayburgh, Michael J. Wagner, Elyse J. Brinkmann, Cherie‐Ann O. Nathan, John Pang, Annemieke van Zante, Jessica L. Davis, Connor Burns, Jason P. Frazier, Emily Beirne, Angela Merrell, Bre Mills, Jonathan M.J. Derry, Hanrong Sang, Atticus Turner, Marc Grenley, Nathan J. Schauer, Wendy Jenkins, Richard A. Klinghoffer	Sarah Cannon, University of Pennsylvania, University of California, San Francisco, Oregon Health & Science University, University of Washington, Louisiana State University in Shreveport, Indiana University – Purdue University Indianapolis, Presage Biosciences (United States), Indiana University School of Medicine	Regular and Young Investigator Award Abstracts	https://doi.org/10.1136/jitc-2023-sitc2023.0722	1	article	True	Immune cells in cancer	False	True	False
Molecularly guided digital spatial profiling for multiplexed analysis of gene expression with spatial and single cell resolution	2020-08-01	Kit Fuhrman, J Kuhar, Christopher R. B. Merritt, k nyugen, Kristina Sorg, B Zhang, Xin Ma, Anushka Dikshit	Advanced Cell Diagnostics (United States), R&D Systems (United States), Nanostring Technologies (United States)	PubMed Central		0	article	True	Single-cell and spatial transcriptomics	False	True	False
Profiling lamina specific pyramidal neurons using postmortem human formalin fixed paraffin embedded frontal cortex tissue in combination with digital spatial profiling	2025-06-03	Aleksandra Stanisavljevic, Kyrillos W. Ibrahim, Philip Stavrides, J Christopher Bare, Melissa J. Alldred, Adriana Heguy, Ralph A. Nixon, Stephen D. Ginsberg	Nathan Kline Institute for Psychiatric Research, New York Genome Center, New York University	Journal of Neuroscience Methods	https://doi.org/10.1016/j.jneumeth.2025.110512	0	article	True	Cell Image Analysis Techniques	False	True	False
Supplementary Figure 12 from Peritumoral Immune-suppressive Mechanisms Impede Intratumoral Lymphocyte Infiltration into Colorectal Cancer Liver versus Lung Metastases	2023-10-12	Jian Ye, Weihua Guo, Chongkai Wang, Colt A. Egelston, Massimo D’Apuzzo, Geereesh Shankar, Marwan Fakih, Peter P. Lee		Unknown Journal	https://doi.org/10.1158/2767-9764.24298847	0	preprint	True	Cancer Immunotherapy and Biomarkers	False	False	False
Processed Whole Genome Sequencing Data (Goyal et. al)	2023-01-01	Yogesh Goyal		Figshare	https://doi.org/10.6084/m9.figshare.23255273	0	dataset	True	Cancer Genomics and Diagnostics	False	True	False
Type 2 diabetes Reprograms Bone Marrow Hematopoiesis and Dysregulates Immune Signaling in Response to Stroke	2025-12-01	Hongxia Zhang	University of California, San Francisco	Zenodo (CERN European Organization for Nuclear Research)	https://doi.org/10.5281/zenodo.18040164	0	dataset	True	Unknown	False	True	False
The Geom~X/G/1 queue with single vacation and server set-up and close times	2009-01-01	Xiu Chun	Yanshan University	Journal of Shandong University of Technology		0	article	False	Advanced Queuing Theory Analysis	False	False	False
OP0084 DIGITAL SPATIAL PROFILING REVEALS DISTINCT SYNOVIAL TISSUE MACROPHAGE TRANSCRIPTOMIC SIGNATURE OF SUSTAINED REMISSION IN RHEUMATOID ARTHRITIS PATIENTS AT RISK OF DISEASE FLARE AFTER TREATMENT CESSATION	2022-06-01	Simone Perniola, Barbara Tolusso, Aziza Elmesmari, M. Gessi, C. Di Mario, M. R. Gigante, L. Petricca, D. Bruno, D. Somma, A. Paglionico, V. Varriano, L. Bui, Maria Antonietta D’Agostino, Mariola Kurowska‐Stolarska, E. Gremese, S. Alivernini	Università Cattolica del Sacro Cuore, Agostino Gemelli University Polyclinic, Versus Arthritis, Istituti di Ricovero e Cura a Carattere Scientifico, University of Glasgow	Annals of the Rheumatic Diseases	https://doi.org/10.1136/annrheumdis-2022-eular.4018	1	article	True	Rheumatoid Arthritis Research and Therapies	False	False	False
120 Human immuno-oncology proteome atlas enables a holistic proteomic approach for spatial biology discovery in FFPE tissues	2023-10-31	Alyssa Rosenbloom, Shilah A. Bonnett, Mark Conner, Erin Piazza, Brian Filanoski, Rhonda Meredith, Hye Son Yi, Lori Hamanishi, Eduardo Ignacio, Nadine Nelson, Michael Prater, Christine Kang, Lesley Isgur, Margaret L. Hoang, Gary Geiss, Joseph Beechem	Nanostring Technologies (United States), Abcam (United Kingdom)	Regular and Young Investigator Award Abstracts	https://doi.org/10.1136/jitc-2023-sitc2023.0120	0	article	True	Single-cell and spatial transcriptomics	False	True	False
172 | AGGRESSIVE B‐CELL LYMPHOMAS RETAIN ATR‐DEPENDENT DETERMINANTS OF T‐CELL EXCLUSION FROM THE GERMINAL CENTER DARK ZONE	2025-06-01	Valeria Cancila, G. Bertolazzi, A. S. Chan, G. Morello, Chih‐Huang Lai, Gautam N. Shenoy, Hong Liang, Daniel Paysan, Patrick Jaynes, Giovanna Schiavoni, Fabrizio Mattei, Silvia Piconese, M.P. Revuelta, F. Noto, Luca Businaro, Adele De Ninno, Ilenia Cammarata, Fabio Pagni, Saradha Venkatachalapathy, Sabina Sangaletti, Arianna Di Napoli, Davide Vacca, Silvia Lonardi, Luisa Lorenzi, Andrés J.M. Ferreri, Beatrice Belmonte, Min Liu, Meiyappan Lakshmanan, Michelle S. Ong, Z. Biyan, Ting Yi See, Kong‐Peng Lam, Gabriele Varano, Mario P. Colombo, Silvio Bicciato, Giorgio Inghirami, Giovanni Medico, Leandro Cerchietti, Mirco Ponzoni, Roberta Zappasodi, Fabio Facchetti, Marco Foiani, Stefano Casola, Anand D. Jeyasekharan, Claudio Tripodo	Center for Biomolecular Nanotechnologies, National University Cancer Institute, Singapore, University of Palermo, University of Milano-Bicocca, Azienda Ospedaliera Sant'Andrea, Singapore Immunology Network, Fondazione IRCCS Istituto Nazionale dei Tumori, University of Brescia, Istituto Superiore di Sanità, IRCCS Ospedale San Raffaele, ETH Zurich, Agency for Science, Technology and Research, Tianjin Medical University Cancer Institute and Hospital, National University of Singapore, Institute of Molecular and Cell Biology, Università degli Studi di Enna Kore, FIRC Institute of Molecular Oncology, Cornell University, Sapienza University of Rome, University of Padua	Hematological Oncology	https://doi.org/10.1002/hon.70094_172	0	article	True	Immune Cell Function and Interaction	True	True	False
MOSAIK: Multi-Origin Spatial Transcriptomics Analysis and Integration Kit	2025-05-16	Ana Sofia Baptista, Rosamond Nuamah, Ciro Chiappini, Anita Grigoriadis		arXiv (Cornell University)	https://doi.org/10.48550/arxiv.2505.11384	0	preprint	True	Unknown	True	False	False
Abstract PD7-05: Neoadjuvant chemotherapy selectively alters spatially-defined immune landscapes in clinical luminal B HR+/HER2- breast cancers: Analysis of the breast cancer genome guided therapy study (BEAUTY)	2021-02-15	Jodi M. Carter, Judy C. Boughey, Jun He, Vera J. Suman, Xue Wang, Jennifer M. Kachergus, Krishna R. Kalari, Liewei Wang, Richard Weinshilboum, Ann M. Moyer, Sarah A. McLaughlin, Alvaro Moreno‐Aspitia, Donald W. Northfelt, Richard J. Gray, James N. Ingle, E. Aubrey Thompson, Matthew P. Goetz	Mayo Clinic in Arizona, Nemours Children’s Clinic, Mayo Clinic in Florida	Cancer Research	https://doi.org/10.1158/1538-7445.sabcs20-pd7-05	1	article	False	Breast Cancer Treatment Studies	False	True	False
Mucus Plugging and Regional Heterogeneity are Features of Asthmatic Small Airways	2023-02-01	Stephen A. Schworer, Kenichi Okuda, Hong Dang, Rodney C. Gilmore, Wanda K. O’Neal, Scott H. Randell, Sally E. Wenzel, Richard C. Boucher	University of Pittsburgh Medical Center, Lung Institute, University of North Carolina at Chapel Hill	Journal of Allergy and Clinical Immunology	https://doi.org/10.1016/j.jaci.2022.12.694	0	article	True	Asthma and respiratory diseases	False	False	False
Abstract 2029: Multiomic analysis of whole transcriptome and high plex protein assays on a single FFPE slide	2022-06-15	Shilah A. Bonnett, Nicholas Confuorto, Kit Fuhrman, Giang T. Ong, Alyssa Rosenbloom, John S. Lyssand, Gary Geiss, Joseph Beechem	Nanostring Technologies (United States)	Cancer Research	https://doi.org/10.1158/1538-7445.am2022-2029	0	article	False	Molecular Biology Techniques and Applications	False	True	False
Geom~X/G/1 queue of multiple vacations with set-up and closed-down period	2009-01-01	Xiu Chun	Yanshan University	Journal of Changchun University		0	article	False	Advanced Queuing Theory Analysis	False	False	False
A technical comparison of spatial transcriptomics platforms across six cancer types - Visium/VisiumCytAssist/VisiumHD	2026-01-01	Sergi Cervilla, Daniela Grases Mendoza, Eduard Porta-Pardo	Universitat Politècnica de Catalunya, Josep Carreras Leukaemia Research Institute, Barcelona Supercomputing Center	Zenodo (CERN European Organization for Nuclear Research)	https://doi.org/10.5281/zenodo.17999960	0	dataset	True	Unknown	False	False	False
Supplementary Figure 1-9 from Spatially Resolved Tumor Ecosystems and Cell States in Gastric Adenocarcinoma Progression and Evolution	2025-04-02	Haoran Ma, Supriya Srivastava, Shamaine Wei Ting Ho, Chang Xu, Benedict Shi Xiang Lian, Xuewen Ong, Su Ting Tay, Taotao Sheng, Huey Yew Jeffrey Lum, Siti Aishah Binte Abdul Ghani, Yunqiang Chu, Kie Kyon Huang, Yeek Teck Goh, Ming‐Hui Lee, Takeshi Hagihara, Clara Shi Ya Ng, Angie Lay Keng Tan, Yanrong Zhang, Zichen Ding, Feng Zhu, Michelle Shu Wen Ng, Craig Ryan Joseph, Hui Chen, Zhen Li, Joseph J. Zhao, Sun Young Rha, Ming Teh, Joe Yeong, Wei Peng Yong, Jimmy Bok Yan So, Raghav Sundar, Patrick Tan		Unknown Journal	https://doi.org/10.1158/2159-8290.28713669	0	preprint	True	Cancer Genomics and Diagnostics	False	True	False
RNA quality assessment of long-term storage biobank samples from colorectal cancer patients for sequencing and profiling	2023-02-08	Thanawat Suwatthanarak, Onchira Acharayothin, Kullanist Thanormjit, Amphun Chaiboonchoe, Tharathorn Suwatthanarak, Apichaya Niyomchan, Manop Pithukpakorn, Vitoon Chinswangwatanakul, Pariyada Tanjak	Mahidol University	Research Square (Research Square)	https://doi.org/10.21203/rs.3.rs-2253895/v1	0	preprint	True	Molecular Biology Techniques and Applications	False	False	False
HCC and Fetal Liver Nanostring DSP Data	2023-01-01	Ziyi Li		Figshare	https://doi.org/10.6084/m9.figshare.22332397	0	dataset	True	Liver Disease Diagnosis and Treatment	False	True	False
Transcriptomics and proteomics reveal distinct biology for lymph node metastases and tumor deposits in colorectal cancer	2023-04-17	Nelleke P.M. Brouwer, Loth Webbink, Tariq Sami Haddad, Natasja Rutgers, Shannon van Vliet, Colin S. Wood, Pascal W.T.C. Jansen, ImCMS Consortium, Johannes H.W. de Wilt, Niek Hugen, Femke Simmer, Nigel B. Jamieson, Daniele V. F. Tauriello, Michiel Vermeulen, Irıs D. Nagtegaal	Radboud University Nijmegen, The Netherlands Cancer Institute, Radboud University Medical Center, Oncode Institute, Radboud Institute for Molecular Life Sciences, University of Glasgow, Glasgow Royal Infirmary	Unknown Journal	https://doi.org/10.5281/zenodo.7835227	0	dataset	True	Colorectal Cancer Treatments and Studies	False	True	False
4 Molecularly guided multiplexed digital spatial analysis reveals differential gene expression profiles in the WNT-β-catenin pathway between melanoma and prostate tumors	2020-11-01	Anushka Dikshit, Dan Zollinger, Karen Nguyen, Jill McKay-Fleisch, Kit Fuhrman, Xiaojun Ma	Advanced Cell Diagnostics (United States), Nanostring Technologies (United States)	Regular and Young Investigator Award Abstracts	https://doi.org/10.1136/jitc-2020-sitc2020.0004	0	article	True	Single-cell and spatial transcriptomics	False	True	False
Spatially Resolved Transcriptomics Deconvolutes Prognostic Histological Subgroups in Patients with Colorectal Cancer and Synchronous Liver Metastases	2023-01-10	Colin S. Wood		Unknown Journal	https://doi.org/10.5281/zenodo.7520789	0	dataset	True	Cancer Genomics and Diagnostics	False	True	False
SecActPy Example Datasets: Bulk RNA-seq, scRNA-seq, and Spatial Transcriptomics	2026-02-07	Beibei Ru, park seongyong, Peng Jiang		Zenodo (CERN European Organization for Nuclear Research)	https://doi.org/10.5281/zenodo.18520355	0	dataset	True	Unknown	True	False	False
Library size confounds biology in spatial transcriptomics data	2023-05-22	Dharmesh D. Bhuva, Chin Wee Tan, Claire Marceaux, Jinjin Chen, Malvika Kharbanda, Xinyi Jin, Ning Liu, Kristen Feher, Givanna Putri, Marie-Liesse Asselin-Labat, Belinda Phipson, Melissa J. Davis	University of Adelaide	Zenodo (CERN European Organization for Nuclear Research)	https://doi.org/10.5281/zenodo.7959787	0	dataset	True	Molecular Biology Techniques and Applications	True	False	False
Abstract 4626: Spatial profiling of the tumor microenvironment in head and neck cancer identifies immune checkpoints and proteins involved in cell death signaling biomarkers of immunotherapy response	2023-04-04	Habib Sadeghirad, Ning Liu, James Monkman, Chin Wee Tan, Caroline Cooper, Jeni Caldera, S. Church, Fabian Schneider, James Mansfield, Kenneth J. O’Byrne, Melissa J. Davis, Brett Hughes, Arutha Kulasinghe	The University of Queensland, Princess Alexandra Hospital, Walter and Eliza Hall Institute of Medical Research	Cancer Research	https://doi.org/10.1158/1538-7445.am2023-4626	0	article	False	Cancer Immunotherapy and Biomarkers	False	True	False
206 Validation of NanoString® technologies for solid tumor clinical studies: robustness, precision and inter-site comparison	2023-10-31	Alexy Promonet, Ali-Réza Stroili, Xavier Pichon, Amanda Finan-Marchi		Regular and Young Investigator Award Abstracts	https://doi.org/10.1136/jitc-2023-sitc2023.0206	0	article	True	Molecular Biology Techniques and Applications	False	True	False
Abstract 3806: High dimensional spatial gene expression analysis of tumor micro-environment in head and neck squamous cell carcinomas	2022-06-15	Carlee Hemphill	LabCorp (United States)	Cancer Research	https://doi.org/10.1158/1538-7445.am2022-3806	0	article	False	Molecular Biology Techniques and Applications	False	True	False
Data from &lt;i&gt;In Situ&lt;/i&gt; Proinflammatory Effects of Dazostinag Alone or with Chemotherapy on the Tumor Microenvironment of Patients with Head and Neck Squamous Cell Carcinoma	2025-07-30	Richard C. Gregory, Neil Lineberry, Alexander Parent, Karthik Rajasekaran, Thomas J. Ow, Cherie‐Ann O. Nathan, Beryl A. Hatton, Wendy Jenkins, Marc Grenley, Connor Burns, Angela Merrell, Jason P. Frazier, Jonathan M.J. Derry, Emily Beirne, Richard A. Klinghoffer		Unknown Journal	https://doi.org/10.1158/2767-9764.c.7955881	0	preprint	True	Head and Neck Cancer Studies	True	True	False
Abstract 751: High-resolution and AI-enabled single-cell spatial transcriptomics and histopathology integrated to reveal tumor differentiation and immune exclusion in skin squamous cell carcinoma	2025-04-21	Patrick Danaher, Michael Patrick, Shanshan He, Liang Zhang, S. Rogers, Michael Rhodes, Haiyan Zhai, Joseph Beechem	Bruker (United States)	Cancer Research	https://doi.org/10.1158/1538-7445.am2025-751	0	article	False	Cutaneous Melanoma Detection and Management	True	False	False
Supplementary Table S8 from Multimodal Spatial Profiling Reveals Immune Suppression and Microenvironment Remodeling in Fallopian Tube Precursors to High-Grade Serous Ovarian Carcinoma	2025-06-03	Tanjina Kader, Jia‐Ren Lin, Clemens B. Hug, Shannon Coy, Yu‐An Chen, Ino de Bruijn, Natalie Shih, Euihye Jung, Roxanne J. Pelletier, Mariana Lopez Leon, Gabriel Mingo, Dalia K. Omran, Jong Suk Lee, Clarence Yapp, Baby A. Satravada, Ritika Kundra, Yilin Xu, Sabrina Chan, Juliann B. Tefft, Jeremy L. Muhlich, Sarah H. Kim, Stefan Gysler, Judith Agudo, James R. Heath, Nikolaus Schultz, Charles W. Drescher, Peter K. Sorger, Ronny Drapkin, Sandro Santagata		Unknown Journal	https://doi.org/10.1158/2159-8290.29221685	0	supplementary-materials	True	Immune cells in cancer	False	True	False
Transcriptomics and proteomics reveal distinct biology for lymph node metastases and tumor deposits in colorectal cancer	2023-04-17	Nelleke P.M. Brouwer, Loth Webbink, Tariq Sami Haddad, Natasja Rutgers, Shannon van Vliet, Colin S. Wood, Pascal W.T.C. Jansen, ImCMS Consortium, Johannes H.W. de Wilt, Niek Hugen, Femke Simmer, Nigel B. Jamieson, Daniele V. F. Tauriello, Michiel Vermeulen, Irıs D. Nagtegaal	Radboud University Nijmegen, The Netherlands Cancer Institute, Radboud University Medical Center, Oncode Institute, Radboud Institute for Molecular Life Sciences, University of Glasgow, Glasgow Royal Infirmary	Zenodo (CERN European Organization for Nuclear Research)	https://doi.org/10.5281/zenodo.7835226	0	dataset	True	Colorectal Cancer Treatments and Studies	False	True	False
Feasibility Study Utilizing NanoString’s Digital Spatial Profiling (DSP) Technology for Characterizing the Immune Microenvironment in Barrett’s Esophagus FFPE Tissues	2023-11-02	Qurat Ul Ain, Nicola Frei, Amir M. Khoshiwal, Pim Stougie, Robert D. Odze, Lorenzo Ferri, Lucas C. Duits, Jacques Bergman, Matthew D. Stachler	University of California, San Francisco, McGill University, Amsterdam University Medical Centers, Tufts University, Montreal General Hospital	Unknown Journal	https://doi.org/10.1101/2023.11.02.565001	0	preprint	True	Esophageal Cancer Research and Treatment	False	True	False
Spatial Analysis of NETotic Neutrophil Crosstalk with Monocytes/Mφ in Oral Squamous Cell Carcinoma	2024-05-01	Arthur J. Lowery, Juan-Juan Zhao, Austin W.T. Chiang, Yanfang Zhu	Augusta University Health, Augusta University	The Journal of Immunology	https://doi.org/10.4049/jimmunol.212.supp.0537.5228	0	article	False	Neutrophil, Myeloperoxidase and Oxidative Mechanisms	True	False	False
Abstract 5432: Validation of spatial gene expression patterns predicted by deep convolutional neural networks from breast cancer histopathology images	2023-04-04	Kathy Ton, Yinxi Wang, Liuliu Pan, Kimmo Kartasalo, Balázs Ács, Philippe Weitz, Liang Zhang, Yan Liang, Johan Hartman, Masi Volkonen, Christer Larsson, Pekka Ruusuvuori, Joseph Beechem, Mattias Rantalainen	Svenska Örtmedicinska Institute, Karolinska Institutet, Turku University Hospital, Nanostring Technologies (United States), University of Turku	Cancer Research	https://doi.org/10.1158/1538-7445.am2023-5432	0	article	False	Radiomics and Machine Learning in Medical Imaging	False	True	False
Abstract 2068: Mapping the spatial whole transcriptome from normal to tumor tissue in renal clear cell carcinoma: tumorigenesis and microenvironmental shifts at single-cell resolution	2025-04-21	Shanshan He, Liang Zhang, Michael Patrick, Shaun McKenzie, Haiyan Zhai, Christine Kang, Michael Rhodes, Joseph Beechem	Bruker (United States)	Cancer Research	https://doi.org/10.1158/1538-7445.am2025-2068	0	article	False	Single-cell and spatial transcriptomics	True	False	False
Supplementary Figures S10-S15 from Ultra High-plex Spatial Proteogenomic Investigation of Giant Cell Glioblastoma Multiforme Immune Infiltrates Reveals Distinct Protein and RNA Expression Profiles	2023-05-03	Shilah A. Bonnett, Alyssa Rosenbloom, Giang T. Ong, Mark Conner, Aric B.E. Rininger, Daniel Newhouse, Felicia New, Chi Q. Phan, Saskia Ilcisin, Hiromi Sato, John S. Lyssand, Gary Geiss, Joseph Beechem		Unknown Journal	https://doi.org/10.1158/2767-9764.22744288.v1	0	preprint	True	Advanced Proteomics Techniques and Applications	False	True	False
Digital Spatial Profiling (DSP) technology uncovers microenvironmental remodeling and immune dynamics in T-DXd resistant metastatic breast cancer	2024-10-21	Glori Das, Matthew Vasquez, Ji‐Hoon Lee, Yuan Gao, Jeffrey Zhang, Jenny H. Chang, Xiaoxian Li, Hong Zhao, Stephen T.C. Wong	Texas A&M University, Emory University, Houston Methodist	Unknown Journal	https://doi.org/10.1117/12.3049442	0	article	False	Nanoplatforms for cancer theranostics	False	True	False
Supplementary Figures S10-S15 from Ultra High-Plex Spatial Proteogenomic Investigation of Giant Cell Glioblastoma Multiforme Immune Infiltrates Reveals Distinct Protein and RNA Expression Profiles	2023-04-06	Shilah A. Bonnett, Alyssa Rosenbloom, Giang T. Ong, Mark Conner, Aric B.E. Rininger, Daniel Newhouse, Felicia New, Chi Q. Phan, Saskia Ilcisin, Hiromi Sato, John S. Lyssand, Gary Geiss, Joseph Beechem		Unknown Journal	https://doi.org/10.1158/2767-9764.22568010.v1	0	preprint	True	Advanced Proteomics Techniques and Applications	False	True	False
Analysis of community connectivity in spatial transcriptomics data	2024-07-12	Juan Xie, Kyeong Joo Jung, Carter Allen, Yuzhou Chang, Subhadeep Paul, Zihai Li, Qin Ma, Dongjun Chung	Eli Lilly (United States), The Ohio State University, The Ohio State University Comprehensive Cancer Center – Arthur G. James Cancer Hospital and Richard J. Solove Research Institute	Frontiers in Applied Mathematics and Statistics	https://doi.org/10.3389/fams.2024.1403901	0	article	True	Single-cell and spatial transcriptomics	True	False	False
biopsy_spatial_CosMx_longitudinal.h5ad	2024-01-01	Michael G. Kattah		Figshare	https://doi.org/10.6084/m9.figshare.23896959	0	dataset	True	Cancer Genomics and Diagnostics	True	False	False
A technical comparison of spatial transcriptomics platforms across six cancer types - XeniumMT & Xenium5K	2026-01-01	Sergi Cervilla, Daniela Grases Mendoza, Eduard Porta-Pardo	Universitat Politècnica de Catalunya, Josep Carreras Leukaemia Research Institute, Barcelona Supercomputing Center	Zenodo (CERN European Organization for Nuclear Research)	https://doi.org/10.5281/zenodo.18000255	0	dataset	True	Unknown	False	False	False
空竭服务多级适应性休假Geom^x／G（Geom／G）／1可修排队系统分析	2005-01-01	朱翼隽, 胥秀珍		江苏大学学报：自然科学版		0	article	False	Unknown	False	False	False
Abstract 6473: Determining the spatial composition of immune infiltrate in HER2+ breast cancerHER2+ breast cancer	2025-04-21	Jessica Linak, David Page, Jason P. Schlumbohm, Fred L. Robinson, Sasha E. Stanton	Providence Portland Medical Center	Cancer Research	https://doi.org/10.1158/1538-7445.am2025-6473	0	article	False	Cancer Immunotherapy and Biomarkers	False	True	False
Abstract 2078: Single-cell spatial transcriptomics in colon adenocarcinoma reveals tumor heterogeneity and immune microenvironmental shifts	2025-04-21	Margaret L. Hoang, Yi Cui, Songbo He, Michael Patrick, Megan E. Grout, S. Rogers, Tyler Hether, Haiyan Zhai, Martin Shelton, Michael Rhodes, Joseph Beechem	Bruker (United States)	Cancer Research	https://doi.org/10.1158/1538-7445.am2025-2078	0	article	False	Cancer Research and Treatments	True	False	False
Supplementary Materiel to: Tracing colorectal malignancy transformation from cell to tissue scale	2025-05-30	Crowell, Helena Lucia	Centro Nacional de Análisis Genómico	Zenodo (CERN European Organization for Nuclear Research)	https://doi.org/10.5281/zenodo.17927477	0	article	True	Single-cell and spatial transcriptomics	True	False	False
Abstract A028: Multiomic modelling of pancreatic IPMN stroma reveals distinct tertiary lymphoid structure distribution: Mapping the transcriptomic landscape via regional bulk, single-cell and subcellular approaches	2024-01-16	Andrew J. Cameron, Assya Legrini, Colin S. Wood, Craig Nourse, Yoana Doncheva, Claire Kennedy Dietrich, Colin Nixon, Jennifer Hay, Fraser R. Duthie, Pawel Herzyk, Jennifer P. Morton, Nigel B. Jamieson	Cancer Research UK, University of Glasgow	Cancer Research	https://doi.org/10.1158/1538-7445.panca2023-a028	0	article	False	Pancreatic and Hepatic Oncology Research	False	True	False
Spatial single-cell proteomics (64-plex) of colonic mucosal tissue of CD patients in remission and non-IBD controls	2026-01-01	Annika Raschdorf, Larissa Nogueira de Almeida, Philipp Solbach, Martha M. Kirstein, Jens U Marquardt, Franziska Schmelter, Ulrich L Günther, Heidi Schlichting, Maren Hicken, Lea Christiansen, Miriam Wiestler, Hauke Christian Tews, Dominik Bettenworth, OUTLIVE-CRC consortium, Matthias Peipp, Thomas Valerius, Mohab Ragab, Thorben Sauer, Timo Gemoll, Marc Ehlers, Philip Rosenstiel, Rudolf A Manz, Axel Künstner, Hauke Busch, Christian Sina, Stefanie Derer		Figshare	https://doi.org/10.6084/m9.figshare.31057111.v1	0	dataset	True	Unknown	True	False	False
Spatially Resolved Transcriptomics Deconvolutes Prognostic Histological Subgroups in Patients with Colorectal Cancer and Synchronous Liver Metastases	2023-01-10	Colin S. Wood		Zenodo (CERN European Organization for Nuclear Research)	https://doi.org/10.5281/zenodo.7520788	0	dataset	True	Cancer Genomics and Diagnostics	False	True	False
Supplementary Figures S10-S15 from Ultra High-plex Spatial Proteogenomic Investigation of Giant Cell Glioblastoma Multiforme Immune Infiltrates Reveals Distinct Protein and RNA Expression Profiles	2023-05-03	Shilah A. Bonnett, Alyssa Rosenbloom, Giang T. Ong, Mark Conner, Aric B.E. Rininger, Daniel Newhouse, Felicia New, Chi Q. Phan, Saskia Ilcisin, Hiromi Sato, John S. Lyssand, Gary Geiss, Joseph Beechem		Unknown Journal	https://doi.org/10.1158/2767-9764.22744288	0	preprint	True	Advanced Proteomics Techniques and Applications	False	True	False
Supplementary Figure S2 from Surgical and Blood-Based Minimal Residual Disease in Patients with Ovarian Cancer after First-line Therapy: Clinical Outcomes and Translational Opportunities	2025-10-01	Anne Knisely, Yibo Dai, Graham L. Barlow, Sanghoon Lee, Barrett C. Lawson, Helen Clark, Bryan Fellman, Ying Yuan, Wei Lü, Idania Carolina Lubo Julio, Rossana N. Lazcano, Manoj Chelvanambi, Brenda Melendez, Bharat Singh, Bhavana Singh, Khalida Wani, Jianfeng Chen, Chih‐Chen Yeh, Jianjun Gao, Sean Barnes, Ou Shi, Khaja Khan, Alejandra G. Serrano, Lorena I. Gomez-Bolanos, Carly Bess Scalise, Samantha K. Cheung, Punashi Dutta, Sharlene Velichko, Adam C. ElNaggar, Minetta C. Liu, Roni Nitecki Wilke, Jeffrey How, Lois M. Ramondetta, David M. Boruta, Gwyn Richardson, Aaron Shafer, Shannon N. Westin, Travis T. Sims, Anil K. Sood, Pedro T. Ramirez, Alexander J. Lazar, Pamela T. Soliman, Karen H. Lu, Cara Haymaker, Luisa M. Solis Soto, Jennifer A. Wargo, Rachel N. Grisham, Kai W. Wucherpfennig, Linghua Wang, Amir A. Jazaeri		Unknown Journal	https://doi.org/10.1158/1078-0432.30255613	0	article	True	Ovarian cancer diagnosis and treatment	False	True	False
Applying Digital Spatial Profiling of the Transcriptome to Elucidate Disease Mechanisms of Psychosis in Alzheimer’s disease	2024-12-01	Jacob Thomas‐Hegarty, Katie Lunnon, Ehsan Pishva, Adam R. Smith, Luke Weymouth, Michael Eyres, Lucy R. Frost, Gayle Marshall, Eleanor Platt, Byron Creese	Medicines Discovery Catapult, University of Exeter, Brunel University of London, Maastricht University	Alzheimer s & Dementia	https://doi.org/10.1002/alz.086517	0	article	True	Health, Environment, Cognitive Aging	False	False	False
<i>Spatial Characterization of Molecular Pathways Suggests the Dysregulation of LGR5 Expressing Fibroblasts in Patients with sclerodermatous Chronic Graft-Vs-Host Disease</i>	2024-11-05	Marjia Afrin, Sahar Nasr, Cristabelle De Souza, Brooke E. Howitt, Antonia M.S. Mueller, Sally Arai, Judith A. Shizuru, Gerlinde Wernig	Stanford Health Care, Stanford University, Vienna General Hospital	Blood	https://doi.org/10.1182/blood-2024-211863	0	article	True	Systemic Sclerosis and Related Diseases	True	False	False
Spatially Resolved Transcriptomics Deconvolutes Prognostic Histological Subgroups in Patients with Colorectal Cancer and Synchronous Liver Metastases	2023-01-10	Colin S. Wood		Unknown Journal	https://doi.org/10.5281/zenodo.7528273	0	dataset	True	Cancer Genomics and Diagnostics	False	True	False
Supplementary Figures S10-S15 from Ultra High-Plex Spatial Proteogenomic Investigation of Giant Cell Glioblastoma Multiforme Immune Infiltrates Reveals Distinct Protein and RNA Expression Profiles	2023-04-06	Shilah A. Bonnett, Alyssa Rosenbloom, Giang T. Ong, Mark Conner, Aric B.E. Rininger, Daniel Newhouse, Felicia New, Chi Q. Phan, Saskia Ilcisin, Hiromi Sato, John S. Lyssand, Gary Geiss, Joseph Beechem		Unknown Journal	https://doi.org/10.1158/2767-9764.22568010	0	preprint	True	Advanced Proteomics Techniques and Applications	False	True	False
Dual Platform Spatial Transcriptomics Reveals Metagenes associated With Vulnerable Parvalbumin Interneurons in Female 5xFAD Mice.	2025-01-01	Seo, Heewon		Zenodo (CERN European Organization for Nuclear Research)	https://doi.org/10.5281/zenodo.17834663	0	other	True	Unknown	False	True	False
3082P Defining molecular correlates of response using spatial transcriptomics in the SOGUG-AUREA trial	2025-09-01	P. Álvarez Ballesteros, I. García-Carbonero, Emilio Esteban, A. Pinto Marin, David Lorente, Alfonso Gómez de Liaño, E. Martínez Ortega, L. Jimenez Colomo, J. Puente, Ignacio Sancho, O. Fernández Calvo, Geòrgia Anguera, Isabel Mendizabal, E. Navarro, J.J. Delgado Domínguez, Jorge Esteban-Villarrubia, Enrique González‐Billalabeitia, G.A. De Velasco Oria	Hospital Son Llatzer, Institut Català d'Oncologia, CIC bioGUNE, Hospital Universitario 12 De Octubre, Hospital Universitario La Paz, Research Institute Hospital 12 de Octubre, Hospital de Sant Pau, Hospital Virgen de la Salud, Complexo Hospitalario Universitario A Coruña, Hospital Universitario Central de Asturias, Complejo Hospitalario de Ourense, Hospital Universitario Insular de Gran Canaria, Hospital Clínico San Carlos, Fundación Instituto Valenciano de Oncología, Complejo Hospitalario de Jaén	Annals of Oncology	https://doi.org/10.1016/j.annonc.2025.08.3696	0	article	False	Unknown	False	False	False
Spatial transcriptomic analysis of the human retina reveals long-term molecular alterations following COVID‑19	2026-01-20	Jidigam Vijay	Cleveland Clinic Lerner College of Medicine, Cleveland Clinic	Zenodo (CERN European Organization for Nuclear Research)	https://doi.org/10.5281/zenodo.18319341	0	other	True	Unknown	False	True	False
Spatial transcriptomic analysis of the human retina reveals long-term molecular alterations following COVID‑19	2026-01-20	Jidigam Vijay	Cleveland Clinic Lerner College of Medicine, Cleveland Clinic	Zenodo (CERN European Organization for Nuclear Research)	https://doi.org/10.5281/zenodo.18319342	0	other	True	Unknown	False	True	False
Integrative molecular risk assessment of pre-malignant lesions on clinical resection samples for pancreatic neoplasia	2024-01-01	Matthäus Felsenstein, Cancan Jin, Thomas Malinka, J. Pratschke	Charité - Universitätsmedizin Berlin	HPB	https://doi.org/10.1016/j.hpb.2024.03.588	0	article	True	Cancer Genomics and Diagnostics	False	False	False
TNF⍺-mediated myeloid-instructed CD14+CD4+ T cells within the tumor microenvironment are associated with poor survival in non-small cell lung cancer.	2025-11-05	MARCEAUX, Claire	Walter and Eliza Hall Institute of Medical Research	Zenodo (CERN European Organization for Nuclear Research)	https://doi.org/10.5281/zenodo.17480094	0	article	True	Cancer Immunotherapy and Biomarkers	False	True	False
Abstract 4213: Multiplex digital spatial profiling of proteins and RNA in MC38 mouse colorectal cancer syngeneic model	2024-03-22	Meihui Chen, Hengyuan Liu, Xiaolong Tu, Sheng Guo, Xiaobo Chen	Crown Bioscience (China)	Cancer Research	https://doi.org/10.1158/1538-7445.am2024-4213	0	article	False	Molecular Biology Techniques and Applications	False	True	False
TissueViewer: A Web-Based Multiplexed Image Viewer	2024-06-27	David G.P. van IJzendoorn, Magdalena Matusiak, Robert B. West, Matt van de Rijn	Stanford University	Unknown Journal	https://doi.org/10.1101/2024.06.21.600100	0	preprint	True	AI in cancer detection	True	False	False
RNA2seg: a generalist model for cell segmentation in image-based spatial transcriptomics	2026-01-30	Thomas Defard, Alice Blondel, Sebastien Bellow, Anthony Coléon, Guilherme Dias De Melo, Florian Mueller, Thomas Walter	Institut Curie, Institut Pasteur, Université Paris Sciences et Lettres, Inserm, Université Paris Cité, École Nationale Supérieure des Mines de Paris	Genome biology	https://doi.org/10.1186/s13059-025-03908-9	0	article	True	Single-cell and spatial transcriptomics	True	False	False
Dual Platform Spatial Transcriptomics Reveals Metagenes associated With Vulnerable Parvalbumin Interneurons in Female 5xFAD Mice.	2025-01-01	Seo, Heewon		Zenodo (CERN European Organization for Nuclear Research)	https://doi.org/10.5281/zenodo.17834664	0	other	True	Unknown	False	True	False
Integrated Spatial and Single Cellular Profiling in Human IgAN Kidney Biopsies Reveals Novel Cellular Cross-Talk and Stratified Gene Modules of Disease	2025-10-01	Jessica D. Kepple, Rui Qi, Joanna Hester, Fadi Issa, Thomas M. Connor, Matthew O. Brook, Katherine R. Bull	University of Oxford	Journal of the American Society of Nephrology	https://doi.org/10.1681/asn.2025304na5kt	0	article	False	Monoclonal and Polyclonal Antibodies Research	False	True	False
Spatial single-cell proteomics (64-plex) of colonic mucosal tissue of CD patients in remission and non-IBD controls	2026-01-01	Annika Raschdorf, Larissa Nogueira de Almeida, Philipp Solbach, Martha M. Kirstein, Jens U Marquardt, Franziska Schmelter, Ulrich L Günther, Heidi Schlichting, Maren Hicken, Lea Christiansen, Miriam Wiestler, Hauke Christian Tews, Dominik Bettenworth, OUTLIVE-CRC consortium, Matthias Peipp, Thomas Valerius, Mohab Ragab, Thorben Sauer, Timo Gemoll, Marc Ehlers, Philip Rosenstiel, Rudolf A Manz, Axel Künstner, Hauke Busch, Christian Sina, Stefanie Derer		Figshare	https://doi.org/10.6084/m9.figshare.31057111	0	dataset	True	Unknown	True	False	False
Abstract 3652: Spatial transcriptomic study of the tumor microenvironment in HNSCC	2024-03-22	Caitlin Schroyer, Shanshan Zhou	LabCorp (United States)	Cancer Research	https://doi.org/10.1158/1538-7445.am2024-3652	0	article	False	Radiomics and Machine Learning in Medical Imaging	False	True	False
Statistical and computational methods for enabling the clinical and translational application of spatial transcriptomics	2024-12-01	Peijun Wu, Xiang Zhou	University of Michigan–Ann Arbor	Clinical and Translational Medicine	https://doi.org/10.1002/ctm2.70119	2	article	True	Single-cell and spatial transcriptomics	True	False	False
Performance evaluation of PaaSc on spatial transcriptomics data from human lung cancer.	2025-11-10	Xiqi Liao (22593395), Yuyang Hong (22593398), Yan Feng (128912), Henghui Li (547700), Hai Fang (160549), Jiantao Shi (70432)		Figshare	https://doi.org/10.1371/journal.pcbi.1013666.g009	0	other	True	Unknown	True	False	False
Digital spatial profiling for pathologists	2024-11-05	Benedetta Donati, Gloria Manzotti, Federica Torricelli, Cristian Ascione, Riccardo Valli, Giacomo Santandrea, Moira Ragazzi, Eleonora Zanetti, Alessia Ciarrocchi, Simonetta Piana	University of Modena and Reggio Emilia, Azienda Ospedaliera S.Maria, Azienda Sanitaria Unità Locale di Reggio Emilia, Ospedale Santa Maria	Archiv für Pathologische Anatomie und Physiologie und für Klinische Medicin	https://doi.org/10.1007/s00428-024-03955-w	0	article	False	AI in cancer detection	False	False	False
Abstract 1880: Advancing spatial discovery multiomics: Integration of a novel 1,000+ plex discovery proteome atlas with an 18,000+ plex whole transcriptome atlas for same-slide investigation of multiple cancer pathologies	2025-04-21	Ashley Heck, Hiromi Sato, Christine Kang, Brian Filanoski, Lori Hamanashi, Giang T. Ong, Terence C. Theisen, Erin Piazza, Kyla Teplitz, Margaret L. Hoang, Michael D. Rhodes, Joseph Beechem	Bruker (United States)	Cancer Research	https://doi.org/10.1158/1538-7445.am2025-1880	0	article	False	Advanced Biosensing Techniques and Applications	False	True	False
Supplementary Tables S1-S6 from Ultra High-Plex Spatial Proteogenomic Investigation of Giant Cell Glioblastoma Multiforme Immune Infiltrates Reveals Distinct Protein and RNA Expression Profiles	2023-04-06	Shilah A. Bonnett, Alyssa Rosenbloom, Giang T. Ong, Mark Conner, Aric B.E. Rininger, Daniel Newhouse, Felicia New, Chi Q. Phan, Saskia Ilcisin, Hiromi Sato, John S. Lyssand, Gary Geiss, Joseph Beechem		Unknown Journal	https://doi.org/10.1158/2767-9764.22567995.v1	0	supplementary-materials	True	Cell Image Analysis Techniques	False	True	False
772P Discovery and exploration of a live bacterial consortium as co-therapy to enhance immune checkpoint inhibitor response in melanoma patients	2022-09-01	Mat Robinson, Kévin Vervier, Simon R. Harris, Amy L. Popple, D. Klisko, Robyne Hudson, Ghaith Bakdash, C Villemin, Catherine Booth, David J. Adams, Sarah J. Welsh, Pippa Corrie, Trevor D. Lawley	Wellcome Sanger Institute, PhotoBiotics (United Kingdom), Addenbrooke's Hospital, Bioinformatics Institute, Center for Translational Molecular Medicine, University Medical Center Utrecht, Cambridge University Hospitals NHS Foundation Trust, Cancer Genomics Centre	Annals of Oncology	https://doi.org/10.1016/j.annonc.2022.07.898	0	article	True	Cancer Research and Treatments	False	False	False
Supplementary Tables S1-S6 from Ultra High-plex Spatial Proteogenomic Investigation of Giant Cell Glioblastoma Multiforme Immune Infiltrates Reveals Distinct Protein and RNA Expression Profiles	2023-05-03	Shilah A. Bonnett, Alyssa Rosenbloom, Giang T. Ong, Mark Conner, Aric B.E. Rininger, Daniel Newhouse, Felicia New, Chi Q. Phan, Saskia Ilcisin, Hiromi Sato, John S. Lyssand, Gary Geiss, Joseph Beechem		Unknown Journal	https://doi.org/10.1158/2767-9764.22744276	0	supplementary-materials	True	Cell Image Analysis Techniques	False	True	False
Multi-omic spatial profiling of nasal polyps identifies multiple immune-epithelial cell-ligand receptor interactions 4292	2025-11-01	Nicholas P. West, Sarah Williams, Oliver Braubach, Matthew H. Ingalls, Dyana Sanchez, James L. Sinclair, Peter Smith, Peter Howarth, Raquel Alvarado, Peter Earls, Richard J. Harvey, Amanda J. Cox	St Vincent’s Private Hospital Sydney, St Vincent's Hospital Sydney, UNSW Sydney, Griffith University, Bruker (United States), Bruker (Switzerland)	The Journal of Immunology	https://doi.org/10.1093/jimmun/vkaf283.1992	0	article	True	Unknown	True	False	False
Supplementary Tables S1-S6 from Ultra High-plex Spatial Proteogenomic Investigation of Giant Cell Glioblastoma Multiforme Immune Infiltrates Reveals Distinct Protein and RNA Expression Profiles	2023-05-03	Shilah A. Bonnett, Alyssa Rosenbloom, Giang T. Ong, Mark Conner, Aric B.E. Rininger, Daniel Newhouse, Felicia New, Chi Q. Phan, Saskia Ilcisin, Hiromi Sato, John S. Lyssand, Gary Geiss, Joseph Beechem		Unknown Journal	https://doi.org/10.1158/2767-9764.22744276.v1	0	supplementary-materials	True	Cell Image Analysis Techniques	False	True	False
Resolving tissue-level proteomic complexity in cutaneous squamous cell carcinoma (cSCC) with ultra high-plex spatial profiling	2025-12-10	Rahul Ladwa, Meg L. Donovan, Naomi Berrell, Kidane Siele Embaye, Tony Blick, Alexa E Lasley, Margaret L. Hoang, Terence C. Theisen, Joseph Beechem, Chin Wee Tan, Arutha Kulasinghe	University of Queensland, Walter and Eliza Hall Institute of Medical Research, Bruker (Switzerland)	Unknown Journal	https://doi.org/10.21203/rs.3.rs-8245885/v1	0	preprint	True	Unknown	False	True	False
Spatial Molecular Plasticity Underpins Lethal Morphologies in Lung Adenocarcinoma.	2026-01-09	Hannah L. Williams, Nicolas Poulain, Ian Powley, Silvia Martinelli, Robert Bielik, Holly Leslie, Colin Nixon, Claire R Wilson, Marco Sereno, Zhangyi He, Leah Officer-Jones, Fiona Ballantyne, Rachel Pennie, Colin S. Wood, David Y. Lewis, Nigel B Jamieson, John Le Quesne		Open Access CRIS of the University of Bern	https://doi.org/10.48620/93798	0	article	True	Radiomics and Machine Learning in Medical Imaging	False	True	False
Differential analysis of complex immune biology in MSI and MSS colorectal tumor microenvironments using high-plex spatial resolution	2019-03-01	Douglas Hinerfeld, Kit Fuhrman, S. Church, Daniel R. Zollinger, Jason Reeves, Christina E. Bailey, Sarah Warren	Nanostring Technologies (United States)	European Journal of Cancer	https://doi.org/10.1016/j.ejca.2019.01.083	0	article	False	Radiomics and Machine Learning in Medical Imaging	False	False	False
Abstract 2067: Single-cell spatial whole transcriptome reveals tumor heterogeneity and stromal dynamics in invasive ductal carcinoma of the breast	2025-04-21	Liang Zhang, Shanshan He, Michael Patrick, S. Rogers, Haiyan Zhai, John S. Lyssand, Michael Rhodes, Joseph Beechem	Bruker (United States)	Cancer Research	https://doi.org/10.1158/1538-7445.am2025-2067	0	article	False	Cancer Cells and Metastasis	True	False	False
Spatial Molecular Plasticity Underpins Lethal Morphologies in Lung Adenocarcinoma	2026-01-09	Hannah L. Williams, Nicolas Poulain, Ian Powley, Silvia Martinelli, Robert Bielik, Holly Leslie, Colin Nixon, Marco Sereno, Marco Sereno, Zhangyi He, Leah Officer-Jones, Daniel J. Murphy, Rachel Pennie, Colin S. Wood, D. J. Lewis, N. Jamieson, J. Le Quesne	Queen Elizabeth University Hospital, University of Leicester, Cancer Research UK, Leicester Royal Infirmary, Cancer Research UK Scotland Institute, University of Glasgow, NIHR Leicester Biomedical Research Centre	Modern Pathology	https://doi.org/10.1016/j.modpat.2026.100960	0	article	True	Microtubule and mitosis dynamics	False	True	False
Characteristics associated with spatially resolved immune landscapes in triple-negative breast cancer in the FinXX trial and Mayo Clinic cohort.	2023-06-01	Saranya Chumsri, Jodi M. Carter, Yaohua Ma, Douglas Hinerfeld, Heather Ann Brauer, Sarah Warren, Heikki Joensuu, Edith A. Perez, Roberto A. Leon‐Ferre, David M. Zahrieh, David W. Hillman, Judy C. Boughey, James N. Ingle, Krishna R. Kalari, Fergus J. Couch, Matthew P. Goetz, Keith L. Knutson, E. Aubrey Thompson	Helsinki University Hospital, Mayo Clinic in Florida, Mayo Clinic in Arizona, WinnMed, Nanostring Technologies (United States), Mayo Clinic, Jacksonville College, University of Alberta	Journal of Clinical Oncology	https://doi.org/10.1200/jco.2023.41.16_suppl.581	0	article	False	Cancer Immunotherapy and Biomarkers	True	False	False
Performance Analysis of Geom X /G/1 Queue with Exhaustive Service Rule and Multiple Vacations	2009-01-01	Zhanyou Ma, Wuyi Yue, Naishuo Tian		Unknown Journal		0	article	False	Advanced Queuing Theory Analysis	False	True	False
Effects of immune architecture on response to adjuvant capecitabine in triple negative breast cancer (FinXX trial)	2019-11-01	Douglas Hinerfeld, Saranya Chumsri, Karama Asleh, Heather Ann Brauer, Jennifer M. Kachergus, Susanna Lauttia, Henrik Lindman, Torsten O. Nielsen, Heikki Joensuu, A. Thompson	Helsinki University Hospital, Mayo Clinic in Florida, Uppsala University, WinnMed, Nanostring Technologies (United States), University of British Columbia, Jacksonville College	Annals of Oncology	https://doi.org/10.1093/annonc/mdz417	0	article	True	Cancer Immunotherapy and Biomarkers	False	False	False
Abstract 6466: Discovery Proteome and Whole Transcriptome Atlas analysis of skin cancer reveals biomarkers associated with immunotherapy response and resistance	2025-04-21	Arutha Kulasinghe, Christine Kang, Hiromi Sato, Brian Filanoski, Lori Hamanishi, Ashley Heck, Margaret L. Hoang, Alyssa Rosenbloom, Michael D. Rhodes, Joseph Beechem	University of Queensland	Cancer Research	https://doi.org/10.1158/1538-7445.am2025-6466	0	article	False	Immunotherapy and Immune Responses	False	True	False
056 Highly Multiplexed Digital Spatial Profiling of Resolved Psoriasis Skin From Dead Sea Climatotherapy or Secukinumab Treated Patients	2022-11-18	T. Emmanuel, T. Litman, B. Ignatov, T. Bertelsen, T. Steiniche, D. Lybæk, A. Bregnhøj, L. Eidsmo, L. Iversen, Claus Johansen	Karolinska University Hospital, University of Copenhagen, LEO Foundation, Aarhus University Hospital	Journal of Investigative Dermatology	https://doi.org/10.1016/j.jid.2022.09.065	0	article	True	Psoriasis: Treatment and Pathogenesis	False	False	False
Abstract 1364: Spatially resolved T-cell receptor profiling elucidates relationships between TCR diversity, immune infiltration, and cancer-associated pathways	2022-06-15	Michelle Kriner, Katrina van Raay, Jason Reeves, Kit Fuhrman, Andrew Klock, Alecksandr Kutchma, Erin Piazza, Joseph Beechem	Nanostring Technologies (United States)	Cancer Research	https://doi.org/10.1158/1538-7445.am2022-1364	0	article	False	Single-cell and spatial transcriptomics	False	True	False
Digital spatial profiling of advanced solid tumors and lymphomas from a phase 1 trial of copanlisib and nivolumab.	2025-05-28	Sayak Ghatak, Lindsay Dutko, Katharina Paulus, Mary Jane Ong, Peter Wu, Christina Rosenberger, Li Chen, Parimal Kumar, Biswajit Das, Geraldine O’Sullivan Coyne, Barry C. Johnson, Jibran Ahmed, Alice P. Chen, Chris Karlovich	Leidos Biomedical Research Inc. (United States), National Institutes of Health, National Cancer Institute, Frederick National Laboratory for Cancer Research, Leidos (United States)	Journal of Clinical Oncology	https://doi.org/10.1200/jco.2025.43.16_suppl.3127	0	article	False	Radiomics and Machine Learning in Medical Imaging	False	True	False
207 The spatially-resolved proteomic atlas of the tumor immune architecture of HER2-positive breast cancer and response to neoadjuvant anti-HER2 therapy-based chemotherapy	2023-10-31	Saranya Chumsri, Jennifer M. Kachergus, Ji Shi, Yi Liu, Yaohua Ma, Alyssa Rosenbloom, Shilah A. Bonnett, Mark Conner, Erin Piazza, Brian Filanoski, Rhonda Meredith, Christine Kang, Lesley Isgur, Margaret L. Hoang, Gary Geiss, Joseph Beechem, E. Aubrey Thompson	WinnMed, Mayo Clinic in Florida, Nanostring Technologies (United States)	Regular and Young Investigator Award Abstracts	https://doi.org/10.1136/jitc-2023-sitc2023.0207	0	article	True	Advanced Biosensing Techniques and Applications	False	True	False
Supplementary Tables S1-S6 from Ultra High-Plex Spatial Proteogenomic Investigation of Giant Cell Glioblastoma Multiforme Immune Infiltrates Reveals Distinct Protein and RNA Expression Profiles	2023-04-06	Shilah A. Bonnett, Alyssa Rosenbloom, Giang T. Ong, Mark Conner, Aric B.E. Rininger, Daniel Newhouse, Felicia New, Chi Q. Phan, Saskia Ilcisin, Hiromi Sato, John S. Lyssand, Gary Geiss, Joseph Beechem		Unknown Journal	https://doi.org/10.1158/2767-9764.22567995	0	supplementary-materials	True	Cell Image Analysis Techniques	False	True	False
Complete single nucleus and spatial gene expression dataset	2026-01-01	Vignesh Shanmugam, Naeem Nadaf, Sean Sullivan, Irving A. Barrera-Lopez		Figshare	https://doi.org/10.6084/m9.figshare.28220345.v1	0	dataset	True	Unknown	True	False	False
Figure 2 from &lt;i&gt;In Situ&lt;/i&gt; Proinflammatory Effects of Dazostinag Alone or with Chemotherapy on the Tumor Microenvironment of Patients with Head and Neck Squamous Cell Carcinoma	2025-07-30	Richard C. Gregory, Neil Lineberry, Alexander Parent, Karthik Rajasekaran, Thomas J. Ow, Cherie‐Ann O. Nathan, Beryl A. Hatton, Wendy Jenkins, Marc Grenley, Connor Burns, Angela Merrell, Jason P. Frazier, Jonathan M.J. Derry, Emily Beirne, Richard A. Klinghoffer		Unknown Journal	https://doi.org/10.1158/2767-9764.29672776	0	preprint	True	Immune cells in cancer	True	False	False
Distinct immune microenvironments in ovarian cancer subtypes indicate potential for immunotherapies	2026-02-21	Asger Meldgaard Frank, Elias Carlsson, Huaqiang Ouyang, Lina Olsson, Constantina Claudia Mateoiu, Sara Ek, Karin Sundfeldt, Anna Sandström Gerdtsson	Medicon Village, Tianjin Medical University Cancer Institute and Hospital, University of Gothenburg, Sahlgrenska University Hospital	Journal of Translational Medicine	https://doi.org/10.1186/s12967-026-07879-8	0	article	True	Cancer Immunotherapy and Biomarkers	False	False	False
Abstract 1283: Digital spatial profiling of metastatic brain tumors reveals association of the tumor microbiome with immune alterations in the tumor microenvironment	2024-03-22	Golnaz Morad, Ashish Damania, Brenda Melendez, Matthew C. Wong, Pranoti Sahasrabhojane, Sarah B. Johnson, Manoj Chelvanambi, Florentia Dimitriou, Jillian Losh, Nadim J. Ajami, Sherise D. Ferguson, Jennifer A. Wargo	The University of Texas MD Anderson Cancer Center	Cancer Research	https://doi.org/10.1158/1538-7445.am2024-1283	0	article	False	Radiomics and Machine Learning in Medical Imaging	False	False	False
Spatial transcriptomics identifies the specific signature of myofibroblasts within fibroblastic foci	2025-09-27	Avraham Unterman, Ophir Freund, Doron Cohn‐Schwartz, Sarah Borsekofsky, Liran Levy, Amir Bar‐Shai, Naftali Kaminski, Yan Stein	Sheba Medical Center, University of New Haven, Tel Aviv University, Yale University, Tel Aviv Sourasky Medical Center	Unknown Journal	https://doi.org/10.1183/13993003.congress-2025.pa853	0	article	False	Unknown	False	True	False
Abstract 499: Spatial RNA sequencing supports programmed death ligand 2 (PD-L2) as a potential immunotherapy target in high grade serous ovarian carcinoma (HGSOC)	2025-04-21	Elise Yates, Cailin O’Connell, Zheng Yin, Hong Zhao, Aparna A. Kamat, Biana Godin	Texas A&M University, Methodist Hospital	Cancer Research	https://doi.org/10.1158/1538-7445.am2025-499	0	article	False	Cancer Research and Treatments	False	True	False
Spatially resolved transcriptomics deconvolutes histological prognostic subgroups in patients with colorectal cancer and synchronous liver metastases.	2022-01-19	Colin S. Wood, Holly Leslie, Assya Legrini, Lydia Melissourgou-Syka, Kathryn A.F. Pennel, Joanne Edwards, Colin W. Steele, Nigel B. Jamieson	University of Glasgow, Glasgow Royal Infirmary	Journal of Clinical Oncology	https://doi.org/10.1200/jco.2022.40.4_suppl.165	0	article	False	Ferroptosis and cancer prognosis	False	True	False
Dynamic profiling in patients with metastatic clear cell renal cell carcinoma (mRCC) undergoing first-line treatment with cabozantinib: A sub-exploratory analysis from CABOPRE trial.	2024-01-29	Pablo Álvarez, Marta Dueñas, Teresa Alonso Gordoa, Juan Francisco Rodríguez-Moreno, Alberto Carretero-González, Álvaro Ruiz‐Granados, Maria Cruz Martin Soberón, Marta Sotelo, Jorge Esteban-Villarrubia, Jesús M. Paramio, Daniel Castellano, Guillermo de Velasco	Marqués de Valdecilla University Hospital, HM Hospitales, Hospital Universitario 12 De Octubre, Research Institute Hospital 12 de Octubre, Hospital Universitario Ramón y Cajal, Hospital Universitario Infanta Leonor	Journal of Clinical Oncology	https://doi.org/10.1200/jco.2024.42.4_suppl.474	0	article	False	Cancer Genomics and Diagnostics	False	True	False
1276 Spatial mapping of intra-tumoral bacterial signal in primary and metastatic brain tumors	2024-11-01	Golnaz Morad, Ashish Damania, Brenda Melendez, Bharat Singh, Matthew C. Wong, Pranoti Sahasrabhojane, Yasmine Hoballah, Fabiana J. Veguilla, Sarah B. Johnson, Mahesh Prasad Bekal, Antonio Dono, P. Rojas, Jillian Losh, Nitin Tandon, Yael Levy, Susan Bullman, Nadim J. Ajami, Sherise D. Ferguson, Jennifer A. Wargo	The University of Texas Health Science Center at Houston, The University of Texas MD Anderson Cancer Center	Regular and Young Investigator Award Abstracts	https://doi.org/10.1136/jitc-2024-sitc2024.1276	0	article	True	Cancer Research and Treatments	False	False	False
Figure 1 from Spatial Multiomics Reveals Intratumoral Immune Heterogeneity with Distinct Cytokine Networks in Lung Cancer Brain Metastases	2024-11-06	Gustav Christensson, Matteo Bocci, Julhash U. Kazi, Geoffroy Durand, Gustav Lanzing, Kristian Pietras, Hugo González Velozo, Catharina Hagerling		Unknown Journal	https://doi.org/10.1158/2767-9764.27619550	0	preprint	True	Cancer Immunotherapy and Biomarkers	False	True	False
Computational Pathology Fusing Spatial Technologies	2023-03-13	Samuel Border, Nicholas Lucarelli, Michael T. Eadon, Tarek M. El‐Achkar, Sanjay Jain, Pinaki Sarder	Washington University in St. Louis, University of Florida, Indiana University – Purdue University Indianapolis, Indiana University School of Medicine, Florida College	Clinical Journal of the American Society of Nephrology	https://doi.org/10.2215/cjn.0000000000000146	1	article	True	Single-cell and spatial transcriptomics	False	False	False
Spatial Transcriptomics Reveals a Significant Overlap Between Early-stage Familial Pulmonary Fibrosis and Idiopathic Pulmonary Fibrosis	2025-05-01	A.R. Waich, J.D. Cala Garcia, Scott A. Ochsner, F. Poli, R.E. Cardenas Castillo, Jairo Zuluaga, B.J. Moss, Julian A. Villalba, Cristian Coarfa, Neil J. McKenna, Bernadette R. Gochuico, I.O. Rosas	National Institutes of Health, Baylor College of Medicine, Emory University	American Journal of Respiratory and Critical Care Medicine	https://doi.org/10.1164/ajrccm.2025.211.abstracts.a5274	0	article	False	Interstitial Lung Diseases and Idiopathic Pulmonary Fibrosis	False	True	False
Figure 4 from &lt;i&gt;In Situ&lt;/i&gt; Proinflammatory Effects of Dazostinag Alone or with Chemotherapy on the Tumor Microenvironment of Patients with Head and Neck Squamous Cell Carcinoma	2025-07-30	Richard C. Gregory, Neil Lineberry, Alexander Parent, Karthik Rajasekaran, Thomas J. Ow, Cherie‐Ann O. Nathan, Beryl A. Hatton, Wendy Jenkins, Marc Grenley, Connor Burns, Angela Merrell, Jason P. Frazier, Jonathan M.J. Derry, Emily Beirne, Richard A. Klinghoffer		Unknown Journal	https://doi.org/10.1158/2767-9764.29672770	0	preprint	True	Chemokine receptors and signaling	True	False	False
222-E Integrative spatial multi-omics analysis of NSCLC tumor microenvironment identifies key features associated with response to immune checkpoint inhibitor therapy	2023-10-31	Steve Hamel, Marie Cumberbatch, Alexandro E. Trevino, Ying Qu, Milan Bhagat, Meredith Manuel, Aaron T. Mayer	Enable Biosciences (United States), Menlo School, Insight Healthcare	Unknown Journal	https://doi.org/10.1136/jitc-2023-sitc2023.0222-e	0	article	True	Cancer Genomics and Diagnostics	False	True	False
207 Spatial transcriptomic profiling non-small cell lung cancer reveals potential drivers of CTL exclusion and dysfunction, and identifies novel predictive biomarkers for checkpoint blockade therapy	2024-11-01	Christina Cho, Francesc López‐Giráldez, Baozhu Huang, Jianwei He, Gavitt A. Woodard, Tayf Badri, Michal Kidacki, Matthew D. Vesely, Guilin Wang, Gillian Ofori-Ntiamoah, Evelyn Ng, Lieping Chen	Bristol-Myers Squibb (United States), Yale University	Regular and Young Investigator Award Abstracts	https://doi.org/10.1136/jitc-2024-sitc2024.0207	0	article	True	Lung Cancer Treatments and Mutations	False	True	False
X-ray scattering factor of the inhomogeneous electron liquid in the ground state of the Ne atom: contribution of the exchange-correlation potential	2008-12-01	C. Van Alsenoy, N. H. March	Antwerp Management School, Science Oxford, University of Oxford, University of Antwerp	Physics and Chemistry of Liquids	https://doi.org/10.1080/00319100802239479	0	article	False	Advanced Chemical Physics Studies	False	False	False
Figure 6 from Spatial Multiomics Reveals Intratumoral Immune Heterogeneity with Distinct Cytokine Networks in Lung Cancer Brain Metastases	2024-11-06	Gustav Christensson, Matteo Bocci, Julhash U. Kazi, Geoffroy Durand, Gustav Lanzing, Kristian Pietras, Hugo González Velozo, Catharina Hagerling		Unknown Journal	https://doi.org/10.1158/2767-9764.27619535	0	preprint	True	Cancer Immunotherapy and Biomarkers	False	True	False
Late Breaking Abstract - PCLS as a human, in vitro IPF model – morphological and molecular insights	2025-09-27	Sebastian Scheer, Birger Tielemans, Janik Riese, Jana Dietrich, Saskia Von Stillfried Und Rattonitz, Ingo Krüger, K. A. Al‐Hussein, Christian Martin, Holger Schlüter, Lavinia Neubert, Christopher Werlein, Danny Jonigk, Mark Kühnel	RWTH Aachen University, Universitätsklinikum Aachen, Medizinische Hochschule Hannover, Luisenhospital Aachen, Boehringer Ingelheim (Germany)	Unknown Journal	https://doi.org/10.1183/13993003.congress-2025.pa1902	0	article	False	Unknown	False	True	False
Figure 6 from Biological Misinterpretation of Transcriptional Signatures in Tumor Samples Can Unknowingly Undermine Mechanistic Understanding and Faithful Alignment with Preclinical Data	2025-11-25	Natalie C. Fisher, Ryan M. Byrne, Holly Leslie, C. E. C. Wood, Assya Legrini, Andrew J. Cameron, Baharak Ahmaderaghi, Shania M. Corry, Sudhir B. Malla, Raheleh Amirkhah, Aoife J. McCooey, Emily Rogan, Keara L. Redmond, Svetlana Sakhnevych, Enric Domingo, James Jackson, Maurice B. Loughrey, Simon J. Leedham, Tim Maughan, Mark Lawler, Owen J. Sansom, Felicity Lamrock, Viktor H. Koelzer, Nigel B. Jamieson, Philip D. Dunne		Unknown Journal	https://doi.org/10.1158/1078-0432.30705527	0	article	True	Unknown	False	True	False
Complete single nucleus and spatial gene expression dataset	2026-01-01	Vignesh Shanmugam, Naeem Nadaf, Sean Sullivan, Irving A. Barrera-Lopez		Figshare	https://doi.org/10.6084/m9.figshare.28220345	0	dataset	True	Unknown	True	False	False
Abstract PS3-04-16: Decoding resistance to trastuzumab deruxtecan in metastatic breast cancer: S100P signaling and immune-niche barriers	2026-02-17	G. Das, S. Wang, C. Xue, Matthew Vasquez, W. Yang, L. Xiaoxian, H. Zhao, W. Dong, S. T. Wong	Emory University, Houston Methodist	Clinical Cancer Research	https://doi.org/10.1158/1557-3265.sabcs25-ps3-04-16	0	article	False	Advanced Breast Cancer Therapies	False	True	False
1247 Automating a spatial profiling workflow to explore the effects of hypoxia in the tumor microenvironment in head and neck cancer	2024-11-01	Kyla Teplitz, David S. Mason, James Mansfield, Kelly J. Hunter, Joana Campos, Jill Brooks	University of Birmingham, Nanostring Technologies (United States)	Regular and Young Investigator Award Abstracts	https://doi.org/10.1136/jitc-2024-sitc2024.1247	0	article	True	Cancer, Hypoxia, and Metabolism	False	True	False
Microarray Integrated Spatial Transcriptomics (MIST) for Affordable, Robust, and Comprehensive Digital Pathology	2024-06-03	Juwayria, Priyansh Shrivastava, Kaustar Yadav, Sourabh Das, Shubham Mittal, Sunil Kumar, Deepali Jain, Prabhat Singh Malik, Ishaan Gupta	All India Institute of Medical Sciences, Indian Institute of Technology Delhi	Unknown Journal	https://doi.org/10.1101/2024.05.31.596759	0	preprint	True	Single-cell and spatial transcriptomics	False	True	False
Supplementary omics materials_JinsenLu&amp;JamesEdwards_BP_study in STTT	2026-01-01	Jinsen Lu		Figshare	https://doi.org/10.6084/m9.figshare.31136839	0	dataset	True	Unknown	False	True	False
Ultra High‐Plex Spatial Proteogenomic Investigation of Giant Cell Glioblastoma Multiforme Immune Infiltrates Reveals Distinct Protein and RNA Expression Profiles	2023-12-01	Shilah A. Bonnett, Alyssa Rosenbloom, Giang T. Ong, Mark Conner, Daniel Newhouse, Felicia New, Hiromi Sato, Chi Q. Phan, Saskia Ilcisin, John S. Lyssand, Gary Geiss, Joseph Beechem	Nanostring Technologies (United States)	Alzheimer s & Dementia	https://doi.org/10.1002/alz.076769	0	article	True	Single-cell and spatial transcriptomics	False	True	False
Deciphering Microenvironmental Heterogeneity by Scalable Niche Guided Module Discovery	2025-08-25	Xun Lan, Chang Liu, Yuze Zhou, Longchen Xu, Xianan Qin, Tianhao Liu, Tian Chen, Jie Li	Tsinghua University	Unknown Journal	https://doi.org/10.21203/rs.3.rs-7243521/v1	0	preprint	True	Cell Image Analysis Techniques	True	False	False
RNA2seg: a generalist model for cell segmentation in image-based spatial transcriptomics	2025-03-11	Thomas Defard, Alice Blondel, Sebastien Bellow, Anthony Coléon, Guilherme Dias de Melo, Thomas Walter, Florian Mueller	Institut Curie, Institut Pasteur, École Nationale Supérieure des Mines de Nancy, Université Paris Sciences et Lettres, École Nationale Supérieure des Mines de Paris	Unknown Journal	https://doi.org/10.1101/2025.03.03.641259	0	preprint	True	Single-cell and spatial transcriptomics	True	False	False
0465 Spatial profiling identifies distinct patterns of immune modulation with dupilumab in the dermis and epidermis of atopic dermatitis patients with improved quality of life	2025-07-21	Nicholas P. West, Leigh Nattkemper, S. Williams, Amanda J. Cox, Jean Barcelon, J. Sinclair, Peter Smith, Konstantin Agelopoulos, S Staender, F. Whitte, Madison R. Mack, Jeffrey D. Zahn, A. Zhang, Gil Yosipovitch	University of Queensland, Augenstern, Inflammation Research Foundation, Griffith University, University Hospital Münster, Regeneron (United States), AVEO Oncology (United States), University of Miami	Journal of Investigative Dermatology	https://doi.org/10.1016/j.jid.2025.06.470	0	article	True	Dermatology and Skin Diseases	False	False	False
Raw filtered gene expression results from glomerulus of IgA nephropathy and healthy controls.	2023-01-01	Sehoon Park		Figshare	https://doi.org/10.6084/m9.figshare.24906435	0	dataset	True	Renal Diseases and Glomerulopathies	False	True	False
Data from Spatial Transcriptomics Advances the Use of Canine Patients in Cancer Research: Analysis of Osteosarcoma-Bearing Pet Dogs Enrolled in a Clinical Trial	2025-07-15	Jessica A. Beck, Anjali Garg, S. Church, Christina Mazcko, Amy K. LeBlanc		Unknown Journal	https://doi.org/10.1158/1078-0432.c.7928408	0	preprint	True	Veterinary Oncology Research	False	True	False
Tumor-specific MHC class II upregulation associated with response to anti-PD-L1 therapy in patients with urothelial cancer.	2024-06-01	İlayda Hasakioğulları, Mark Kockx, Bernadett Szabados, Matthew Young, Thomas Powles	Queen Mary University of London	Journal of Clinical Oncology	https://doi.org/10.1200/jco.2024.42.16_suppl.4584	0	article	False	Bladder and Urothelial Cancer Treatments	False	True	False
Resolving tissue-level proteomic complexity in cutaneous squamous cell carcinoma (cSCC) with ultra high-plex spatial profiling	2025-11-18	Kulasinghe, Arutha, Monkman, James, Donovan, Meg, Berrell, Naomi Louise, Embaye, Kidane Siele	University of Queensland	The University of Queensland	https://doi.org/10.48610/7078364	0	dataset	True	Unknown	False	False	False
Abstract 5505: Automating a spatial profiling workflow to explore the effects of hypoxia in the tumor microenvironment in head and neck cancer	2024-03-22	David S. Mason, Kyla Teplitz, James Mansfield, Kelly M. Hunter, Joana Campos, Jill Brooks	University of Birmingham, Nanostring Technologies (United States)	Cancer Research	https://doi.org/10.1158/1538-7445.am2024-5505	0	article	False	Cancer, Hypoxia, and Metabolism	False	True	False
Abstract 6245: Missed opportunity at the subcellular level: Enhancing the utility of cellular imaging modality in spatial transcriptomic profiling of tumor tissues	2024-03-22	Xiaofei Song, Xiaoqing Yu, Carlos Moran Segura, G. Daniel Grass, Roger Li, Xuefeng Wang	Moffitt Cancer Center	Cancer Research	https://doi.org/10.1158/1538-7445.am2024-6245	0	article	False	Molecular Biology Techniques and Applications	False	True	False
FIGURE 5 from Ultra High-plex Spatial Proteogenomic Investigation of Giant Cell Glioblastoma Multiforme Immune Infiltrates Reveals Distinct Protein and RNA Expression Profiles	2023-05-03	Shilah A. Bonnett, Alyssa Rosenbloom, Giang T. Ong, Mark Conner, Aric B.E. Rininger, Daniel Newhouse, Felicia New, Chi Q. Phan, Saskia Ilcisin, Hiromi Sato, John S. Lyssand, Gary Geiss, Joseph Beechem		Unknown Journal	https://doi.org/10.1158/2767-9764.22744300	0	preprint	True	Immune cells in cancer	False	True	False
Abstract 1000: Associations of parity and body mass index with NanoString digital spatial protein profiling in early onset breast cancer	2023-04-04	Robert A. Vierkant, Laura M. Pacheco-Spann, Stacey J. Winham, Jennifer M. Kachergus, Ji Shi, Craig Snow, Fergus J. Couch, Janet E. Olson, Chen Wang, Derek C. Radisky, Amy C. Degnim, E. Aubrey Thompson, Laura C. Collins, Kathryn J. Ruddy, Ann H. Partridge, Mark E. Sherman	Beth Israel Deaconess Medical Center, Mayo Clinic in Florida, Mayo Clinic in Arizona, Nemours Children’s Clinic, Dana-Farber Cancer Institute	Cancer Research	https://doi.org/10.1158/1538-7445.am2023-1000	0	article	False	Radiomics and Machine Learning in Medical Imaging	False	True	False
Abstract 1582: Cabozantinib changes the tumor microenvironment to increase the efficacy of immunotherapy in refractory metastatic pancreatic ductal adenocarcinoma	2024-03-22	Jayati Chakrabarti, Pritha Adhikary, Jiang Wang, Davendra Sohal, Syed A. Ahmad, Junaid Arshad, Aaron J. Scott, Rachna T. Shroff, Yana Zavros	University of Arizona, University of Cincinnati	Cancer Research	https://doi.org/10.1158/1538-7445.am2024-1582	0	article	False	Pancreatic and Hepatic Oncology Research	False	False	False
Spatiotemporal trajectory of B cells in lymphoid follicle of COPD	2025-09-27	Hao Chen, Joselyn Rojas Quintero, Sobia Idrees, Vrushali Chimankar, Francesca Polverino, Alen Faiz, Philip M. Hansbro	Sydney Orthopaedic Research Institute, Baylor College of Medicine, University of Technology Sydney	Unknown Journal	https://doi.org/10.1183/13993003.congress-2025.pa6336	0	article	False	Unknown	False	True	False
Supplementary omics materials_JinsenLu&amp;JamesEdwards_BP_study in STTT	2026-01-01	Jinsen Lu		Figshare	https://doi.org/10.6084/m9.figshare.31136839.v1	0	dataset	True	Unknown	False	True	False
Identification of novel spatially resolved markers of malignant transformation in Intraductal Papillary Mucinous Neoplasms	2023-04-13	Carmine Carbone, Antonio De Agostini, Geny Piro, Frediano Inzani, Giuseppe Quero, Annachiara Esposito, Alessia Caggiano, Lorenzo Priori, Alberto Larghi, Sergio Alfieri, Raffaella Casolino, Giulia Scaglione, Vincenzo Tondolo, Giovanni Cammarota, Gianluca Ianiro, Vincenzo Corbo, Andrew V. Biankin, Giampaolo Tortora	South Western Sydney Local Health District, University of Verona, UNSW Sydney, Beatson West of Scotland Cancer Centre, Università Cattolica del Sacro Cuore, Cancer Research UK, Agostino Gemelli University Polyclinic, University of the Sacred Heart, Pontifícia Universidade Católica de São Paulo, Istituti di Ricovero e Cura a Carattere Scientifico, University of Glasgow, Glasgow Royal Infirmary	Unknown Journal	https://doi.org/10.21203/rs.3.rs-2714683/v1	0	preprint	True	Pancreatic and Hepatic Oncology Research	False	True	False
Discovering cell type and tissue architecture with imaging-based spatial transcriptomics	2025-01-01	Kok Hao Chen		Unknown Journal	https://doi.org/10.14293/apmc13-2025-0012	0	article	True	Single-cell and spatial transcriptomics	False	False	False
47P Digital spatial profiling reveals age-related disparities in immune microenvironment and aggressive phenotypes in triple-negative breast cancer	2024-05-01	Pistuddi V, Vidya P Nimbalkar, S. Rajarajan, Ehlers Anna C., M. S, Adam C. Alexander, R. Ramesh, Shi Ben-kang, Gomathi Ramaswamy, J.S. Prabhu	St.John's Medical College Hospital, Sri Shankara Cancer Hospital and Research Center	ESMO Open	https://doi.org/10.1016/j.esmoop.2024.103054	0	article	True	Cancer Immunotherapy and Biomarkers	False	True	False
Abstract 5481: Spatial multiplex proteins profiling of tumor microenvironment to decipher d<i>e novo</i> metastasis in nasopharyngeal carcinoma	2024-03-22	Larry Ka-Yue Chow, Ying Wang, Lanqi Gong, Siqi Xu, Zhaozheng Hou, Xin‐Yuan Guan, Dora Lai‐Wan Kwong, Victor Lee, Wai To ng, Anne W.M. Lee, Zhonghua Liu, Yunfei Xia, Wei Dai	University of Hong Kong	Cancer Research	https://doi.org/10.1158/1538-7445.am2024-5481	0	article	True	Cancer Research and Treatments	False	True	False
Uncovering Ribosomal Gene Disruptions in Human Tuberculosis: A Spatial Transcriptomics Study of Submucosal Glands	2025-05-01	A.M. Hutton, Delores A. Stacks, Kievershen Nargan, Kapongo Lumamba, J. Michael Wells, Gordon Wells, Paul Benson, Threnesan Naidoo, Adrie J. C. Steyn, Amit Gaggar, Camilla Margaroli	University of Alabama at Birmingham, Africa Health Research Institute	American Journal of Respiratory and Critical Care Medicine	https://doi.org/10.1164/ajrccm.2025.211.abstracts.a1030	0	article	False	Mycobacterium research and diagnosis	False	True	False
FIGURE 5 from Ultra High-plex Spatial Proteogenomic Investigation of Giant Cell Glioblastoma Multiforme Immune Infiltrates Reveals Distinct Protein and RNA Expression Profiles	2023-05-03	Shilah A. Bonnett, Alyssa Rosenbloom, Giang T. Ong, Mark Conner, Aric B.E. Rininger, Daniel Newhouse, Felicia New, Chi Q. Phan, Saskia Ilcisin, Hiromi Sato, John S. Lyssand, Gary Geiss, Joseph Beechem		Unknown Journal	https://doi.org/10.1158/2767-9764.22744300.v1	0	preprint	True	Immune cells in cancer	False	True	False
Changes in the transcriptomic landscape of the hypothalamus in Prader-Willi Syndrome	2025-05-01	Colleen Bocke, Megan Pater, Grant R. Kolar, Willis K. Samson, Gina L. C. Yosten	UCLouvain Saint-Louis Brussels, Saint Louis University	Physiology	https://doi.org/10.1152/physiol.2025.40.s1.0488	0	article	False	Genetic Syndromes and Imprinting	True	False	False
PATH-35. A novel classification of glioblastoma subtypes based on hallmark gene sets: association between poor prognosis and TP53 pathway activity	2025-11-01	Yu Jin Kim, JeongMan Park, JeongMin Sim, Nayeong Yuk, Kyoung Su Sung, Ju Hyung Moon, Jihwan Yoo, Jaejoon Lim, Sung Hwan Lee	CHA University Bundang Medical Center, Hallym University, Gangnam Severance Hospital, Severance Hospital, CHA University, Dong-A University Hospital	Neuro-Oncology	https://doi.org/10.1093/neuonc/noaf201.0987	0	article	True	Unknown	False	True	False
P09.13 Immune geospatial profiling and characterization of glioma microenvironment after adoptive cell therapy shows differentially expressed antigen processing and cross-presentation gene signatures	2022-09-01	Laura Falceto Font, Connor Francis, Dan Jin, Bayli DiVita Dean, Adam M. Reid, Kaytora Long-James, Loic P. Deleyrolle, Cindy Flores	University of Florida	Poster presentations	https://doi.org/10.1136/jitc-2022-itoc9.69	0	article	True	Glioma Diagnosis and Treatment	False	True	False
Comparative Analysis of Neonatal Hypomyelination Models Using Spatial Transcriptomics	2025-06-24	Rafael Bandeira Fabres, Viviane Aline Oliveira Silva, Siwei Zhang, Sylvia Synowiec, Silvia Honda Takada, Jubao Duan, Alexander Drobyshevsky	Endo Pharmaceuticals (United States), NorthShore University HealthSystem, Universidade Federal do ABC	Unknown Journal	https://doi.org/10.1101/2025.06.23.661209	0	preprint	True	RNA regulation and disease	True	False	False
Φ-Space ST: a platform-agnostic method to identify cell states in spatial transcriptomics studies	2025-02-08	Jiadong Mao, Jarny Choi, Kim‐Anh Lê Cao	The University of Melbourne, St Vincents Institute of Medical Research, Melbourne Genomics Health Alliance	Unknown Journal	https://doi.org/10.1101/2025.02.05.636735	0	preprint	True	Single-cell and spatial transcriptomics	False	False	False
Abstract 5566: Streamlining tissue sample preparation: A comparative study on the efficiency and reproducibility of the Omni-Stainer™ dewaxing and HIER protocol	2024-03-22	Nikolay Samusik, Yury Goltsev, Noémi Kedei	National Cancer Institute	Cancer Research	https://doi.org/10.1158/1538-7445.am2024-5566	0	article	False	Radiomics and Machine Learning in Medical Imaging	False	True	False
Abstract 178: Automating a spatial profiling workflow to explore the effects of hypoxia in the tumor microenvironment in head and neck cancer	2025-04-21	Kyla Teplitz, David S. Mason, Regan Baird, Kelly M. Hunter, Joana Campos, Jill Brooks	University of Birmingham, Bruker (United States)	Cancer Research	https://doi.org/10.1158/1538-7445.am2025-178	0	article	False	Cancer, Hypoxia, and Metabolism	False	True	False
Lymphoid Follicle Transcriptome Reveals Maladaptive Immune Responses In Severe Chronic Obstructive Pulmonary Disease (COPD)	2023-05-01	Joselyn Rojas, Neil J. McKenna, Scott A. Ochsner, Juan D Cala-Garcua, Farrah Kheradmand, Iván O. Rosas, Francesca Polverino	Baylor College of Medicine	The Journal of Immunology	https://doi.org/10.4049/jimmunol.210.supp.149.15	0	article	True	IL-33, ST2, and ILC Pathways	False	False	False
Data for: Appearance of Amyloid-$\beta$ Early in Life Initiates Neuronal Hyper-excitability, Mitochondrial Decay, and Loss of Dendritic Complexity in the Hippocampal CA1 Region of 5xFAD Mice	2022-01-01	Mathew Frischman, Kathy R. Magnusson, Tory Hagen	Oregon State University, Vanderbilt University	Oregon State University	https://doi.org/10.7267/5999nc87c	0	dataset	True	Unknown	False	True	False
Digital Spatial Profiling of Intraductal Papillary Mucinous Neoplasms: Towards a Molecular Framework for Risk Stratification	2023-02-21	Matthew K. Iyer	Duke University	Zenodo (CERN European Organization for Nuclear Research)	https://doi.org/10.5281/zenodo.7479047	0	article	True	Colorectal Cancer Screening and Detection	False	True	False
Single-cell Spatial Transcriptional Profiling Uncovers Heterogeneous Cellular Responses to Pathogenic Tau in a Mouse Model of Neurodegeneration	2025-11-19	Xuehan Sun, Lidan Wu, Timothy C. Orr, Ashley Heck, Kimberly Young, Nathan Dunaway, Jose Ceja Navarro, Joseph Beechem, Miranda E. Orr	Washington University in St. Louis, St. Louis VA Medical Center, Bruker (United States)	Unknown Journal	https://doi.org/10.1101/2025.11.19.689127	0	preprint	True	Unknown	True	False	False
Association of transitional gradient from clear cell to sarcomatoid renal cell carcinoma with macrophage/tumor cell crosstalk.	2024-01-29	Allison M. May, Claire Williams, Stephanie The, Jake McGue, Matthew Wainstein, Greg Shelley, Tyler Robinson, Simpa S. Salami, Rohit Mehra, Timothy L. Frankel, Aaron M. Udager, Evan T. Keller	Nanostring Technologies (United States), University of Michigan–Ann Arbor	Journal of Clinical Oncology	https://doi.org/10.1200/jco.2024.42.4_suppl.480	0	article	False	Cancer Cells and Metastasis	True	False	False
Visual analysis of spatial transcriptomics data with RedeViz	2024-07-13	Dehe Wang, Xianwen Ren		Unknown Journal	https://doi.org/10.1101/2024.07.09.602652	0	preprint	True	Single-cell and spatial transcriptomics	False	False	False
38P Spatial analysis of the tumor microenvironment in hormone receptor-positive (HR+) young women breast cancer (YWBC) from a parity and lactation perspective	2024-05-01	Miriam Sansó, L. Sanz Gómez, T. Gorgal, Octavi Córdoba, Pablo Martínez, Roberta Fasani, Anna Suñol, F. Gonzalez, Carolina Ortiz, Antonia Perelló, G. Matheu, José Rabadán Jiménez, P.G. Nuciforo, C. Saura Manich	Vall d'Hebron Hospital Universitari, Vall d'Hebron Institute of Oncology, Hebron University, Molecular Oncology (United States), Hospital Universitario Son Espases, Health Research Institute of the Balearic Islands	ESMO Open	https://doi.org/10.1016/j.esmoop.2024.103046	0	article	True	Estrogen and related hormone effects	False	True	False
1382 In-situ subtyping of γδT cells in the tumor microenvironment with spatially resolved transcriptomics	2024-11-01	Fan Li, Angelo Harris, Clifton P. Drew, Scott Milos, Mohammed Qutaish, Mahesh Bachu, Jeremy D. Gale, Matthew Loya, Anantharaman Muthuswamy, Mark Fereshteh, Patrick Engelberts, Omar Jabado	Genmab (United States), Genmab (Netherlands)	Regular and Young Investigator Award Abstracts	https://doi.org/10.1136/jitc-2024-sitc2024.1382	0	article	True	Single-cell and spatial transcriptomics	False	True	False
Robust integration and annotation of single-cell and spatial omics data using interpretable gene programs	2025-12-01	Yuelei Zhang, Wenxuan Ming, Bianjiong Yu, Lele Wang, Kaiyan Lu, Lei Xu, Yanhong Ni, Runzhi Deng, Dijun Chen	Sichuan University, Nanjing Drum Tower Hospital, Nanjing University, Nanjing Medical University	Cell Genomics	https://doi.org/10.1016/j.xgen.2025.101105	0	article	True	Single-cell and spatial transcriptomics	False	False	False
Abstract 4691: Evaluation of the NanoString’s Digital Spatial Profiling (DSP) technology in formalin-fixed paraffin embedded (FFPE) cell line mixtures, PBMCs and non-small cell lung cancer (NSCLC) tissues	2019-07-01	Joshua Rusbuldt, Tanesha Cash-Mason, Shaozhou K. Tian, Alison VanSchoiack, Yan Liang, Chinthalapally V. Rao, Denis Smirnov	Janssen (United States), Springhouse	Tumor Biology	https://doi.org/10.1158/1538-7445.sabcs18-4691	0	article	True	Advanced Biosensing Techniques and Applications	False	True	False
Abstract 3095: Combination of spatial protein data with bulk transcriptional profiling of the same cohort shows relationships between RNA and protein and facilitates combined predictive signatures	2020-08-15	Ioannis Vathiotis, Jason Reeves, Maria Toki, Pok Fai Wong, Harriet M. Kluger, Thazin Nwe Aung, Konstantinos N. Syrigos, Sarah Warren, David L. Rimm	National and Kapodistrian University of Athens, University of New Haven, Nanostring Technologies (United States), Yale University	Cancer Research	https://doi.org/10.1158/1538-7445.am2020-3095	0	article	False	Radiomics and Machine Learning in Medical Imaging	False	True	False
Abstract 4206: Regional transcriptomic profiling of the head and neck squamous cell carcinoma tumor microenvironment paired with murine models identify extracellular matrix components that mediate tumor progression and immune suppression	2024-03-22	John D. Aleman, Khoa Nguyen, Erica Wong, Yao Ke, Hanne Lind, Clifford G. Tepper, Andrew C. Birkeland, Christian D. Young, Sana D. Karam, Xiaojing Wang	University of California, Davis, University of Colorado Anschutz Medical Campus	Cancer Research	https://doi.org/10.1158/1538-7445.am2024-4206	0	article	False	Ferroptosis and cancer prognosis	False	True	False
Abstract 4310: Ultra high-plex spatial proteogenomic investigation of giant cell glioblastoma multiforme immune infiltrates reveals distinct protein and RNA expression profiles	2023-04-04	Shilah A. Bonnett, Alyssa Rosenbloom, Giang T. Ong, Mark Conner, Daniel Newhouse, Felicia New, Hiromi Sato, Chi Pha, Saskia Ilcisin, John S. Lyssand, Gary Geiss, Joseph Beechem	Nanostring Technologies (United States)	Cancer Research	https://doi.org/10.1158/1538-7445.am2023-4310	0	article	False	Advanced Proteomics Techniques and Applications	False	True	False
Abstract 6604: Spatial transcriptomics delineates tumor heterogeneity in NACT triple-negative breast cancer	2024-03-22	Isobelle Wall, Jelmar Quist, Sarah E. Pinder, Sheeba Irshad, Cheryl Gillet, Victoria L. Seewaldt, Kavitha Mukund, David Frankhouser, Shankar Subramaniam, Maddy Parsons, Anita Grigoriadis, Anita Grigoriadis	University of California, San Diego, King's College London, City of Hope	Cancer Research	https://doi.org/10.1158/1538-7445.am2024-6604	0	article	False	Ferroptosis and cancer prognosis	False	True	False
Mapping disease critical spatially variable gene programs by integrating spatial transcriptomics with human genetics	2025-09-25	Hanbyul Lee, Haochen Sun, Xuewei Cao, Berke Karaahmet, Zhijian Li, Hans Ulrich-Klein, Mariko Taga, Gao Wang, Philip L. De Jager, David A. Bennett, Luca Pinello, Xin Jin, Rahul Mazumder, Kushal K. Dey	Rush University Medical Center, Broad Institute, Scripps Health, Center for Cancer Research, Memorial Sloan Kettering Cancer Center, Massachusetts Institute of Technology, Institute of Neuroimmunology of the Slovak Academy of Sciences, Weill Cornell Medicine, Kettering University, Cornell University, Columbia University, Massachusetts General Hospital, Harvard University	Unknown Journal	https://doi.org/10.1101/2025.09.24.678397	0	preprint	True	Single-cell and spatial transcriptomics	True	False	False
Early Abeta Triggers Hyperexcitability, and Mitochondrial Decay	2026-01-01	Mathew Frischman, Kathy R. Magnusson, Tory Hagen		Open MIND		0	dataset	True	Unknown	False	True	False
Spatial and Single-cell Transcriptomics Reveal Programs Governing Fibroblastic Foci Fibroblasts	2025-09-29	Yan Stein, Ophir Freund, Sarah Borsekofsky, Doron Cohn‐Schwartz, Liran Levy, Efrat Ofek, Avishay Spitzer, Taylor Adams, Jonas C. Schupp, Naftali Kaminski, Amir Bar‐Shai, Avraham Unterman	Sheba Medical Center, Tel Aviv University, Tel Aviv Sourasky Medical Center, Yale University	Unknown Journal	https://doi.org/10.1101/2025.09.26.678416	0	preprint	True	Fibroblast Growth Factor Research	False	True	False
Neuro-related tertiary lymphoid structures predict chemotherapy sensitivity in pancreatic cancer	2027-11-29	Cai, Shuqi		Zenodo (CERN European Organization for Nuclear Research)	https://doi.org/10.5281/zenodo.17760849	0	dataset	True	Unknown	False	True	False
Abstract 2731: Cell-type deconvolution of African American breast tumors reveals spatial heterogeneity of the immune microenvironment	2021-07-01	J.-P. de Reynier, Jovian Yu, Anna Biernacka, Galina Khramtsova, Toshio F. Yoshimatsu, Qun Niu, Anna Woodard, Yonglan Zheng, Jeffrey Mueller, Mengjie Chen, Olufunmilayo I. Olopade	University of Chicago	Cancer Research	https://doi.org/10.1158/1538-7445.am2021-2731	0	article	False	Single-cell and spatial transcriptomics	False	True	False
空竭服务多级适应性休假Geom~X/G/1排队系统分析	2005-01-01	朱翼隽, 胥秀珍		江苏大学学报：自然科学版		0	article	False	Unknown	False	False	False
Digital spatial profiling of coronary plaques from persons living with HIV reveals high levels of STING and CD163 in macrophage enriched regions	2020-07-29	Celestine N. Wanjalla, Liang Guo, Daniela T. Fuller, Mona Mashayekhi, Samuel Bailin, Curtis L. Gabriel, Tecla M. Temu, Jingjing Gong, Yan Liang, Renu Virmani, Aloke V. Finn, Spyros A. Kalams, S. Mallal, Jonathan J. Miner, Joshua A. Beckman, John R. Koethe	Washington University in St. Louis, CVPath Institute, University of Washington, Nanostring Technologies (United States), Vanderbilt University Medical Center	Unknown Journal	https://doi.org/10.1101/2020.07.28.221325	0	preprint	True	HIV-related health complications and treatments	False	True	False
Neuro-related tertiary lymphoid structures predict chemotherapy sensitivity in pancreatic cancer	2027-11-29	Cai, Shuqi		Zenodo (CERN European Organization for Nuclear Research)	https://doi.org/10.5281/zenodo.17760848	0	dataset	True	Unknown	False	True	False
SpatialMap: A Scalable Deep Learning Method for Cell Typing in Subcellular Spatial Transcriptomics	2025-07-05	Pengzhen Jia, Yahui Long, Yichao Zhao, Ning Zhang, Zhaoyu Fang, Siqi Chen, Min Li	Central South University	Unknown Journal	https://doi.org/10.1101/2025.07.03.662904	0	preprint	True	Single-cell and spatial transcriptomics	False	False	False
Microenvironment-aware spatial modeling for accurate inference of cell identity	2025-12-13	Q Liu, Yu Wang, Chih–Yuan Hsu, Celestine N. Wanjalla, Ken S Lau, Yu Shyr	Tennessee Department of Health, Vanderbilt University Medical Center, VA Tennessee Valley Healthcare System, Vanderbilt University	Nucleic Acids Research	https://doi.org/10.1093/nar/gkaf1477	0	article	True	Single-cell and spatial transcriptomics	False	False	False
Abstract 4691: Evaluation of the NanoString’s Digital Spatial Profiling (DSP) technology in formalin-fixed paraffin embedded (FFPE) cell line mixtures, PBMCs and non-small cell lung cancer (NSCLC) tissues	2019-07-01	Joshua Rusbuldt, Tanesha Cash-Mason, Shaozhou K. Tian, Alison VanSchoiack, Yan Liang, Chandra Rao, Denis A. Smirnov	Springhouse	Cancer Research	https://doi.org/10.1158/1538-7445.am2019-4691	0	article	False	Radiomics and Machine Learning in Medical Imaging	False	True	False
Figure 2 from Clinical Characteristics and Spatial Transcriptome Analysis of Non–Small Cell Lung Cancers Exhibiting Early Alectinib Resistance: A Retrospective OLCSG Study	2026-02-06	Tadahiro Kuribayashi, Go Makimoto, Eiki Ichihara, Shuta Tomida, Hirofumi Inoue, Toshihide Yokoyama, Shoichi Kuyama, Yuka Kato, Kenichiro Kudo, Naokatsu Horita, Hiroe Kayatani, Masaaki Inoue, Keisuke Sugimoto, Kiichiro Ninomiya, Yoshinobu Maeda, Yosuke Togashi, Katsuyuki Hotta		Unknown Journal	https://doi.org/10.1158/2767-9764.31274943	0	article	True	Lung Cancer Treatments and Mutations	False	True	False
具有成批到达和二次可选服务的Geom~x/G/1排队	2011-01-01	赵媛, 田乃硕		郑州大学学报：理学版		0	article	False	Unknown	False	False	False
Abstract 498: Integrating bulk and spatial profiling technologies for the discovery of RNA and protein biomarkers in muscle invasive bladder cancer	2019-07-01	Zhaojie Zhang, Subhasree Das, Manav Korpal, Pavan Kumar, Jingjing Gong, Yan Liang, Margaret L. Hoang, Joseph Beecham, Victoria Rimkunas	Nanostring Technologies (United States)	Cancer Research	https://doi.org/10.1158/1538-7445.am2019-498	0	article	False	Bladder and Urothelial Cancer Treatments	False	False	False
Utility of cellular imaging modality in subcellular spatial transcriptomic profiling of tumor tissues	2024-07-26	Xiaofei Song, Xiaoqing Yu, Carlos Moran Segura, G. Daniel Grass, Roger Li, Xuefeng Wang	Moffitt Cancer Center	Unknown Journal	https://doi.org/10.1101/2024.07.25.605221	0	preprint	True	Single-cell and spatial transcriptomics	False	True	False
Hematoxylin and Eosin (H&amp;amp;E) Staining for Human Pancreas v1	2024-12-09	Martha Campbell‐Thompson, Ann Fu, Hong Huang		Unknown Journal	https://doi.org/10.17504/protocols.io.261ger5pdl47/v1	0	preprint	True	Pancreatic and Hepatic Oncology Research	False	True	False
Code for Epstein-Barr Virus Orchestrates Spatial Reorganization and Immunomodulation within the classical Hodgkin Lymphoma Tumor Microenvironment	2026-01-30	Yao Yu Yeo, Huaying Qiu, Yuzhou Chang, Bokai Zhu, Yunhao Bai	Hadassah Medical Center, The Ohio State University Wexner Medical Center	Zenodo (CERN European Organization for Nuclear Research)	https://doi.org/10.5281/zenodo.18391329	0	other	True	Unknown	False	True	False
Abstract PS14-07: Spatial transcriptomics of matched breast cancer brain metastases and primary tumors identifies a brain-specific immune-suppressive transcriptional program	2025-06-13	Pramudya Kurnia, Sheheryar Kabraji, Busem Binboğa Kurt, Maria-Anna Chrysovergi, Melissa E. Hughes, Nancy U. Lin, Rinath Jeselsohn		Clinical Cancer Research	https://doi.org/10.1158/1557-3265.sabcs24-ps14-07	0	article	False	Ferroptosis and cancer prognosis	False	True	False
Understanding molecular differences in endocrine and exocrine pancreatic tissue in healthy and unhealthy metabolic states	2024-05-01	Megan Pater, Willis K. Samson, Grant R. Kolar, Gina L. C. Yosten	Saint Louis University	Physiology	https://doi.org/10.1152/physiol.2024.39.s1.1773	0	article	False	Diet, Metabolism, and Disease	True	False	False
TMIC-55. IMMUNE DIGITAL-SPATIAL PROFILING AND CHARACTERIZATION OF GLIOMA MICROENVIRONMENT AFTER ADOPTIVE CELLULAR THERAPY	2022-11-01	Laura Falceto Font, Dan Jin, Bayli DiVita Dean, Connor Francis, Alexandra Reid, Mathew Sebastian, John Figg, Kaytora Long-James, Loic P. Deleyrolle, Catherine Flores	University of Florida	Neuro-Oncology	https://doi.org/10.1093/neuonc/noac209.1099	0	article	True	Single-cell and spatial transcriptomics	False	True	False
Spatially resolved transcriptomics reveals immunosuppressive niches and clonal diversity in extramedullary disease in multiple myeloma refractory to immunotherapy	2025-11-03	Junia Vieira, Reyka G. Jayasinghe, Tarek H. Mouhieddine, Jordan Lu, Hajer Merarda, Darwin D’souza, Hyo Jeong Nam, Adolfo Aleman, Meghana Ram, Zhihong Chen, Seunghee Kim‐Schulze, Gaurav Bhatt, Julie M. Fortier, Michael Slade, Alina Florea, Rachel Brody, Larysa Sanchez, Cesar Rodriguez Valdes, Joshua Richter, Shambavi Richard, Adriana Rossi, Sundar Jagannath, Ravi Vij, Li Ding, Samir Parekh, Alessandro Laganà	Icahn School of Medicine at Mount Sinai, Saint Louis University	Blood	https://doi.org/10.1182/blood-2025-3949	0	article	True	Unknown	True	False	False
Code for Epstein-Barr Virus Orchestrates Spatial Reorganization and Immunomodulation within the classical Hodgkin Lymphoma Tumor Microenvironment	2026-01-30	Yao Yu Yeo, Huaying Qiu, Yuzhou Chang, Bokai Zhu, Yunhao Bai	Hadassah Medical Center, The Ohio State University Wexner Medical Center	Zenodo (CERN European Organization for Nuclear Research)	https://doi.org/10.5281/zenodo.18432666	0	other	True	Unknown	False	True	False
Abstract 1388: Spatial transcriptome analysis of EMT trait and corresponding immune composition study in HNSCC	2024-03-22	Chih‐Hung Chung, Muh‐Hwa Yang	National Yang Ming Chiao Tung University	Cancer Research	https://doi.org/10.1158/1538-7445.am2024-1388	0	article	False	Cytomegalovirus and herpesvirus research	False	True	False
Code for Epstein-Barr Virus Orchestrates Spatial Reorganization and Immunomodulation within the classical Hodgkin Lymphoma Tumor Microenvironment	2026-01-27	Yao Yu Yeo, Huaying Qiu, Yuzhou Chang, Bokai Zhu, Yunhao Bai	Hadassah Medical Center, The Ohio State University Wexner Medical Center	Zenodo (CERN European Organization for Nuclear Research)	https://doi.org/10.5281/zenodo.18391330	0	other	True	Unknown	False	True	False
Spatial data analysis for characterisation of human lung	2026-01-01	Isabel Uwagboe, Jody Rosenblatt, M Parsons	The Francis Crick Institute, King's College London	The Francis Crick Institute	https://doi.org/10.25418/crick.30987019	0	other	True	Unknown	True	False	False
Humanized PDX models reveal Lymphoma–Host interactions and enhanced T-cell therapies via epigenetic modulation	2025-11-03	Giovanni Medico, Giorgia Zanetti, Giorgio Bertolazzi, Francesco Vallania, Paul Zumbo, Maider Astorkia Amiama, Doron Betel, Maria Teresa Cacciapuoti, Abigail Taylor, Clarisse Kayembe, Sanjay Patel, Jennifer Ziello, Arvin Ruiz, Jason L. Weirather, Gulpreet Kaur, Luca Vincenzo Cappelli, Luca Paruzzo, Marco Ruella, Zhenyuan Dong, Larry W. Kwak, Nicolás Di Siervi, María V. Revuelta, Claudio Tripodo, Leandro Cerchietti, Giorgio Inghirami	ChromoLogic (United States), Università degli Studi di Enna Kore, University of Pennsylvania, Sapienza University of Rome, University of Palermo, City of Hope, Presbyterian Hospital, FIRC Institute of Molecular Oncology, Biogen (United States), Cell Signaling Technology (United States), Cornell University, Columbia University Irving Medical Center	Blood	https://doi.org/10.1182/blood-2025-350	0	article	True	Unknown	True	False	False
Abstract 5289: Mechanisms of metastasis revealed through single-cell spatial transcriptome analysis in patients with liver metastatic colorectal cancer	2025-04-21	Jong Won Lee, Yeseul Kim, Hyo Seon Ryu, Jongmin Sim, Chungyeul Kim, Hyun Woo Kwon, Hyun Je Kim, Jong Min Park, Ah-Reum Lim, Jung Sun Kim, Hwa Jung Sung, Xingyi Guo, Jung Min Choi, Jung Yoon Choi	Korea University, Vanderbilt University, Seoul National University	Cancer Research	https://doi.org/10.1158/1538-7445.am2025-5289	0	article	False	Cancer Cells and Metastasis	True	False	False
SM3DD with Segmented PCA: A Comprehensive Method for Interpreting 3D Spatial Transcriptomics	2025-04-18	Tony Blick, A. Kilgallon, James Monkman, Caroline Cooper, Chin Wee Tan, Emily Killingbeck, Liuliu Pan, Youngmi Kim, Yan Liang, Andy Nam, Michael Leon, Paulo Souza‐Fonseca‐Guimaraes, Seigo Nagashima, Ana Paula Camargo Martins, Cleber Machado‐Souza, Lúcia de Noronha, John F. Fraser, Gabrielle T. Belz, Fernando Souza-Fonseca-Guimarães, Arutha Kulasinghe	Prince Charles Hospital, The University of Queensland, Princess Alexandra Hospital, The University of Melbourne, Nanostring Technologies (United States), St Andrew’s Hospital, Wesley Research Institute, Instituto de Tecnologia do Paraná, Pontifícia Universidade Católica do Paraná, Walter and Eliza Hall Institute of Medical Research	Unknown Journal	https://doi.org/10.1101/2025.04.17.649456	0	preprint	True	Single-cell and spatial transcriptomics	False	False	False
Integrative Multi-Omics Dissection of Pathogenic Mechanisms in Chronic Liver Diseases	2025-01-01	Grayson Way		VCU Scholars Compass (Virginia Commonwealth University)	https://doi.org/10.25772/ycn9-fe02	0	article	True	Liver Diseases and Immunity	False	False	False
SM3DD with segmented PCA: a comprehensive method for interpreting 3D spatial transcriptomics	2026-01-06	Tony Blick, Aaron Kilgallon, James Monkman, Caroline Cooper, Chin Wee Tan, Emily E Killingbeck, Liuliu Pan, Youngmi Kim, Yan Liang, Andy Nam, Michael Leon, Paulo S F Guimaraes, Seigo Nagashima, Ana P C Martins, Cleber Machado-Souza, Lucia de Noronha, John F Fraser, Gabrielle T Belz, Fernando Souza-Fonseca-Guimaraes, Arutha Kulasinghe	Prince Charles Hospital, Faculdade de Administração Ciências Educação e Letras, MemorialCare Health System, The University of Queensland, Princess Alexandra Hospital, Melbourne Health, The University of Melbourne, Nanostring Technologies (United States), Centro Universitário Franciscano do Paraná, Wesley Research Institute, Instituto de Tecnologia do Paraná, Pontifícia Universidade Católica do Paraná, Walter and Eliza Hall Institute of Medical Research	NAR Genomics and Bioinformatics	https://doi.org/10.1093/nargab/lqag007	0	article	True	Single-cell and spatial transcriptomics	False	False	False
Metastatic Signatures in Cervical Cancer: Comparative Protein Analysis in Primary Tumors and Lymph Nodes using digital spatial profiling	2026-01-01	Morteza Salarzaei, Ralf  L.O. van de Laar, Patricia C. Ewing‐Graham, Heleen J. van Beekhuizen, Madelief Vink	Erasmus University Rotterdam, Erasmus MC	SSRN Electronic Journal	https://doi.org/10.2139/ssrn.6106242	0	preprint	True	Cancer Immunotherapy and Biomarkers	False	False	False
990 Heterogeneity in glioblastoma tumor microenvironment: strategies for cancer-associated fibroblast targeting	2022-11-01	Jonathan Stauber, Corinne Ramos, Sandra Delebecq, Adele Ponzoni, Lisa Guzzi		Regular and Young Investigator Award Abstracts	https://doi.org/10.1136/jitc-2022-sitc2022.0990	0	article	True	Molecular Biology Techniques and Applications	False	False	False
Multi-omic spatial profiling of EBV+ hodgkinoid lymphoproliferation reveals divergent biological features and novel diagnostic biomarkers.	2025-11-03	Matthew Pugh, Eanna Fennell, Jacob Skidmore, Gary Reynolds, Paul Murray, Stefan Dojcinov	Swansea University, Royal College of Surgeons in Ireland - Bahrain, NIHR Birmingham Biomedical Research Centre, Swansea Bay University Health Board, University of Limerick	Blood	https://doi.org/10.1182/blood-2025-1781	0	article	True	Viral-associated cancers and disorders	False	True	False
Abstract TP350: The Effect of Type 2 Diabetes on the Transcriptome of Immune Cells in the Bone Marrow in Response to Ischemic Stroke	2025-01-30	Hongxia Zhang, Wanjun Gu, Kailin Yu, Jaime Falcone-Juengert, Jialing Liu	University of California, San Francisco	Stroke	https://doi.org/10.1161/str.56.suppl_1.tp350	0	article	False	Immune cells in cancer	False	True	False
Performance analysis of an input queueing ATM switch with two priority classes	1998-03-01	Jang-Won Lee, Jin Seek Choi, C.K. Un	Korea Advanced Institute of Science and Technology, Kongju National University	Performance Evaluation	https://doi.org/10.1016/s0166-5316(97)00018-7	0	article	False	Interconnection Networks and Systems	False	False	False
High-plex protein profiling on cytospin slides with bronchoalveolar lavage cells from asthma and COPD	2026-01-15	Nicole van der Burg, Carin E Lau, Lars Selander, Laurits Frossing, Jaro Ankerst, Leif Bjermer, Ellen Tufvesson	Karolinska University Hospital, Lund University, Frederiksberg Hospital	Unknown Journal	https://doi.org/10.64898/2026.01.15.695934	0	article	True	Advanced Biosensing Techniques and Applications	False	False	False
Spatially distinct cellular and molecular landscapes define prognosis in triple-negative breast cancer	2025-12-31	Kavitha Mukund, Darya Veraksa, David Frankhouser, Lixin Yang, Jerneja Tomšič, Raju Pillai, Srijan Atti, Zahra Mesrizadeh, Daniel Schmolze, Jovanny Zabaleta, Xiao-Cheng Wu, Mary-Anne LeBlanc, Lucio Miele, Augusto C. Ochoa, Victoria L. Seewaldt, Shankar Subramaniam	La Jolla Bioengineering Institute, University of California, San Diego, City of Hope	Cell Reports	https://doi.org/10.1016/j.celrep.2025.116752	0	article	True	Cancer Immunotherapy and Biomarkers	False	True	False
Spatial data analysis for characterisation of human lung	2026-01-01	Isabel Uwagboe, Jody Rosenblatt, M Parsons	The Francis Crick Institute, King's College London	The Francis Crick Institute	https://doi.org/10.25418/crick.30987019.v1	0	other	True	Unknown	True	False	False
AB0167 SINGLE-CELL SPATIAL TRANSCRIPTOME ANALYSIS IDENTIFIES DISEASE-SPECIFIC FIBROBLASTS IN RHEUMATOID VASCULITIS	2023-06-01	Atsuko Tsujii, Yoshihiko Hoshida, Tsutomu Tamada, Daekeun Kim, Kenichi Yamamoto, Akihiko Nakabayashi, Maiko Yoshimura, Kentaro Isoda, Shiro Ohshima	Osaka Minami Medical Center	Annals of the Rheumatic Diseases	https://doi.org/10.1136/annrheumdis-2023-eular.728	0	article	True	Systemic Lupus Erythematosus Research	False	False	False
Abstract 46: High-plex spatial transcriptomic characterization of canine tumor tissue	2023-04-04	S. Church, Cheryl A. London, Christine M. Toedebusch, B. C. S. Sutton, Sarah Weigel, Erin Piazza	Nanostring Technologies (United States), Tufts University	Cancer Research	https://doi.org/10.1158/1538-7445.am2023-46	0	article	False	Cancer Research and Treatments	False	True	False
Tissue transcriptomics of endomyocardial biopsies reveals widespread molecular perturbations independent of leukocyte-rich foci in human myocarditis	2025-07-17	Charles D. Cohen, Jiali He, Kevin Bermea, Sylvie Rousseau, Adam Luo, Obialunanma V. Ebenebe, Kelly Casella, Emanuele Palescandolo, Kory J. Lavine, Eugene Shenderov, Marc K. Halushka, Luigi Adamo	Johns Hopkins Hospital, Washington University in St. Louis, Johns Hopkins Medicine, Johns Hopkins University, Cleveland Clinic Lerner College of Medicine	Unknown Journal	https://doi.org/10.1101/2025.07.11.664335	0	preprint	True	Viral Infections and Immunology Research	False	True	False
VEDOLIZUMAB RESPONSE AND NON-RESPONSE IN ULCERATIVE COLITIS: INSIGHTS FROM SPATIAL TRANSCRIPTOMICS	2024-01-25	Elvira Mennillo, Gyehyun Lee, Madison Lotstein, Jessica Tsui, Uma Mahadevan, Gabriela K. Fragiadakis, Alexis J. Combes, Michael G. Kattah		Inflammatory Bowel Diseases	https://doi.org/10.1093/ibd/izae020.151	0	article	True	Inflammatory Bowel Disease	True	False	False
High-resolution H&E images from the HistoSweep study across multiple tissues and diseases	2026-01-05	Amelia Schroeder, Alexander Huang, Lars Mäegdefessel, Mingyao Li, Humam Kadara, Katalin Suszták	California University of Pennsylvania, Karolinska Institutet	Zenodo (CERN European Organization for Nuclear Research)	https://doi.org/10.5281/zenodo.18157806	0	dataset	True	Unknown	True	False	False
Spatial multiomics of human hepatic lymph nodes reveals early APC bifurcation in liver transplant rejection	2025-10-28	Justin H. Nguyen, Haseem Ashraf, Raymond M. Moore, William H. Sherman, Yaohua Ma, Mattias Embretsen, Davitte Cogen, Jennifer M. Kachergus, Cheryl L. Thompson, Heather Killeen, Raouf E. Nakhleh, Chen Wang, E. Aubrey Thompson, Svetomir N. Markovic, Keith L. Knutson	WinnMed, Mayo Clinic in Florida	Unknown Journal	https://doi.org/10.21203/rs.3.rs-7901096/v1	0	preprint	True	Unknown	False	True	False
Figure 5 from Spatially Resolved Transcriptomics Deconvolutes Prognostic Histological Subgroups in Patients with Colorectal Cancer and Synchronous Liver Metastases	2025-11-24	Colin S. Wood, Kathryn A.F. Pennel, Holly Leslie, Assya Legrini, Andrew J. Cameron, Lydia Melissourgou-Syka, Jean A. Quinn, Hester C. van Wyk, Jennifer Hay, Antonia K. Roseweir, Colin Nixon, Campbell S.D. Roxburgh, Donald C. McMillan, Andrew V. Biankin, Owen J. Sansom, Paul G. Horgan, Joanne Edwards, Colin W. Steele, Nigel B. Jamieson		Unknown Journal	https://doi.org/10.1158/0008-5472.30700330	0	article	True	Unknown	False	True	False
Spatial Transcriptomics of Schizophrenia Insular Cortex Reveals Blood-Brain Barrier Hyperglycolysis and Increased Parenchymal Mitochondrial Respiration	2025-03-13	Karin Huizer, Vera van Dis, Thao Tran, Roberto Bakker, Marc Claesen, Isaäc J. Nijman, Robin Geene, Nico van Beveren, Dana A. M. Mustafa	Systems Analytics (United States), Parnassia Groep, Erasmus MC, University Medical Center Utrecht	Unknown Journal	https://doi.org/10.1101/2025.03.12.642911	0	preprint	True	Single-cell and spatial transcriptomics	False	True	False
Abstract B117: Intraductal Papillary Mucinous Neoplasm Cellular Plasticity Linked with Repeat Element Dysregulation	2025-09-28	Amaya Pankaj, Michael J. Raabe, Yuhui Song, Bidish K. Patel, Katherine Xu, Joshua R. Kocher, Peter Richieri, Nicholas J Caldwell, Peiyun Ni, Maria Ganci, Linda T. Nieman, M. Lisa Zhang, Mari Mino-Kenudson, Vikram Deshpande, Nabeel Bardeesy, Carlos Fernández-del Castillo, Martin J. Aryee, David T. Ting, Yasmin G. Hernandez‐Barco	Dana-Farber Cancer Institute, Beth Israel Deaconess Medical Center, Massachusetts General Hospital, Center for Cancer Research	Cancer Research	https://doi.org/10.1158/1538-7445.pancreatic25-b117	0	article	False	Pancreatic and Hepatic Oncology Research	True	True	False
Integrative spatial multi-omics reveal niche-specific inflammatory signaling and differentiation hierarchies in AML	2025-11-29	Enes Dasdemir, Ivo Veletić, Christopher Ly, Andres Quesada, Christopher D. Pacheco, Fatima Zahra Jelloul, Pâmella Borges, Sreyashi Basu, Sonali Jindal, Zhiqiang Wang, Alexander J. Lazar, Khalida M. Wani, Dinler A. Antunes, Patrick K. Reville, Preethi H. Gunaratne, Robert J. Tower, Padmanee Sharma, Hussein A. Abbas	University of Houston, The University of Texas Southwestern Medical Center, The University of Texas MD Anderson Cancer Center	iScience	https://doi.org/10.1016/j.isci.2025.114289	0	article	True	Unknown	False	False	False
Effect of spatial transcriptomic-derived intrinsic epithelial signatures on immune cell recruitment and behaviour in the microenvironment of colorectal cancer.	2023-01-24	Colin S. Wood, Phimmada Hatthakarnkul, Holly Leslie, Assya Legrini, Andrew J. Cameron, Kathryn A.F. Pennel, Owen J. Sansom, Joanne Edwards, Nigel B. Jamieson, Colin W. Steele	University of Glasgow, Cancer Research UK Scotland Institute	Journal of Clinical Oncology	https://doi.org/10.1200/jco.2023.41.4_suppl.251	0	article	False	Cancer Immunotherapy and Biomarkers	False	True	False
MP69-03 EXAMING THE LANDSCAPE OF CONCURRENT UPPER TRACT AND LOWER TRACT UROTHELIAL CARCINOMA USING SPATIAL TRANSCRIPTOMIC ANALYSIS	2023-03-23	Shreyas Naidu, Facundo Davaro, Xuefeng Wang, Elizabeth Davaro, Heather L. Huelster, Kyle Rose, Gustavo Borjas, Aram Vosoughi, Roger Li		The Journal of Urology	https://doi.org/10.1097/ju.0000000000003332.03	0	article	False	Bladder and Urothelial Cancer Treatments	False	True	False
Data from spatialGE Is a User-Friendly Web Application That Facilitates Spatial Transcriptomics Data Analysis	2025-03-03	Oscar E. Ospina, Roberto Manjarres-Betancur, Guillermo Gonzalez-Calderon, Alex C. Soupir, Inna Smalley, Kenneth Y. Tsai, Joseph Markowitz, Mariam Lotfy Khaled, Ethan Vallebuona, Anders Berglund, Steven A. Eschrich, Xiaoqing Yu, Brooke L. Fridley		Unknown Journal	https://doi.org/10.1158/0008-5472.c.7700640	0	preprint	True	Gene expression and cancer classification	True	False	False
Effect of spatial transcriptomic-derived intrinsic epithelial signatures on immune cell recruitment and behaviour in the microenvironment of colorectal cancer.	2023-01-24	Colin S. Wood, Phimmada Hatthakarnkul, Holly Leslie, Assya Legrini, Andrew J. Cameron, Kathryn A.F. Pennel, Owen J. Sansom, Joanne Edwards, Nigel B. Jamieson, Colin W. Steele	University of Glasgow, Cancer Research UK Scotland Institute	Journal of Clinical Oncology	https://doi.org/10.1200/jco.2023.41.4_suppl.251	0	article	False	Cancer Immunotherapy and Biomarkers	False	True	False
1474 Investigating the molecular architecture of triple positive breast cancer samples with spatial omics technologies	2023-10-31	Katherine Elston, Jessica Runyon, Vijay Baichwal, Arne Christians, Weston Stauffer, Analise Leddy, Savannah Santoro	Aptose Biosciences (United States), Bruker (Germany)	Regular and Young Investigator Award Abstracts	https://doi.org/10.1136/jitc-2023-sitc2023.1474	0	article	True	Single-cell and spatial transcriptomics	False	True	False
Spatial Transcriptomics of Schizophrenia Insular Cortex Reveals Blood-Brain Barrier Hyperglycolysis and Increased Parenchymal Mitochondrial Respiration	2025-03-13	Karin Huizer, Vera van Dis, Thao Tran, Roberto Bakker, Marc Claesen, Isaäc J. Nijman, Robin Geene, Nico van Beveren, Dana A. M. Mustafa	Systems Analytics (United States), Parnassia Groep, Erasmus MC, University Medical Center Utrecht	Unknown Journal	https://doi.org/10.1101/2025.03.12.642911	0	preprint	True	Single-cell and spatial transcriptomics	False	True	False
Streamlining single-cell spatial transcriptomics for human kidney tissue	2025-10-03	Son Vo, Kieran Meadows, Hung Do, Kevin Chapman, Graciela Andonegui, Daniel A. Muruve, Thang V. Pham, Justin Chun	University of Calgary	BioTechniques	https://doi.org/10.1080/07366205.2025.2591484	0	article	True	Unknown	True	False	False
Characterization of transcriptomic changes in the neurovascular unit of Alzheimiers transgenic mouse models using digital spatial profiling	2025-03-10	Vrishali S. Salian, Kevin J. Thompson, Xiaojia Tang, Val J. Lowe, Krishna R. Kalari, Karunya K. Kandimalla	Mayo Clinic in Florida, WinnMed, University of Minnesota System, Mayo Clinic, University of Minnesota	Unknown Journal	https://doi.org/10.1101/2025.03.03.640886	0	preprint	True	Neuroinflammation and Neurodegeneration Mechanisms	False	True	False
Spatially Resolved Multiomics Reveals Metabolic Remodeling and Autophagy Activation in Adamantinomatous Craniopharyngiomas	2026-01-05	Dongting Chen, Y. Gao, Yulin Wang, Ting Lei, Zheng Qu, Yuhan An, Jiaxu Fu, X. Li, F J Liu, Yan Li	Beijing Sanbo Brain Hospital, Chinese Academy of Medical Sciences & Peking Union Medical College	Advanced Science	https://doi.org/10.1002/advs.202516965	0	article	True	Pituitary Gland Disorders and Treatments	True	False	False
DISCOVERING TARGETABLE IMMUNE POPULATIONS IN CUTANEOUS T‐CELL LYMPHOMA	2023-06-01	Åsa Johansson, Eirini Kalliara, Anna Porwit, E. Belfrage, Kristina Drott, Sara Ek	Lund University, Skåne University Hospital	Hematological Oncology	https://doi.org/10.1002/hon.3166_ot32	0	article	True	Cutaneous lymphoproliferative disorders research	False	True	False
Acellular Adipose Tissue promotes anti-fibrotic remodeling in Phase II Study	2026-02-09	Alexis N. Peña, Jordan A. Garcia, Amy A. Anderson, Joel C Sunshine, Carisa M. Cooney, Pathik Aravind, Joseph S. Puthumana, Aledxander Bell, E. Fertig, Patrick J. Byrne, Damon S. Cooney, Jennifer H. Elisseeff	Johns Hopkins Medicine, Cleveland Clinic, Sidney Kimmel Comprehensive Cancer Center, Johns Hopkins University	Unknown Journal	https://doi.org/10.64898/2026.02.04.26345214	0	article	True	Tissue Engineering and Regenerative Medicine	False	True	False
Spatial Multi-Omics Workflow and Analytical Guidelines for Alzheimer’s Neuropathology	2025-11-17	Xuehan Sun, Hannah R. Hudson, Timothy C. Orr, Srinivas Koutarapu, Alyssa Rosenbloom, Matthew H. Ingalls, Oliver Braubach, C. Dirk Keene, Joseph Beechem, Miranda E. Orr	Washington University in St. Louis, St. Louis VA Medical Center, University of Washington, Bruker (United States)	Unknown Journal	https://doi.org/10.1101/2025.11.16.688710	0	preprint	False	Unknown	False	True	False
FLASH Induces a Radio-Resistant Transcriptional Program Involving Glutamate Receptors and Calcium Signaling in the Hippocampus	2025-01-01	Louis  Vivien Kunz, Aymeric Almeida, Michèle Knol, Marie-Catherine Vozenin, See PDF	University of Geneva	SSRN Electronic Journal	https://doi.org/10.2139/ssrn.5943477	0	preprint	True	Neurogenesis and neuroplasticity mechanisms	False	False	False
The Human LRRK2-R1441G Mutation Drives Age-Dependent Oxidative Stress and Mitochondrial Dysfunction in Dopaminergic Neurons	2025-06-17	Yuanxin Chen, Lianteng Zhi, S. Cui, Huaixin Wang, Chenbo Zeng, Hui Zhang	University of Georgia, Thomas Jefferson University	Unknown Journal	https://doi.org/10.1101/2025.06.16.660029	0	preprint	True	Parkinson's Disease Mechanisms and Treatments	False	True	False
216.13: Spatial Protein Profiling of Leukocyte Infiltrates in Renal Biopsies After Cellular Therapy	2022-09-01	Alaa Alzhrani, Matthew O. Brook, Joanna Hester, Fadi Issa	Oxford BioMedica (United Kingdom), Nuffield Orthopaedic Centre, University of Oxford	Transplantation	https://doi.org/10.1097/01.tp.0000885540.55860.15	0	article	False	Renal Transplantation Outcomes and Treatments	False	True	False
Utility of Novel Genomic Technologies for Biomarker Identification in Inflammatory Bowel Disease	2021-01-01	Christina Yacoub		OpenCommons - UConn (University of Connecticut)		0	article	True	Inflammatory Bowel Disease	False	True	False
Streamlining Spatial Transcriptomics for Human Kidney Tissue	2025-09-07	Son Vo, Kieran Meadows, Hung Do, Kevin Chapman, Graciela Andonegui, Daniel A. Muruve, Thang V. Pham, Justin Chun	Biocat, University of Calgary	Unknown Journal	https://doi.org/10.1101/2025.09.02.673834	0	preprint	True	Single-cell and spatial transcriptomics	True	False	False
Beyond Spatial Transcriptomics: Tissue Systems Biology	2020-08-01	Jared K. Burks, Savanh Chanthaphavong, Travis Hollman, Cynthia A. Loomis, Valeria Mezzano	The University of Texas MD Anderson Cancer Center	PubMed Central		0	article	True	Single-cell and spatial transcriptomics	False	False	False
211 Spatial whole transcriptome profiling of human normal liver and HCC uncovers unique insights into metabolic zonation	2023-10-31	Yan Liang, Nan Wang, Xia Li, Liang Zhang, Megan Vandenberg, Charlie Glaser, Zhiyong Ding, Joseph Beechem	Nanostring Technologies (United States)	Regular and Young Investigator Award Abstracts	https://doi.org/10.1136/jitc-2023-sitc2023.0211	0	article	True	Gene expression and cancer classification	False	True	False
Comparative characterization of 5XFAD and hAbeta<sup>SAA</sup> mouse models of familial AD	2022-12-01	Kevin J Elk, Dylan Garceau, Adrian L. Oblak, Ravi S. Pandey, Gregory W. Carter, Gianna Ferron, Stefan T Linehan, Tim Ragan, Gabriela Little, Sean-Paul G. Williams, Stacey J. Sukoff Rizzo, Sherry Lin, Sandeep Robert Datta, Michael Sasner	TissueVision (United States), University of Pittsburgh, Indiana University – Purdue University Indianapolis, Jackson Laboratory, Indiana University School of Medicine, Harvard University	Alzheimer s & Dementia	https://doi.org/10.1002/alz.067648	0	article	False	Alzheimer's disease research and treatments	False	True	False
Data Sheet 1_Spatial deciphering of the transcriptomic heterogeneity of tumor spread through air spaces in lung cancer.zip	2025-07-25	Wenhao Wang (515852), Wenhao Zhou (2855447), Jingli Fan (16826736), Tao Jiang (28401), Guang Yang (154978), Congcong Song (11395188), Siwei Xu (8371533), Haitao Luo (365511), Huining Liu (5850554)		Figshare	https://doi.org/10.3389/fphar.2025.1567527.s005	0	dataset	True	Unknown	False	True	False
Characterizing Inferred Functional and Phenotypical States of Newly Diagnosed Acute Myeloid Leukemia from Single Cell Transcriptomic Profiling	2023-11-02	Bofei Wang, Christopher Ly, Enes Dasdemir, Fatima Zahra Jelloul, Poonam N. Desai, Pâmella Borges, Jessica L. Root, Guilin Tang, Preethi H. Gunaratne, Sreyashi Basu, Sonali Jindal, Yulong Chen, Khalida Wani, Alexander J. Lazar, Padmanee Sharma, Patrick K. Reville, Hussein A. Abbas	University of Houston, The University of Texas MD Anderson Cancer Center	Blood	https://doi.org/10.1182/blood-2023-178345	0	article	True	Acute Myeloid Leukemia Research	False	True	False
Abstract B109: Heterogeneity of S100A2, KRT17, and KRT5 in donor Pancreatic Intra-epithelial neoplasia and donor-derived Organoids	2025-09-28	Jude Ogechukwu Okoye, Alexander Bray, Rosina Carr, Padma Kadiyala, Ahmed M. Elhossiny, Eileen S. Carpenter, Timothy L. Frankel, Marina Pasca di Magliano	Michigan Medicine, University of Michigan–Ann Arbor	Cancer Research	https://doi.org/10.1158/1538-7445.pancreatic25-b109	0	article	False	Pancreatic and Hepatic Oncology Research	False	True	False
Abstract 615: Spatially resolved expression of T cell receptors elucidates spatial relationships between T cells, immune infiltration, and cancer-associated pathways	2023-04-04	Katrina van Raay, Michelle Kriner, Jason Reeves, Erin Piazza, Hargita Kaplan, John Vivian, Francis Fernandez, Margaret L. Hoang, Joseph Beechem	Nanostring Technologies (United States)	Cancer Research	https://doi.org/10.1158/1538-7445.am2023-615	0	article	False	Single-cell and spatial transcriptomics	False	True	False
P172 Spatial Transcriptomics Characterization of S1P Pathway Genes in Ulcerative Colitis and Crohn’s Disease Colon Tissues	2024-01-01	Jingwan Zhang, Rachel Maddux, A Petersen, Saurabh Mehandru, William M. Stauffer, Vijay Baichwal, Sarah Harris	Bristol-Myers Squibb (Germany), Bristol-Myers Squibb (United States), Icahn School of Medicine at Mount Sinai, Bristol-Myers Squibb (Sweden), Aptose Biosciences (United States)	Journal of Crohn s and Colitis	https://doi.org/10.1093/ecco-jcc/jjad212.0302	0	article	True	Inflammatory Bowel Disease	False	True	False
Pituitary Neuroendocrine Tumor Organoids Generated from Induced Pluripotent Stem Cells Reveal the Dysregulation of Cell Lineage Differentiation in Cushing’s Disease	2024-05-01	Saptarshi Mallick, Jayati Chakrabarti, Jennifer Eschbacher, Matthew L. Chang, Jared M. Churko, Elisabeth Ferris, Beth Hermes	University of Arizona, Barrow Neurological Institute, BD Biosciences (United States)	Physiology	https://doi.org/10.1152/physiol.2024.39.s1.2104	0	article	False	Pituitary Gland Disorders and Treatments	True	False	False
Image 3_Spatial deciphering of the transcriptomic heterogeneity of tumor spread through air spaces in lung cancer.tif	2025-07-25	Wenhao Wang (515852), Wenhao Zhou (2855447), Jingli Fan (16826736), Tao Jiang (28401), Guang Yang (154978), Congcong Song (11395188), Siwei Xu (8371533), Haitao Luo (365511), Huining Liu (5850554)		Figshare	https://doi.org/10.3389/fphar.2025.1567527.s003	0	other	True	Unknown	False	True	False
IL-17 Cytokines Induce IκBζ in Dermal Fibroblasts to Promote Pro-Inflammatory Gene Expression in Psoriasis	2026-01-28	Lejla Svraka, Anna Skarnvad Andersen, Toke Touborg, Thomas Emmanuel, Udayaraja GK, Haja N. Kadarmideen, T. Bertelsen, Christian Vestergaard, Claus Johansen	Nordic Transport Development, Novo Nordisk (Denmark), Danfoss (Denmark), Aarhus University Hospital, Aarhus University	International Journal of Molecular Sciences	https://doi.org/10.3390/ijms27031297	0	article	True	Psoriasis: Treatment and Pathogenesis	False	False	False
Single-Cell Transcriptomics Uncover IBSP as a Mediator of Tumor-Associated Microglia and Macrophages-Driven Glioblastoma Progression	2025-06-16	Atul Anand, Rikke Frydendahl Sick Olsen, Dylan Scott Lykke Harwood, Mark Burton, Anne Grangaard, Jérémy Ariey-Bonnet, Philip Ahle Erichsen, Vilde Pedersen, Julie Jacobsen, Maria Brown, Nicolai Schou Bager, Jesper Dupont Ewald, Signe Regner Michaelsen, Maja Dembić, Lihong Xu, Sara Blaabjerg Artzi, Juyeun Lee, Krister Wennerberg, Justin D. Lathia, Torben A. Kruse, Frantz Rom Poulsen, Bo Halle, Christian Pedersen, Jane Skjoeth-Rasmussen, Mads Thomassen, Bjarne Winther Kristensen	Cleveland Clinic, University of Copenhagen, Copenhagen University Hospital, University of Southern Denmark, Rigshospitalet, Odense University Hospital	Unknown Journal	https://doi.org/10.21203/rs.3.rs-6573801/v1	0	preprint	True	Glioma Diagnosis and Treatment	False	True	False
58Dissecting the interplay between Bap1 and Pbrm1 in renal cell carcinoma	2025-10-01	Bingqing Xie, Akhilesh Mishra, Ming Gao, James Brugarolas	The University of Texas Southwestern Medical Center, National Institute of Technology Rourkela, Southwestern Medical Center	The Oncologist	https://doi.org/10.1093/oncolo/oyaf276.059	0	article	True	Renal and related cancers	False	True	False
Image 2_Spatial deciphering of the transcriptomic heterogeneity of tumor spread through air spaces in lung cancer.tif	2025-07-25	Wenhao Wang (515852), Wenhao Zhou (2855447), Jingli Fan (16826736), Tao Jiang (28401), Guang Yang (154978), Congcong Song (11395188), Siwei Xu (8371533), Haitao Luo (365511), Huining Liu (5850554)		Figshare	https://doi.org/10.3389/fphar.2025.1567527.s002	0	other	True	Unknown	False	True	False
142 Demonstrating the role of spatial contexture in determining response to immune check point inhibitors using a tumor histoculture platform	2022-11-01	Satish Sankaran, M Oliyarasi, M Rajashekar, Ritu Malhotra, Kowshik Jaganathan, Gowri Shankar K, K Vasanth, Manjula BV, MS Ganesh, Amritha Prabha, Prakash BV, C Jaya Prakash, Arjun Chakraborty, V Syamkumar, Biswajit Das, Aditi Satish, Nandini Pal Basak	Tamil Nadu Government Multi Super Speciality Hospital, Bangalore Baptist Hospital, Anthem Biosciences (India)	Regular and Young Investigator Award Abstracts	https://doi.org/10.1136/jitc-2022-sitc2022.0142	0	article	True	Cancer Immunotherapy and Biomarkers	False	True	False
Validation of a novel model of ovarian carcinogenesis: Digital spatial profiling of premalignant fallopian tube lesions in the MADM mouse and the potential impact on primary prevention of epithelial ovarian cancer (124)	2022-08-01	Annelise Wilhite, Kevin Lee, Catherine Lyons, Hui Zong, Jennifer Scalici	USA Mitchell Cancer Institute, University of Virginia, University of South Alabama	Gynecologic Oncology	https://doi.org/10.1016/s0090-8258(22)01350-6	0	article	False	Ovarian cancer diagnosis and treatment	False	False	False
Image 1_Spatial deciphering of the transcriptomic heterogeneity of tumor spread through air spaces in lung cancer.tif	2025-07-25	Wenhao Wang (515852), Wenhao Zhou (2855447), Jingli Fan (16826736), Tao Jiang (28401), Guang Yang (154978), Congcong Song (11395188), Siwei Xu (8371533), Haitao Luo (365511), Huining Liu (5850554)		Figshare	https://doi.org/10.3389/fphar.2025.1567527.s001	0	other	True	Unknown	False	True	False
Multimodal single-cell and spatial analyses reveal a distinct immune ecosystem in pediatric classic Hodgkin lymphoma	2025-11-03	Shinichiro Oshima, Yifan Yin, Nawar Dakhallah, Rose Chami, Bo Ngan, Angela Punnett, Hang Yin, Isabella Y. Kong, Shinya Rai, Adèle Telenius, Robert Kridel, Federico Gaiti, David W. Scott, Kara M. Kelly, Debra L. Friedman, Sharon M. Castellino, Lisa Roth, Christian Steidl, Tomohiro Aoki	Hospital for Sick Children, University of Toronto, Spinal Cord Injury BC, University Health Network, Children's Healthcare of Atlanta, Princess Margaret Cancer Centre, Cornell University, Vanderbilt University Medical Center, Roswell Park Comprehensive Cancer Center	Blood	https://doi.org/10.1182/blood-2025-3552	0	article	False	Unknown	True	False	False
Image 4_Spatial deciphering of the transcriptomic heterogeneity of tumor spread through air spaces in lung cancer.tif	2025-07-25	Wenhao Wang (515852), Wenhao Zhou (2855447), Jingli Fan (16826736), Tao Jiang (28401), Guang Yang (154978), Congcong Song (11395188), Siwei Xu (8371533), Haitao Luo (365511), Huining Liu (5850554)		Figshare	https://doi.org/10.3389/fphar.2025.1567527.s004	0	other	True	Unknown	False	True	False
Performance Analysis and Evaluation of Wireless Mobile Networks using the Power Saving Class Type III in IEEE 802.16e with Self-similar Traffic	2010-05-05	Wuyi Yue, Shunfu Jin	Yanshan University	Proceedings of the ISCIE International Symposium on Stochastic Systems Theory and its Applications	https://doi.org/10.5687/sss.2010.166	0	article	True	Green IT and Sustainability	False	False	False
Figure 1 from Defining the Ovarian Cancer Precancerous Landscape through Modeling Fallopian Tube Epithelium Reprogramming Driven by Extracellular Vesicles	2025-08-04	Jared Sipes, Didi Zha, Sagar Rayamajhi, Leonidas E. Bantis, Rashna Madan, Amrita Mitra, Rajni V. Puri, Mohammod Mahmudur Rahman, Foyez Ahmmed, Harsh B. Pathak, Angela Russo, Mihaela E. Sardiu, Brett C. Isenberg, Brian P. Cain, Jonathan Coppeta, Pamoda M. Galhenage, Shailja Pathania, Shannon MacLaughlan David, Joanna E. Burdette, Andrew K. Godwin		Unknown Journal	https://doi.org/10.1158/2767-9764.29819967	0	preprint	True	Tissue Engineering and Regenerative Medicine	False	True	False
A transcriptional map of human tonsil architecture: beyond the sum of (single cell) parts	2025-09-13	Helena L. Crowell, Laura Llaó Cid, Gerard Frigola, Samuel Gunz, Patricia Lorden, María Teresa Gil Ruiz, Irene Ruano, Marta Kulis, José I. Martı́n-Subero, Holger Heyn, Elı́as Campo, Anna Pascual Reguant	Hospital Clínic de Barcelona, Centro Nacional de Análisis Genómico, Consorci Institut D'Investigacions Biomediques August Pi I Sunyer, University of Zurich	Unknown Journal	https://doi.org/10.1101/2025.09.08.674825	0	preprint	True	Cancer-related molecular mechanisms research	False	False	False
High-resolution H&E images from the HistoSweep study across multiple tissues and diseases	2026-01-06	Amelia Schroeder, Alexander Huang, Lars Mäegdefessel, Mingyao Li, Humam Kadara, Katalin Suszták	California University of Pennsylvania, Karolinska Institutet	Zenodo (CERN European Organization for Nuclear Research)	https://doi.org/10.5281/zenodo.18165537	0	dataset	True	Unknown	True	False	False
STICn’ around: Spatial resolution of the dysplastic fallopian tube reveals early evidence of immune escape (159)	2023-09-01	Jennifer Scalici, Kevin Lee, Tanvi Joshi, Annelise Wilhite, Guillermo A. Herrera	USA Mitchell Cancer Institute	Gynecologic Oncology	https://doi.org/10.1016/j.ygyno.2023.06.545	0	article	True	Molecular Biology Techniques and Applications	False	False	False
Ectopic Expression of <i>MUC5B</i> in the Respiratory Bronchiole Initiates Endoplasmic Reticulum Stress in the IPF Lung	2025-10-15	Rachel Z. Blumhagen, Jonathan S. Kurche, Carlyne D. Cool, David Heinz, Xiaoqian Ma, Elizabeth Davidson, Tasha E. Fingerlin, Jonathan Huber, Evgenia Dobrinskikh, David A. Schwartz, Ivana V. Yang	Colorado School of Public Health, University of Colorado Anschutz Medical Campus, National Jewish Health, University of Colorado Denver	American Journal of Respiratory Cell and Molecular Biology	https://doi.org/10.1165/rcmb.2025-0261oc	0	article	True	Interstitial Lung Diseases and Idiopathic Pulmonary Fibrosis	False	False	False
Abstract 1138: A single-cell spatially resolved atlas of immune-mediated control of lung adenocarcinoma using 1,000-plex single-cell spatial molecular imaging in a transgenic mouse model	2024-03-22	Tito Panciera, Francesca Zanconato, Michelangelo Cordenonsi, Mattia Forcato, Giada Vanni, Silvio Bicciato, Julian Preciado, Saskia Ilcisin, Katrina van Raay, Margaret L. Hoang, Michael Patrick, Shanshan He, Joseph Beechem, Stefano Piccolo	University of Padua	Cancer Research	https://doi.org/10.1158/1538-7445.am2024-1138	0	article	False	Cancer Cells and Metastasis	True	False	False
816 Evaluating the potential of harnessing anti-leukemia T cells for the treatment of T cell acute lymphoblastic leukemias (T-ALL)	2020-11-01	Todd Triplett, S. Church, Tyler Hether, Joshua Rios, Srividya Kottapalli, Nisha Holay	DELL (United States), Nanostring Technologies (United States), The University of Texas at Austin, St. Edward's University	Unknown Journal	https://doi.org/10.1136/jitc-2020-sitc2020.0816	0	article	True	CAR-T cell therapy research	False	True	False
Pixel2Gene enables histology-guided reconstruction and prediction of spatial gene expression	2026-02-23	M. Li, Sicong Yao, Amelia Schroeder, Shunzhou Jiang, Soyoung Im, Jeong Hwan Park, Bernhard Dumoulin, Tae Hyun Hwang, Katalin Susztak	Catholic University of Korea, St. Jude Children's Research Hospital, Vanderbilt University, California University of Pennsylvania, Seoul National University	Unknown Journal	https://doi.org/10.64898/2026.02.21.707168	0	article	True	Single-cell and spatial transcriptomics	False	False	False
19 | MULTI‐OMIC PROFILING OF DARK ZONE LYMPHOMAS UNCOVERS DYSREGULATED GENE REGULATORY NETWORKS REFLECTING DZ‐LZ B‐CELL TRANSITION DYNAMICS	2025-06-01	Annie Fong, Brett Collinge, Laura K. Hilton, Shinya Rai, Clifford Cassidy, Susana Ben‐Neriah, M. Boyle, Adèle Telenius, Barbara Meissner, Pedro Farinha, A. Lytle, Graham W. Slack, L. Venturruti, Andrew Roth, Christian Steidl, Ryan D. Morin, David W. Scott	University of British Columbia, Spinal Cord Injury BC, Canada's Michael Smith Genome Sciences Centre, Simon Fraser University	Hematological Oncology	https://doi.org/10.1002/hon.70093_19	0	article	True	Chronic Lymphocytic Leukemia Research	True	False	False
Spatial Transcriptomics of Perineural Invasion in Pancreatic Ductal Adenocarcinomas	2024-12-02	Kátia Nones, Vanessa Lakis, Noni Chan, Ruth J. Lyons, Nicola Blackburn, Tam Nguyen, Crystal Chang, Andrew Masel, Nicholas West, Glen M. Boyle, Ann-Marie Patch, Anthony J. Gill	University of Queensland, QIMR Berghofer Medical Research Institute, Garvan Institute of Medical Research	Unknown Journal	https://doi.org/10.21203/rs.3.rs-5253213/v1	0	preprint	True	Pancreatic and Hepatic Oncology Research	False	True	False
Multi-omic spatial profiling in COVID-19 lung revels temporal evolution of the disease and novel collagen VI biomarker for outcome	2023-05-01	Matthew Pugh, E. A. Fennel, Ciara I. Leahy, Aisling M. Ross, Gary Reynolds, Tracey Perry, Ester Youd, Gareth Leopold, Graham S. Taylor, Paul G. Murray	Institute of Immunology, University of Birmingham, Swansea Bay University Health Board, University of Glasgow, University of Limerick	The Journal of Immunology	https://doi.org/10.4049/jimmunol.210.supp.75.11	0	article	True	Single-cell and spatial transcriptomics	False	False	False
016 Molecular analysis of treatment-refractory pityriasis rubra pilaris uncovers an IL-1 signature with therapeutic proof-of-concept of the anti-IL-1 biological anakinra	2021-10-01	Antonios G.A. Kolios, T. Künding, Lars E. French, M. Mellet, Peter Johannsen, Abhigyan Satyam, George C. Tsokos, Stephan Nobbe, Alaz Özcan, Emmanuel Contassot	University Hospital of Basel, LMU Klinikum, Ludwig-Maximilians-Universität München, University Hospital of Zurich, Harvard University	Journal of Investigative Dermatology	https://doi.org/10.1016/j.jid.2021.08.017	0	article	False	Psoriasis: Treatment and Pathogenesis	False	False	False
Abstract PD4-03: PD4-03 Pelareorep primes the tumor for checkpoint inhibition therapy by activating the interferon-gamma signaling pathway and tumor inflammation signature in early breast cancer patients - results of the AWARE-1 trial	2023-03-01	Houra Loghmani, Joaquín Gavilá, Luís Manso, Matt Coffey, Richard Trauger, Fernando Salvador, Tomás Pascual, Aleix Prat, Thomas Heineman	Solti, Hospital Universitario 12 De Octubre, Hospital Clínic de Barcelona, Oncolytics Biotech (Canada), Fundación Instituto Valenciano de Oncología	Cancer Research	https://doi.org/10.1158/1538-7445.sabcs22-pd4-03	0	article	False	Cancer Research and Treatments	False	True	False
Transcriptomic and Proteomic Spatial Profiling of Pediatric and Adult Diffuse Midline Glioma H3 K27-Altered, Reveals Region Specific Differences and Limited Overlap between mRNA and Protein	2024-04-05	Sudarshawn Damodharan, Jack Shireman, Elliot Xie, E. Distler, Christina Kendziorski, Mahua Dey	University of Wisconsin–Madison, Lurie Children's Hospital	Research Square (Research Square)	https://doi.org/10.21203/rs.3.rs-4139314/v1	0	preprint	True	Glioma Diagnosis and Treatment	False	False	False
jazzPanda: A hybrid approach to find spatial marker genes in imaging-based spatial transcriptomics data	2026-02-16	Xinyi Jin, Givanna Putri, Jinming Cheng, Marie-Liesse Asselin-Labat, Peng Li, Belinda Phipson	Duke-NUS Medical School, The University of Melbourne, Walter and Eliza Hall Institute of Medical Research	Unknown Journal	https://doi.org/10.64898/2026.02.13.705867	0	article	True	Single-cell and spatial transcriptomics	True	False	False
Unraveling tumor microenvironments with spatial genomics: Implications for precision breast cancer therapy	2025-07-24	Amina Suleiman Kamsalem, Obianujunwa Mercy Ubah, Tobiloba Philip Olatokun, Regina Omodolapo Oluwaniyi, Olivia Ajifa Philips, Damilola Samuel Ojo-omoniyi, Omolola Lolade Oluwasakinju		International Journal of Life Science Research Archive	https://doi.org/10.53771/ijlsra.2025.9.1.0045	0	article	True	Cancer Genomics and Diagnostics	False	False	False
Motorsågkedjor, deras arbetssätt och konstruktion	1953-01-01	Ivan Troëng		Unknown Journal	https://doi.org/10.3390/bioengineering10040423	0	article	True	Material Selection and Properties	False	False	False
Digital spatial profiling of the tumor microenvironment in Hodgkin‐like adult T‐cell leukemia/lymphoma	2023-06-01	Mai Takeuchi, Hiroaki Miyoshi, Kyohei Yamada, Kazutaka Nakashima, Kimiaki Sato, Takuya Furuta, Mayuko Moritsubo, T. Imamoto, Fumiko Arakawa, K. Kouno, Koichi Ohshima	Kurume University	Hematological Oncology	https://doi.org/10.1002/hon.3164_177	0	article	True	T-cell and Retrovirus Studies	False	True	False
Abstract 6776: Spatial transcriptomics of response to tepotinib treatment in a patient with NSCLC	2023-04-04	Manon A. Simard, Felix Geist, Carlos Cabrera, Santiago Viteri, Joachim Albers, Michael Zuehlsdorf, Niki Karachaliou	Merck (Germany)	Cancer Research	https://doi.org/10.1158/1538-7445.am2023-6776	0	article	False	Radiomics and Machine Learning in Medical Imaging	False	False	False
TissueNarrator: Generative Modeling of Spatial Transcriptomics with Large Language Models	2025-11-27	Sizhe Liu, Junjie Tang, Jian Ma, Shaoheng Liang	Carnegie Mellon University	Unknown Journal	https://doi.org/10.1101/2025.11.24.690325	0	preprint	True	Unknown	True	False	False
MisTIC: Missegmented Transcript Inference Correction for Improved Spatial Transcriptomics Analysis	2025-12-15	Yuqiu Yang, Erica DePasquale, David Adeleke, Xiangfei Xie, Zeyu Lu, Michael D. Nelson, Guanghua Xiao, Xinlei Wang, Yunguan Wang	The University of Texas Southwestern Medical Center, University of Cincinnati, Cincinnati Children's Hospital Medical Center	Unknown Journal	https://doi.org/10.64898/2025.12.11.693759	0	article	True	Single-cell and spatial transcriptomics	False	False	False
Presence of onco-fetal neighborhoods in hepatocellular carcinoma is associated with relapse and response to immunotherapy	2024-01-01	Ankur Sharma, Florent Ginhoux		Figshare	https://doi.org/10.6084/m9.figshare.22297816	0	dataset	True	Liver Disease Diagnosis and Treatment	True	False	False
Abstract PS12-07: DNA methyltransferase 3A (DNMT3A) protein expression in triple-negative breast cancer (TNBC): Impact on clinical outcomes, gene expression, and tumor microenvironment	2025-06-13	Roberto Leon Ferre, David Zahrieh, Sheldon C. Reed, Jodi M. Carter, Saba Yasir, David W. Hillman, Judy C. Boughey, Krishna R. Kalari, Peter C. Lucas, Saranya Chumsri, Jennifer M. Kachergus, Yi Liu, E. Aubrey Thompson, Harry D. Bear, Fergus J. Couch, James N. Ingle, Liewei Wang, Matthew P. Goetz		Clinical Cancer Research	https://doi.org/10.1158/1557-3265.sabcs24-ps12-07	0	article	False	Cancer Genomics and Diagnostics	False	True	False
80 Association of <i>in situ</i> T-cell receptor diversity and tumor adjacent immune cells to checkpoint inhibitor response in head and neck squamous cell carcinoma (HNSCC)	2023-10-31	Fan Li, Angelo Harris, Patrick Franken, Matthew Loya, Gabrielle Suppa, Nora Pencheva, Susan Sun, Anantharaman Muthuswamy, Homer Adams, Mark Fereshteh, Omar Jabado	Genmab (United States), Genmab (Netherlands)	Regular and Young Investigator Award Abstracts	https://doi.org/10.1136/jitc-2023-sitc2023.0080	0	article	True	Cancer Immunotherapy and Biomarkers	False	True	False
Spatial transcriptomics links hepatocyte-macrophage interactions to viral signatures in seronegative hepatitis	2025-11-11	Amber Bozward, Mahboobeh Buhruznia, John Cole, Scott Davies, Kylie Savoye, Chiranjit Das, Matthew Pugh, Grace Wootton, Patricia Reis Nisa, Fabian Spill, Owen Cain, Adam P. Croft, Alan McNally, Ye Htun Oo	University of Glasgow, University of Birmingham	Unknown Journal	https://doi.org/10.21203/rs.3.rs-7971511/v1	0	preprint	True	Unknown	False	False	False
Abstract 1162: Tumor-immune microenvironment associated with obesity in triple-negative breast cancer in the Mayo Clinic cohort	2024-03-22	Songhan Pang, Yi Liu, Yaohua Ma, Zhuo Li, Roberto A. Leon‐Ferre, David M. Zahrieh, David W. Hillman, Judy C. Boughey, James N. Ingle, Krishna R. Kalari, Fergus J. Couch, Matthew P. Goetz, Keith L. Knutson, Saranya Chumsri, E. Aubrey Thompson	Mayo Clinic in Arizona, Nemours Children’s Clinic, Mayo Clinic in Florida	Cancer Research	https://doi.org/10.1158/1538-7445.am2024-1162	0	article	False	Cancer Risks and Factors	True	False	False
The local immune response after murine lung transplantation	2023-09-09	Pieterjan Kerckhof, Janne Kaes, Xin Jin, Céline Aelbrecht, Vincent Geudens, Arno Vanstapel, Charlotte Hooft, Lynn Willems, Jan Van Slambrouck, Lucia Aversa, Hanne Beeckmans, Gitte Aerts, Astrid Vermaut, Marta Zapata, Dirk Van Raemdonck, Yousry Mohamady, Laurent Godinas, Laurens De Sadeleer, John Mdonough, Laurens J. Ceulemans, Robin Vos, Bart Vanaudenaerde, Yildrim Ônder, Francesca Polverino, Joselyn Rojas, Juan Cala Garcia	Baylor College of Medicine, Yale Cancer Center, KU Leuven, Helmholtz Zentrum München, Vall d'Hebron Institut de Recerca, Universitair Ziekenhuis Leuven	Transplantation	https://doi.org/10.1183/13993003.congress-2023.oa4346	0	article	False	Transplantation: Methods and Outcomes	False	False	False
“Super Survivor” after Lung Transplantation – Protective Role of Macrophages?	2023-09-09	Edith Plucinski, Jan C. Kamp, Jens Gottlieb, Tobias Welte, Marius M. Hoeper, Hans-Heinrich Kreipe, Danny Jonigk, Lavinia Neubert, Mark Kühnel	RWTH Aachen University, Universitätsklinikum Aachen, Medizinische Hochschule Hannover	Unknown Journal	https://doi.org/10.1183/13993003.congress-2023.oa4245	0	article	False	Transplantation: Methods and Outcomes	False	True	False
Utilisation of spatial methodologies for the investigation of the tumour microenvironment	2026-01-01	Margaux Gardet, Florent Ginhoux, Kevin Mulder	Institut Gustave Roussy, Université Paris-Saclay	Methods in cell biology	https://doi.org/10.1016/bs.mcb.2025.10.012	0	book-chapter	False	Single-cell and spatial transcriptomics	False	False	False
Spatial transcriptomic analysis of tumor tissue from patients with metastatic urothelial carcinoma (mUC) receiving ipilimumab (IPI) plus nivolumab (Nivo) combined with sacituzumab govitecan (SG).	2025-02-10	Faustine Ong, Jin Xu, Yonghong Zhang, Monica Chatwal, Juskaran Chadha, Youngchul Kim, Carlos Moran Segura, Sean Yoder, Gabriela Villeta-Astacio, Douglas C. Marchion, Jasreman Dhillon, Jingsong Zhang, José A. Guevara-Patiño, Xuefeng Wang, Guru Sonpavde, Rohit Jain	Cornell University, Weill Cornell Medicine, Florida Hospital Cancer Institute, Moffitt Cancer Center, University of South Florida	Journal of Clinical Oncology	https://doi.org/10.1200/jco.2025.43.5_suppl.863	0	article	False	Bladder and Urothelial Cancer Treatments	False	True	False
Abstract 4532: Spatial profiling delineates tumor-T-cell dynamics in anti-PD-1-refractory melanoma treated with ipilimumab or ipilimumab plus nivolumab	2023-04-04	Nataly Naser Al Deen, Katie M. Campbell, Egmidio Medina, Cynthia R. Gonzalez, Philip O. Scumpia, Antoni Ribas		Cancer Research	https://doi.org/10.1158/1538-7445.am2023-4532	0	article	False	Cancer Immunotherapy and Biomarkers	True	False	False
The First ITS Meeting	2020-01-24	Anita S. Chong, Fadi Issa, Henri G. D. Leuvenink, Maria‐Luisa Alegre	University of Groningen, University of Chicago, Nuffield Orthopaedic Centre, University Medical Center Groningen, University of Oxford	Transplantation	https://doi.org/10.1097/tp.0000000000003132	3	article	True	Single-cell and spatial transcriptomics	False	True	False
Abstract 5493: Digital spatial profiling of MC38 colon carcinoma following checkpoint inhibition	2024-03-22	Priyanka Singh, Daniel Saims, Sheri Barnes, David E. Draper	LabCorp (United States)	Cancer Research	https://doi.org/10.1158/1538-7445.am2024-5493	0	article	False	Radiomics and Machine Learning in Medical Imaging	False	True	False
Digital spatial profiling identifies features of primary and locoregional metastatic vasculature in triple negative breast cancer	2026-01-19	Akhilandeshwari Ravichandran, Kyle Upton, Shiva Taheri, Liu C, Kaltin Ferguson, Megan Adams, Laura J. Bray	The University of Queensland, Princess Alexandra Hospital, Translational Research Institute, Mater Health Services, Queensland University of Technology	Clinical & Experimental Metastasis	https://doi.org/10.1007/s10585-026-10391-4	0	article	True	S100 Proteins and Annexins	False	False	False
Abstract 4425: Quantum-inspired computing analysis of spatial omics uncovers immune pathways relevant to T-DXd resistance in metastatic breast cancer	2025-04-21	Glori Das, Wenjuan Dong, Matthew Vasquez, Ji Hoon Lee, Yuan Gao, Jenny Chia-Chen Chang, Xiaoxian Li, Hong Zhao, Stephen T.C. Wong	Emory University, University of California, Los Angeles, Houston Methodist	Cancer Research	https://doi.org/10.1158/1538-7445.am2025-4425	0	article	False	Advanced Biosensing Techniques and Applications	False	True	False
Abstract 2485: A Bayesian framework for unraveling disease biology from spatially resolved single-cell omics datasets by combining unbiased approaches with biological priors for cell-based microdomain discovery	2025-04-21	Brian Falkenstein, Raymond Yan, Shannon Quinn, Akif Burak Tosun, S. Chakra Chennubhotla, Arutha Kulasinghe, Filippo Pullara	The University of Queensland	Cancer Research	https://doi.org/10.1158/1538-7445.am2025-2485	0	article	False	Single-cell and spatial transcriptomics	True	False	False
Genomic heterogeneity drives distinct infiltration patterns in glioblastoma	2025-11-29	Dylan Scott Lykke Harwood, Sara Blaabjerg Artzi, Vilde Pedersen, Alessio Locallo, Maya Jeje Schuang Lü, David Scheie, Dorte Schou Nørøxe, Nadine Margaretha Hammouda, Ulrik Lassen, Joachim Weischenfeldt, Bjarne Winther Kristensen	Copenhagen University Hospital, University of Copenhagen, Rigshospitalet	Acta Neuropathologica Communications	https://doi.org/10.1186/s40478-025-02106-9	0	article	True	Unknown	True	False	False
Abstract B060: Spatial landscape of cell cycle dynamics post-neoadjuvant chemotherapy in high-grade serous ovarian carcinoma	2024-03-04	Ada Junquera, Zhihan Liang, Iga Niemiec, Inga-Maria Launonen, Mariana Luna-Alvarez, Matilda Salko, Maija Vääriskoski, Essi Kahelin, Ulla‐Maija Haltia, Anni Virtanen, Anniina Färkkilä	University of Helsinki	Cancer Research	https://doi.org/10.1158/1538-7445.ovarian23-b060	0	article	False	Molecular Biology Techniques and Applications	False	True	False
Spatial Transcriptomics Shows a Distinctive Tumour Microenvironment in the Invasive Versus Premalignant Portion of Early Cutaneous Squamous Cell Carcinoma	2025-06-01	Jeong‐An Gim, Chungyeul Kim, Hyongmin Oh, Ko Eun Kim, Jiehyun Jeon, Aeree Kim, Yoo Sang Baek	Korea University, Soonchunhyang University, Korea University Medical Center	Experimental Dermatology	https://doi.org/10.1111/exd.70125	0	article	True	Immunotherapy and Immune Responses	False	True	False
Data from Ultra High-Plex Spatial Proteogenomic Investigation of Giant Cell Glioblastoma Multiforme Immune Infiltrates Reveals Distinct Protein and RNA Expression Profiles	2023-04-06	Shilah A. Bonnett, Alyssa Rosenbloom, Giang T. Ong, Mark Conner, Aric B.E. Rininger, Daniel Newhouse, Felicia New, Chi Q. Phan, Saskia Ilcisin, Hiromi Sato, John S. Lyssand, Gary Geiss, Joseph Beechem		Unknown Journal	https://doi.org/10.1158/2767-9764.c.6566862.v1	0	preprint	True	Advanced Proteomics Techniques and Applications	False	False	False
CD73 restrains mutant β-catenin oncogenic activity in endometrial carcinomas	2026-01-22	Rebecca M. Hirsch, Gaith Droby, Sunthoshini Premsankar, Molly L. Parrish, Katherine C. Kurnit, Lilly F. Chiou, Emily M. Rabjohns, Hannah N. Lee, Russell R. Broaddus, Peijun Liu, Katlyn Hurst	University of North Carolina at Chapel Hill, UNC Lineberger Comprehensive Cancer Center, BSCS Science Learning, Chancellor University, University of Chicago	JCI Insight	https://doi.org/10.1172/jci.insight.189510	0	article	True	Adenosine and Purinergic Signaling	False	True	False
Abstract 2099: Leveraging spatial transcriptomics and proteomics to assess the Immune response and DNA damage in high grade serous ovarian cancer (HGSOC) treated with neoadjuvant chemotherapy	2025-04-21	Divya Dave, Natalie R. Gassman, Emily O'brein, Fibiana Oladipo, Rebecca C. Arend	University of Alabama at Birmingham	Cancer Research	https://doi.org/10.1158/1538-7445.am2025-2099	0	article	False	Bladder and Urothelial Cancer Treatments	False	True	False
Spatial Profiling of Glioblastoma Microenvironments and Response to Immunotherapy	2023-05-01	Lizmarie Garcia-Rivera, Dan Chen, Susan M. Kaech	Salk Institute for Biological Studies	The Journal of Immunology	https://doi.org/10.4049/jimmunol.210.supp.86.06	0	article	True	Neuroinflammation and Neurodegeneration Mechanisms	False	False	False
770P Comprehensive immune profiling of primary tumors, lymph nodes, and peripheral blood after treatment with nivolumab and BMS 986205 in head and neck squamous cell carcinoma (HNSCC)	2022-09-01	Larry A. Harshyne, A. Linnenbach, M. Mahoney, A. South, Ubaldo Martinez‐Outschoorn, J.M. Curry, D. Cognetti, J.M. Johnson, M. Tuluc, A. Argiris, A. Luginbuhl	Sidney Kimmel Cancer Center, Thomas Jefferson University, Hygeia Hospital	Annals of Oncology	https://doi.org/10.1016/j.annonc.2022.07.896	0	article	False	Cancer Immunotherapy and Biomarkers	False	False	False
527 Long-term melatonin treatment stimulates melanin production as well as melanocyte dendricity and proliferation in human epidermis ex vivo	2022-11-18	A. Sevilla, J. Chéret, W. Lee, R. Paus	Monasterium Laboratory Skin & Hair Research Solutions (Germany), University of Miami	Journal of Investigative Dermatology	https://doi.org/10.1016/j.jid.2022.09.542	0	article	True	melanin and skin pigmentation	False	False	False
A New Probiotic Blend Facilitates Resolution of Inflammation in a Crohn’s Disease Mouse Model by Promoting Apoptosis in Mucosal Innate Immune Cells	2024-10-01	Carlo De Salvo, Abdullah Ösme, Mahmoud A. Ghannoum, Fabio Cominelli, Luca Di Martino		Preprints.org	https://doi.org/10.20944/preprints202410.0050.v1	0	preprint	True	Inflammatory Bowel Disease	False	True	False
Abstract 3647: Digital spatial transcriptomic reveals different epithelial and immune cells signatures across endometriosis-related diseases: From simple ovarian endometriosis to ovarian cancer	2024-03-22	Valentina Iacobelli, Camilla Nero, Stefano Alivernini, Giulia Scaglione, Floriana Camarda, Francesca Sillano, Rita Trozzi, Alessia Piermattei, Barbara Tolusso, Giulia Mantini, Luciano Giacò, Gloria Anderson, Gian Franco Zannoni, Elisa Gremese, Anna Fagotti, Giovanni Scambia	Università Cattolica del Sacro Cuore	Cancer Research	https://doi.org/10.1158/1538-7445.am2024-3647	0	article	False	Endometriosis Research and Treatment	False	True	False
Abstract 5932: Immunomodulatory and anticancer effects of cyclical gemcitabine/nab-paclitaxel with continuous dosing of tinodasertib (AUM001) in preclinical KPC model	2024-03-22	Wai Fook Leong, Sze Sing Lee, Jyue Yuan Lim, Siwen Sylvialin Chen, Fara Faye Regis, Romana Vidergar, Subhra K. Biswas, Balram Chowbay	National Cancer Centre Singapore, Singapore Immunology Network	Cancer Research	https://doi.org/10.1158/1538-7445.am2024-5932	0	article	False	Cancer Treatment and Pharmacology	False	True	False
Abstract 2037: Spatial omic changes of malignant pleural mesothelioma following treatment using tumor-treating fields	2022-06-15	Emil Lou, Katherine J. Ladner, Kerem Wainer-Katsir, Karina Deniz, Yaara Porat, Boris Brant, Shiri Davidi, Yuki Padmanabhan, Phillip Wong, Amrinder S. Nain, Clifford J. Steer, Moshe Giladi	University of Minnesota, Virginia Tech	Cancer Research	https://doi.org/10.1158/1538-7445.am2022-2037	0	article	False	Cancer Cells and Metastasis	False	True	False
A New Probiotic Formulation Promotes Resolution of Inflammation in a Crohn’s Disease Mouse Model by Inducing Apoptosis in Mucosal Innate Immune Cells	2024-11-10	Carlo De Salvo, Abdullah Ösme, Mahmoud A. Ghannoum, Fabio Cominelli, Luca Di Martino	University of Alabama at Birmingham, Case Western Reserve University, University Hospitals of Cleveland	International Journal of Molecular Sciences	https://doi.org/10.3390/ijms252212066	0	article	True	Gut microbiota and health	False	True	False
Abstract 5378: Spatially resolved human leukocyte antigen (HLA) expression correlates with motif neoepitope expression and durable response to immune checkpoint blockade (ICB) in non-small cell lung cancer (NSCLC)	2024-03-22	L.I. Goldman, Sarah Gorbatov, Collin Shen, Alexa Berezowitz, Edward B. Garon, Amy L. Cummings	University of California, Los Angeles, APLA Health	Cancer Research	https://doi.org/10.1158/1538-7445.am2024-5378	0	article	False	Cancer Immunotherapy and Biomarkers	False	True	False
Abstract 3652: Celleporter: a foundation model of cell and tissue biology with application to patient stratification and target discovery	2025-04-21	Yubin Xie, E. Margalit, Tyler Van Hensbergen, David Gómez de Antonio, JP Schmidt, Yan Guo, Jérémie Decalf, Maxime Dhainaut, Lucas Cavalcante, Hargita Kaplan, Rodney Collins, Francis Fernandez, R. Schiemann, Eric Siefkas, Michela Meister, Joy S. Tea, Carl Ebeling, Anastasia Mavropoulos, Nicole Snell, Shafique N. Virani, Ron Alfa, Lacey Padrón, Jacob Rinaldi, Daniel Bear	Sunesis (United States)	Cancer Research	https://doi.org/10.1158/1538-7445.am2025-3652	0	article	False	3D Printing in Biomedical Research	True	False	False
Similar Spatial Expression of Immune‐Related Proteins in SARS‐CoV‐2 Placentitis and Chronic Histiocytic Intervillositis	2025-01-01	Michelle Broekhuizen, Marie‐Louise van der Hoorn, Disha Vadgama, Michael Eikmans, Bojou J. Neecke, Johannes J. Duvekot, Pieter L. A. Fraaij, Irwin Reiss, Dana A. M. Mustafa, Lotte E. van der Meeren, Sam Schoenmakers	Leiden University Medical Center, Erasmus University Rotterdam, Erasmus MC, PathoFinder (Netherlands)	European Journal of Immunology	https://doi.org/10.1002/eji.202451386	0	article	True	SARS-CoV-2 and COVID-19 Research	False	True	False
Understanding the Impact of Macrophages on Lung Transplant Outcomes	2024-09-14	Edith Plucinski, Jan C. Kamp, Svenja Gaedcke, Christopher Werlein, Da‐Hee Park, Jens Gottlieb, Tobias Welte, Hans-Heinrich Kreipe, Danny Jonigk, Lavinia Neubert, Mark Kühnel	RWTH Aachen University, Universitätsklinikum Aachen, Medizinische Hochschule Hannover	Unknown Journal	https://doi.org/10.1183/13993003.congress-2024.pa5312	0	article	False	Transplantation: Methods and Outcomes	False	True	False
Inter- and intra-tumor heterogeneous immune presentation in primary uterine carcinosarcoma determined by digital spatial profiling	2024-09-10	Y.T. Li, Wei‐Chou Lin, Ko-Chen Chen, Wen-Chun Chang, Chin‐Jui Wu, Lin‐Hung Wei, Ruby Yun‐Ju Huang, Bor‐Ching Sheu	National Taiwan University, National Taiwan University Hospital	Unknown Journal	https://doi.org/10.1101/2024.09.05.611350	0	preprint	True	Endometrial and Cervical Cancer Treatments	False	True	False
525 Sunscreens on the skin microbiome: Impacts on bacterial viability in the presence and absence of ultraviolet radiation	2022-11-18	Matthew L. Smith, A.J. McBain, C.A. O’Neill	University of Manchester, Manchester Academic Health Science Centre	Journal of Investigative Dermatology	https://doi.org/10.1016/j.jid.2022.09.540	0	article	True	Skin Protection and Aging	False	False	False
Spatial profiling of the metabolism-immune axis in ovarian cancer	2026-01-29	Zhi-Bin Wang, Minghui Long, Ping Yu, Yali Wang, Zheng Yang, Ma-Sha Huang	Shanghai Jiao Tong University, Hunan Cancer Hospital, Ruijin Hospital, Xinxiang Medical University	Frontiers in Pharmacology	https://doi.org/10.3389/fphar.2025.1672020	0	article	True	Immune cells in cancer	False	True	False
Abstract PR05: Spatial transcriptomics of ductal carcinoma in situ reveal subtype specific differences in tumoral and stromal cell compartments	2024-02-01	Helga Bergholtz, Jens Henrik Norum, Tonje G. Lien, Hossein Schandiz, Torill Sauer, Jürgen Geisler, Thérese Sørlie	Oslo University Hospital, Akershus University Hospital	Cancer Research	https://doi.org/10.1158/1538-7445.advbc23-pr05	0	article	False	Cancer Genomics and Diagnostics	False	False	False
Late Breaking Abstract - AI-powered imaging combined with spatial transcriptomics reveals unique immune patterns linked to emphysema progression	2025-09-27	David Sánz-Rubio, Joselyn Rojas, A.H. Curiale, A. Colborg, Ayu Hutami Syarif, Scott A. Ochsner, Joshua Malo, Raúl San Jośe Estépar, Francesca Polverino	Brigham and Women's Hospital, University of Arizona, Baylor College of Medicine	Unknown Journal	https://doi.org/10.1183/13993003.congress-2025.oa1291	0	article	False	Unknown	False	True	False
522 T cell tissue responses and spatial profiling of vitiligo skin	2022-11-18	B. Ignatov, E. Zhuravleva, W. Zheng, D. Sortebech, M. Ehrström, P. Kjellman, L. Eidsmo	Karolinska University Hospital, LEO Foundation, Karolinska Institutet	Journal of Investigative Dermatology	https://doi.org/10.1016/j.jid.2022.09.537	0	article	True	Atherosclerosis and Cardiovascular Diseases	False	False	False
Abstract 1134: Dissecting pancreatic cancer tumor-immune microenvironment crosstalk using spatial transcriptomics	2024-03-22	Amaya Pankaj, Michael J. Raabe, Bidish K. Patel, Evan R. Lang, Joshua R. Kocher, Katherine Xu, Linda T. Nieman, William L. Hwang, Alec C. Kimmelman, David P. Ryan, Theodore S. Hong, Martin J. Aryee, David T. Ting	NYU Langone Health, Massachusetts General Hospital, Dana-Farber Cancer Institute	Cancer Research	https://doi.org/10.1158/1538-7445.am2024-1134	0	article	False	Single-cell and spatial transcriptomics	False	True	False
Comparative Cellular and Spatial Transcriptomic Analysis of Paucibacillary and Multibacillary pulmonary TB Lesions of B6.Sst1S Mice.	2025-10-06	Shivraj M. Yabaji (22379255), Suruchi Lata (22379258), Anna E. Tseng (15462376), Prasanna Babu Araveti (22379261), Ming Lo (63542), Igor Gavrish (11564263), Aoife K. O’Connell (15462382), Hans P. Gertje (15462379), Anna C. Belkina (10575956), Colleen E. Thurman (22379264), Hirofumi Kiyokawa (152415), Darrell Kotton (18612481), Shumin Tan (78109), Janice J. Endsley (8717637), William R. Bishai (149943), Nicholas Crossland (11374493), Lester Kobzik (82385), Igor Kramnik (183572)		Figshare	https://doi.org/10.1371/journal.ppat.1013563.g003	0	other	True	Unknown	False	True	False
373 Identification of potential targets for immunotherapy in a cynomolgus macaque model of Ebola virus disease	2023-04-01	Timothy G. Wanninger, Ómar A. Saldarriaga, Daniel Millián, Jason E. Comer, Kamil Khanipov, George Golovko, Slobodan Paessler, Heather L. Stevenson	The University of Texas Medical Branch at Galveston	Journal of Clinical and Translational Science	https://doi.org/10.1017/cts.2023.411	0	article	True	Viral Infections and Outbreaks Research	False	True	False
Abstract 5676: Digital spatial profiling for determination of pancreatic stromal components and correlation with survival	2022-06-15	Gerik W. Tushoski-Alemán, Dongtao Ann Fu, Lingsong Meng, Kelly M. Herremans, Andrea N. Riner, Christopher E. Forsmark, Zhiguang Huo, Steven J. Hughes, Song Han	University of Florida	Cancer Research	https://doi.org/10.1158/1538-7445.am2022-5676	0	article	False	Pancreatic and Hepatic Oncology Research	False	True	False
691 Identification of RNA biomarker candidates in melanocytic tumors using digital spatial profiling	2020-06-16	Maija Kiuru, Michelle Kriner, Guannan Zhu, Jessica R. Terrell, Margaret L. Hoang, Joe Beechem, John D. McPherson	University of California, Davis, Nanostring Technologies (United States), Air Force Medical University	Journal of Investigative Dermatology	https://doi.org/10.1016/j.jid.2020.03.703	0	article	False	Cancer-related molecular mechanisms research	False	False	False
Proteogenomic Profiling Reveals a Distinct Endogenous p16INK4a-Associated Senescence Signature in the Human Ovary	2026-02-04	Fiona Senchyna, Kevin Schneider, Pooja Raj Raj Devrukhkar, Nicolas Martin, Tommy Tran, Josef Byrne, Mark Watson, Fei Wu, Minja Belić, Matías Fuentealba, Mary Ellen Pavone, Elisheva D. Shanes, Bikem Soygur, Birgit Schilling, Kay Metis, Francesca Duncan, D. Furman	University of Southern California, Northwestern University, Buck Institute for Research on Aging	Unknown Journal	https://doi.org/10.64898/2026.02.02.703302	0	article	True	Telomeres, Telomerase, and Senescence	False	True	False
Abstract PS09-08: Genomic characterization of endocrine resistance in ER+HER2+ breast cancers in the POETIC Trial	2024-05-02	Maggie C.U. Cheang, Xixuan Zhu, Orsolya Sipos, Anastasia Alataki, Mikayla Feldbauer, Elena López-Knowles, Holly Tovey, Lucy Kilburn, Milana A. Bergamino, Dhrusti Patel, Hui Xiao, Perry Maxwell, Anthony Skene, Chris Holcombe, Manuel Salto‐Tellez, Nicholas C. Turner, Andrew Dodson, Ian C. P. Smith, J.F.R. Robertson, Judith M. Bliss, Gene Schuster, Roberto Salgado, Mitch Dowsett, Katherine A. Hoadley	Institute of Cancer Research, University of North Carolina at Chapel Hill, Royal Bournemouth and Christchurch Hospitals NHS Foundation Trust, Queen's University Belfast, UNC Lineberger Comprehensive Cancer Center, University Hospitals of Derby and Burton NHS Foundation Trust, University of Nottingham, Royal Marsden NHS Foundation Trust	Cancer Research	https://doi.org/10.1158/1538-7445.sabcs23-ps09-08	0	article	False	Advanced Breast Cancer Therapies	False	True	False
Identification of conserved gene expression changes across common glomerular diseases by spatial transcriptomics	2023-04-11	Dong Ki Kim, Jeong Min Cho, Minji Kang, Sehoon Park, Ha Yeon Shin, Jung Hun Koh, Semin Cho, Yaerim Kim, Soojin Lee, Yong Chul Kim, Seung Seok Han, Kwon Wook Joo, Yon Su Kim, Hajeong Lee, Hyun Je Kim	Seoul National University Hospital, Samsung Medical Center	Unknown Journal	https://doi.org/10.21203/rs.3.rs-2773751/v1	0	preprint	True	Renal Diseases and Glomerulopathies	False	True	False
Abstract 1160: Investigating spatial gene expression profiling in colorectal cancer: Tumor and stroma comparison between primary lesions and matched liver metastases	2024-03-22	Jongwon Lee, Yeseul Kim, Hyo Seon Ryu, Jongmin Sim, Chungyeul Kim, Jong Min Park, Ah-Reum Lim, Jung Sun Kim, Hwa Jung Sung, Xingyi Guo, Jungmin Choi, Jung Yoon Choi	Vanderbilt University Medical Center, Korea University Medical Center	Cancer Research	https://doi.org/10.1158/1538-7445.am2024-1160	0	article	False	Radiomics and Machine Learning in Medical Imaging	False	False	False
Abstract 774: Deciphering the biology of colorectal metastasis to the peritoneal surface	2025-04-21	Shahid Umar, Badal C. Roy, Amrita Mitra, Jill Haley, Harsh B. Pathak, Andrew K. Godwin, Luke V. Selby, Mazin Al‐Kasspooles	University of Kansas Medical Center	Cancer Research	https://doi.org/10.1158/1538-7445.am2025-774	0	article	False	Intraperitoneal and Appendiceal Malignancies	False	True	False
Abstract 2010: A spatial profiling approach to evaluating the prognostic impact of heterogeneity in the triple-negative breast cancer immune microenvironment	2025-04-21	Prerana Sensharma, Hui Zuo, Melanie Dawe, Megan Hopkins, Zeynep Baskurt, Osvaldo Espin-Garcia, Philippe L. Bédard, Melanie Spears, Susan J. Done	Princess Margaret Cancer Centre, University of Toronto, Institute of Cancer Research, University Health Network	Cancer Research	https://doi.org/10.1158/1538-7445.am2025-2010	0	article	False	Cancer Immunotherapy and Biomarkers	False	True	False
Molecular and Spatial Transcriptomics Analysis in Silica-Induced Pulmonary Fibrosis	2025-03-20	Nebal Abu Hussein, Taylor Adams, Sabina Anderson, Mordechai R. Kramer, Fadi Nikola, Robert Homer, A. Najjar, Prapti Sharma, Luning Yang, Yuning Zhang, Xiting Yan, Barak Perzov, Naftali Kaminski	Rabin Medical Center, University of New Haven	Unknown Journal	https://doi.org/10.1183/23120541.lsc-2025.tp230	0	article	False	Occupational and environmental lung diseases	True	False	False
181 Transcriptomic and proteomic spatial profiling of pediatric and adult diffuse midline glioma <i>H3 K27</i>-altered, reveals region specific differences and limited overlap between mRNA and protein	2024-11-01	Jack Shireman, Sudarshawn Damodharan, Elliot Xie, Christina Kendziorski, Mahua Dey	University of Wisconsin–Madison, Northwestern University	Regular and Young Investigator Award Abstracts	https://doi.org/10.1136/jitc-2024-sitc2024.0181	0	article	True	Cancer Research and Treatments	False	True	False
TS01.06 High-Plex Digital Spatial Profiling of Non-Small-Cell Lung Cancer (NSCLC)	2021-01-01	Arutha Kulasinghe, James Monkman, Touraj Taheri, Majid Ebrahimi Warkiani, Cian O’Leary, Rahul Ladwa, Derek J. Richard, Kenneth J. O’Byrne	Queensland University of Technology, Princess Alexandra Hospital, Royal Brisbane and Women's Hospital, University of Technology Sydney	Journal of Thoracic Oncology	https://doi.org/10.1016/j.jtho.2020.10.098	0	article	True	Cancer Research and Treatments	False	False	False
Image 4_Exploratory spatial transcriptomic profiling of peritumoral Th2 immune polarization in HPV-positive oropharyngeal cancer.jpeg	2025-11-26	Naohiro Wakisaka (407153), Makiko Moriyama-Kita (833101), Satoru Kondo (407152), Eiji Kobayashi (107710), Takayoshi Ueno (457816), Yosuke Nakanishi (407151), Kazuhira Endo (407155), Hisashi Sugimoto (2146888), Tomokazu Yoshizaki (407160)		Figshare	https://doi.org/10.3389/fonc.2025.1732480.s003	0	other	True	Unknown	False	True	False
Table 1_Exploratory spatial transcriptomic profiling of peritumoral Th2 immune polarization in HPV-positive oropharyngeal cancer.xlsx	2025-11-26	Naohiro Wakisaka (407153), Makiko Moriyama-Kita (833101), Satoru Kondo (407152), Eiji Kobayashi (107710), Takayoshi Ueno (457816), Yosuke Nakanishi (407151), Kazuhira Endo (407155), Hisashi Sugimoto (2146888), Tomokazu Yoshizaki (407160)		Figshare	https://doi.org/10.3389/fonc.2025.1732480.s002	0	dataset	True	Unknown	False	True	False
Human Kidney Slice Cultures Are a Flexible Platform to Study Drug Mechanisms and Glomerular Diseases	2025-10-01	Shreeram Akilesh, Xianwu Li, Emily Beirne, Bre Mills, Chetan Poudel, Joshua C. Vaughan, Kelly D. Smith	University of Washington	Journal of the American Society of Nephrology	https://doi.org/10.1681/asn.2025bkeaff3e	0	article	False	3D Printing in Biomedical Research	False	True	False
Method for Numerical Evaluation of the Coefficients of Fourier Series	1959-01-01	Kurt Haase		The Journal of the Acoustical Society of America	https://doi.org/10.1121/1.1930133	0	article	True	Scientific Research and Discoveries	True	False	False
ANGI-09. NPC2-DRIVEN ANGIOGENESIS IN THE MESENCHYMAL SUBTYPE OF GLIOBLASTOMA	2025-11-01	Nayeong Yuk, Yu Jin Kim, JeongMan Park, JeongMin Sim, Ju Hyung Moon, Kyoung Su Sung, Jihwan Yoo, Jaejoon Lim	CHA University Bundang Medical Center, Hallym University, Gangnam Severance Hospital, Severance Hospital, CHA University, Dong-A University Hospital	Neuro-Oncology	https://doi.org/10.1093/neuonc/noaf201.0075	0	article	False	Unknown	False	True	False
Integrative Analysis of Transcriptomic Data Reveals a Predictive Gene Signature for Chemoradiotherapy Response in Rectal Cancer	2025-01-01	Claudia Corro apos, Joao Victor Machado Carvalho, Melivoia Rapti, Paolo Angelino, Matthieu Tihy, Arnaud Bakaric, Giacomo Puppa, Pratyaksha Wirahpati, André Durham, Frédéric Ris, Stéphanie Tissot, Jonathan Thévenet, Inti Zlobec, Mikäel J. Pittet, Petros Tsantoulis, Thibaud Koessler	University of Geneva, University of Bern, Geneva College, University of Lausanne	SSRN Electronic Journal	https://doi.org/10.2139/ssrn.5066297	0	preprint	True	Colorectal Cancer Surgical Treatments	False	False	False
Digital Spatial Profiling Demonstrates Differences Between Fibrosarcomatous Transformation of Dermatofibrosarcoma Protuberans and Its Conventional Counterparts	2025-09-01	Nicholas Frazzette, Suvrajit Maji, Nada Mohamed, Adam Jones, Ata S. Moshiri, Robert W. Ricciotti, Shreeram Akilesh, José G. Mantilla	NYU Langone Health, Joint Base San Antonio, University of Washington, San Antonio Military Medical Center	Modern Pathology	https://doi.org/10.1016/j.modpat.2025.100879	0	article	False	Sarcoma Diagnosis and Treatment	False	False	False
Digital spatial profiling for identification of prognostic genes and molecular subgroups in pleural mesothelioma.	2025-05-28	Mercedes Herrera, David Lora, Melina Peressini, Ramón Yarza, J. Gracia, Álvaro C. Ucero, Marc Abraham, Ana B. Enguita, David Gómez-Sánchez, Violeta J. Rodriguez, Esther Conde, Nuria Carrizo, Igor Gómez‐Randulfe, Roxana Reyes, Noemı́ Reguart, Javier Baena Preysler, Helena Bote de Cabo, Santiago Ponce-Aix, Luis Paz‐Ares, Jon Zugazagoitia	Centro de Investigación Biomédica en Red de Cáncer, Hospital Universitario 12 De Octubre, Hospital Clínic de Barcelona, Research Institute Hospital 12 de Octubre, Complexo Hospitalario Universitario A Coruña, Universidad Complutense de Madrid	Journal of Clinical Oncology	https://doi.org/10.1200/jco.2025.43.16_suppl.8084	0	article	False	Occupational and environmental lung diseases	False	True	False
Association of Computed Tomography Scan-Assessed Body Composition with Immune and PI3K/AKT Pathway Proteins in Distinct Breast Cancer Tumor Components	2024-12-14	Ting‐Yuan David Cheng, Dongtao Ann Fu, Sara M. Falzarano, Runzhi Zhang, Susmita Datta, Weizhou Zhang, Angela R. Omilian, Livingstone Aduse‐Poku, Jiang Bian, Jerome Irianto, Jaya Ruth Asirvatham, Martha Campbell‐Thompson	Baylor Scott & White Health, University of Florida, The Ohio State University, Baylor Scott & White Medical Center - Temple, Roswell Park Comprehensive Cancer Center, Florida State University, Florida College	International Journal of Molecular Sciences	https://doi.org/10.3390/ijms252413428	0	article	True	Nutrition and Health in Aging	False	True	False
Microglia aggregates define distinct immune and neurodegenerative niches in Alzheimer's disease hippocampus.	2024-12-09	Sonja Fixemer, M. Maza, Gaël P. Hammer, Félicia Jeannelle, Sophie Schreiner, Jean‐Jacques Gérardy, Naguib Mechawar, Michel Mittelbronn, David Bouvier	Douglas Mental Health University Institute, McGill University, Luxembourg Institute of Health, University of Luxembourg	Unknown Journal	https://doi.org/10.21203/rs.3.rs-5387511/v1	0	preprint	True	Neuroinflammation and Neurodegeneration Mechanisms	False	True	False
Image 5_Exploratory spatial transcriptomic profiling of peritumoral Th2 immune polarization in HPV-positive oropharyngeal cancer.jpeg	2025-11-26	Naohiro Wakisaka (407153), Makiko Moriyama-Kita (833101), Satoru Kondo (407152), Eiji Kobayashi (107710), Takayoshi Ueno (457816), Yosuke Nakanishi (407151), Kazuhira Endo (407155), Hisashi Sugimoto (2146888), Tomokazu Yoshizaki (407160)		Figshare	https://doi.org/10.3389/fonc.2025.1732480.s001	0	other	True	Unknown	False	True	False
Abstract 7130: Spatially resolved single-cell analysis reveals cGAS-STING-mediated tumor-immune interactions via IFNα as determinants of pembrolizumab sensitivity in triple-negative breast cancer	2025-04-21	Yi Liu, Saranya Chumsri, Yaohua Ma, Jodi M. Carter, Aziza Nassar, Edith A. Perez, Roberto A. Leon‐Ferre, David M. Zahrieh, David W. Hillman, Judy C. Boughey, James N. Ingle, Krishna R. Kalari, Fergus J. Couch, Matthew P. Goetz, Keith L. Knutson, E. Aubrey Thompson	Mayo Clinic in Arizona, Nemours Children's Clinic, University of Alberta, Mayo Clinic in Florida	Cancer Research	https://doi.org/10.1158/1538-7445.am2025-7130	0	article	False	interferon and immune responses	False	False	False
Abstract 769: Spatial proteomics and transcriptomics reveal an altered immune cell landscape in bladder cancer patients unresponsive to BCG treatment	2025-04-21	Trine Strandgaard, Tine G. Andreasen, Tessa Divita, Liina Salminen, Sean Houghton, Kasper Thorsen, Iver Nordentoft, Iyinyeoluwa Okulate, Alexander Schmitz, Søren R. Paludan, John P. Sfakianos, Amir Horowitz, Jørgen Bjerggaard Jensen, Lars Dyrskjøt	Icahn School of Medicine at Mount Sinai, Weill Cornell Medicine, Aarhus University Hospital, Cornell University, Aarhus University	Cancer Research	https://doi.org/10.1158/1538-7445.am2025-769	0	article	False	Bladder and Urothelial Cancer Treatments	False	True	False
Spatial profiling reveals complex cellular responses of anti-IL5 treatment with mepolizumab in eosinophilic chronic rhinosinusitis with nasal polyposis	2025-09-09	Nicholas P. West, Sarah Williams, James L. Sinclair, Peter Howarth, Peter Smith, Raquel Alvarado, Peter Earls, Richard J. Harvey, Amanda J. Cox	St Vincent's Clinic, University of Queensland, GlaxoSmithKline (Germany), St Vincent's Hospital Sydney, Griffith University, Macquarie University	Journal of Leukocyte Biology	https://doi.org/10.1093/jleuko/qiaf128	0	article	True	Sinusitis and nasal conditions	False	False	False
OP0199 SPATIAL INSIGHTS INTO THE SALIVARY GLANDS OF PATIENTS WITH SJOGREN’S DISEASE	2024-06-01	Saba Nayar, Jason D. Turner, J. Flint, Dianne Gardner, Simon Bowman, Adam P. Croft, Andrew Filer, B Fisher	University of Birmingham	Annals of the Rheumatic Diseases	https://doi.org/10.1136/annrheumdis-2024-eular.5434	0	article	False	Salivary Gland Disorders and Functions	False	False	False
Spatial profiling reveals complex inflammatory responses of anti-IL5 treatment with mepolizumab in eosinophilic chronic rhinosinusitis with nasal polyposis	2024-10-22	Nicholas P. West, Ibrahim M. Shatla, James L. Sinclair, Peter Howarth, Peter Smith, Raquel Alvarado, Peter Earls, Richard J. Harvey, Amanda J. Cox	Griffith University, University of Queensland, UNSW Sydney	Unknown Journal	https://doi.org/10.22541/au.172956247.70378401/v1	0	preprint	True	Sinusitis and nasal conditions	False	False	False
Abstract P1-10-08: Assessing immune biomarkers of response to anthracyclines in breast cancer	2020-02-15	Melanie Spears, Carsten Denkert, Sonia L Villagas, Nicola Lyttle, Linda M. Liao, Mary Anne Quintayo, Christopher Twelves	Cancer Research UK, Ontario Institute for Cancer Research, Charité - Universitätsmedizin Berlin	Cancer Research	https://doi.org/10.1158/1538-7445.sabcs19-p1-10-08	0	article	False	Cancer Immunotherapy and Biomarkers	False	True	False
Spatially resolved expression profiling of lung function impairment candidate causal genes in the airway smooth muscle of COPD and IPF patients.	2025-09-27	Rohan Paranjpe, Robert J. Hall, Michael A. Portelli, A Clay, Nick Shrine, Samuel Moss, Louise V. Wain, Martin D. Tobin, Ian P. Hall, Ian Sayers	University of Leicester, Leicester College, Nottingham Biomedical Research Centre	Unknown Journal	https://doi.org/10.1183/13993003.congress-2025.pa3147	0	article	False	Unknown	False	True	False
Spatial Transcriptomics reveals biomass smoke extract induced gene expression changes in human lung parenchyma	2025-09-27	Robert J. Hall, A Clay, Michael A. Portelli, Binaya Kc, Dhruma Thakker, Ian Sayers, Ian P. Hall	University of Leicester, Leicester College, Nottingham Biomedical Research Centre, Kathmandu University	Unknown Journal	https://doi.org/10.1183/13993003.congress-2025.pa5240	0	article	False	Unknown	False	True	False
Immune infiltration is linked to increased transcriptional activity and distinct metabolic profiles in chordomas	2025-11-05	Siddh van Oost, Rick Ursem, Zeynep Betül Erdem, Sara Cardoso, Sanne Venneker, Ruud van der Breggen, Inge H. Briaire‐de Bruijn, Alwine B. Kruisselbrink, Wilco C. Peul, Károly Szuhai, Robert J. P. van der Wal, René van Zeijl, Bram Heijs, Noel F.C.C. de Miranda, Judith V.M.G. Bovée	Leiden University Medical Center	Unknown Journal	https://doi.org/10.1101/2025.11.04.686078	0	preprint	True	Unknown	False	True	False
Image 2_Exploratory spatial transcriptomic profiling of peritumoral Th2 immune polarization in HPV-positive oropharyngeal cancer.jpeg	2025-11-26	Naohiro Wakisaka (407153), Makiko Moriyama-Kita (833101), Satoru Kondo (407152), Eiji Kobayashi (107710), Takayoshi Ueno (457816), Yosuke Nakanishi (407151), Kazuhira Endo (407155), Hisashi Sugimoto (2146888), Tomokazu Yoshizaki (407160)		Figshare	https://doi.org/10.3389/fonc.2025.1732480.s005	0	other	True	Unknown	False	True	False
X-SPATIO: An Explanatory Deep Learning Pipeline for the Prediction and Visualization of Spatially Resolved Biomarker Expression in Triple-Negative Breast Cancer	2026-02-11	V. Madhusudhan Rao, Madhumala K. Sadanandappa, Candice C. Black, Scott Palisoul, Adrienne A. Workman, Todd A. MacKenzie, Xiaoying Liu, Mary D. Chamberlin, Louis Vaickus, George Zanazzi, Shrey Sukhadia	Dartmouth College, Dartmouth–Hitchcock Medical Center	Unknown Journal	https://doi.org/10.64898/2026.02.09.704587	0	article	True	AI in cancer detection	False	True	False
Protein-based immune profiles of basal-like vs. luminal breast cancers	2021-11-02	A. Walens, L.T Olsson, X. Gao, A.M Hamilton, E.L. Kirk, S.M. Cohen, B.R Midkiff, Yi Xia, M.E. Sherman, N. Nikolaishvili-Feinberg, J.S Serody, Katherine A. Hoadley, Melissa A. Troester, B.C. Calhoun	Public Health Department, Pediatrics and Genetics, University of North Carolina at Chapel Hill	UNC Libraries	https://doi.org/10.17615/v092-ev64	0	article	True	Cancer Immunotherapy and Biomarkers	False	False	False
Image 3_Exploratory spatial transcriptomic profiling of peritumoral Th2 immune polarization in HPV-positive oropharyngeal cancer.jpeg	2025-11-26	Naohiro Wakisaka (407153), Makiko Moriyama-Kita (833101), Satoru Kondo (407152), Eiji Kobayashi (107710), Takayoshi Ueno (457816), Yosuke Nakanishi (407151), Kazuhira Endo (407155), Hisashi Sugimoto (2146888), Tomokazu Yoshizaki (407160)		Figshare	https://doi.org/10.3389/fonc.2025.1732480.s004	0	other	True	Unknown	False	True	False
Abstract PR004: Spatial proteomics and transcriptomics reveal an altered immune cell landscape in bladder cancer patients unresponsive to BCG treatment	2024-05-17	Trine Strandgaard, Tine G. Andreasen, Tessa Divita, Liina Salminen, Sean Houghton, Kasper Thorsen, Iver Nordentoft, Iyinyeoluwa Okulate, Alexander Schmitz, Søren R. Paludan, John P. Sfakianos, Amir Horowitz, Jørgen Bjerggaard Jensen, Lars Dyrskjøt	Icahn School of Medicine at Mount Sinai, Weill Cornell Medicine, Aarhus University Hospital, Cornell University, Aarhus University	Clinical Cancer Research	https://doi.org/10.1158/1557-3265.bladder24-pr004	0	article	False	Bladder and Urothelial Cancer Treatments	False	True	False
Image 1_Exploratory spatial transcriptomic profiling of peritumoral Th2 immune polarization in HPV-positive oropharyngeal cancer.jpeg	2025-11-26	Naohiro Wakisaka (407153), Makiko Moriyama-Kita (833101), Satoru Kondo (407152), Eiji Kobayashi (107710), Takayoshi Ueno (457816), Yosuke Nakanishi (407151), Kazuhira Endo (407155), Hisashi Sugimoto (2146888), Tomokazu Yoshizaki (407160)		Figshare	https://doi.org/10.3389/fonc.2025.1732480.s006	0	other	True	Unknown	False	True	False
Using Spatial transcriptomics to profile selected candidate causal genes in lung epithelial regions of COPD and IPF patients	2025-09-27	Holly Pedley, Rohan Paranjpe, A Clay, Michael A. Portelli, Samuel Moss, Robert J. Hall, Nick Shrine, Louise V. Wain, Martin D. Tobin, Ian P. Hall, Ian Sayers	University of Leicester, Leicester College, Nottingham Biomedical Research Centre	Unknown Journal	https://doi.org/10.1183/13993003.congress-2025.pa3146	0	article	False	Unknown	False	True	False
Abstract 2718: Digital spatial profiling in HER2 positive breast cancer: The road to precision medicine	2021-07-01	Ilana Schlam, S. Church, Krysta Chaldekas, Brent T. Harris, Briana M. Hudson, Andrew M. White, Sandra M. Swain	MedStar Washington Hospital Center, Nanostring Technologies (United States), Georgetown University	Cancer Research	https://doi.org/10.1158/1538-7445.am2021-2718	0	article	False	Cancer Immunotherapy and Biomarkers	False	True	False
Prehabilitation as a Biologically Active Intervention Is Associated with the Remodeling of the Pancreatic Tumor-Immune Microenvironment	2026-01-18	Renee Stubbins, Boris Li, Matthew Vasquez, Blythe Gorman, Joseph M. Zambelas, Kelvin Allenson, Atiya Dhala, Wenjuan Dong, H. Zhao, Stephen Wong	Cornell University, The University of Texas Health Science Center at Houston, Methodist Hospital, Houston Methodist	International Journal of Molecular Sciences	https://doi.org/10.3390/ijms27020943	0	article	True	Cancer, Stress, Anesthesia, and Immune Response	False	True	False
Étude transcriptomique spatiale d’artère temporale : nouvelles informations sur le processus de l’artérite à cellules géantes	2023-06-01	Simon Parreau, Elsa Molina, Stéphanie Dumonteil, Radjiv Goulabchand, N. Shaun B. Thomas, Melanie C. Bois, A.L. Fauchais, É. Liozon, Marie‐Odile Jauberteau, Cornelia M. Weyand, K.H. Ly	Hôpital Dupuytren, WinnMed, Centre Hospitalier Universitaire de Nîmes, Inserm, University of California San Diego	La Revue de Médecine Interne	https://doi.org/10.1016/j.revmed.2023.04.302	0	article	False	Single-cell and spatial transcriptomics	False	False	False
Down syndrome and a presenilin 2 variant: dual genetic risk of Alzheimer’s disease	2025-09-04	Jordan Ogg, Nadia Postupna, Laura E. Gibbons, Jeanelle Ariza, Ming Xiao, Luciana Mascarenhas Fonseca, Suman Jayadev, C. Dirk Keene, Thomas D. Bird, Caitlin S. Latimer	Allen Institute, University of Washington, University of Washington Applied Physics Laboratory, Allen Institute for Brain Science, Washington State University Spokane	Acta Neuropathologica	https://doi.org/10.1007/s00401-025-02931-1	0	article	True	Alzheimer's disease research and treatments	False	True	False
Spatial transcriptome analysis in the airway epithelium identifies an altered gene expression profile in COPD versus control tissue	2024-09-14	Robert J. Hall, Michael A. Portelli, A Clay, Ian P. Hall, Ian Sayers	Nottingham Biomedical Research Centre	Unknown Journal	https://doi.org/10.1183/13993003.congress-2024.pa4400	0	article	False	Chronic Obstructive Pulmonary Disease (COPD) Research	False	True	False
Spatial Proteome Analysis Identifies Lymphocyte CD44 as a Biomarker Associated with SBRT Resistance in Early-Stage Non-Small Cell Lung Cancer	2023-09-29	Wu Yan, Rui Zhang, Juan Yu, David Y. Chen	Shandong Tumor Hospital, Shandong University, Shandong First Medical University	International Journal of Radiation Oncology*Biology*Physics	https://doi.org/10.1016/j.ijrobp.2023.06.1125	0	article	True	Ferroptosis and cancer prognosis	False	False	False
2338P The phenotype of tumor-associated macrophages in human high-grade serous ovarian carcinoma	2023-10-01	Irina Larionova, Elena Kazakova, Pavel Iamshchikov, Militsa Rakina, Julia Kzhyshkowska	Medizinische Fakultät Mannheim, National Research Tomsk State University, Heidelberg University	Annals of Oncology	https://doi.org/10.1016/j.annonc.2023.09.1367	0	article	True	Cancer, Lipids, and Metabolism	False	False	False
Abstract A039: Repeat RNA mediated disruption of cellular plasticity in pancreatic cancer	2024-09-15	Eunae You, Patrick Danaher, Chenyue Lu, Siyu Sun, Luli S. Zou, Ildiko E. Phillips, Alexandra S. Rojas, Natalie I. Ho, Yuhui Song, Michael J. Raabe, Katherine Xu, Peter Richieri, Hao Li, N O Aston, Rebecca L. Porter, Bidish K. Patel, Linda T. Nieman, Nathan Schurman, Briana M. Hudson, Khrystyna North, S. Church, Vikram Deshpande, Andrew S. Liss, Tae‐im Kim, Yi Cui, Young‐Mi Kim, Benjamin D. Greenbaum, Martin J. Aryee, David T. Ting	Dana-Farber Cancer Institute, Memorial Sloan Kettering Cancer Center, Massachusetts General Hospital, Nanostring Technologies (United States)	Cancer Research	https://doi.org/10.1158/1538-7445.pancreatic24-a039	0	article	False	RNA modifications and cancer	False	False	False
Clinical, Histopathologic, and Molecular Characterization of Allograft Mesangial Glomerulopathy	2024-10-01	Kelly D. Smith, Yuan Huang, Christopher D. Blosser, Nicolae Leca, Behzad Najafian, Shreeram Akilesh	University of Washington	Journal of the American Society of Nephrology	https://doi.org/10.1681/asn.2024s7z64rrk	0	article	False	Renal Diseases and Glomerulopathies	False	False	False
Multiplexed digital spatial protein profiling reveals a unique protein signature for advanced liver fibrosis	2022-07-26	Jaejun Lee, Chang Min Kim, Jung Hoon, Jin Young Park, Yun Suk Yu, Hee Jung Wang, Pil Soo Sung, Eun Sun Jung, Si Hyun Bae	Catholic University of Korea, Inje University Haeundae Paik Hospital	Research Square (Research Square)	https://doi.org/10.21203/rs.3.rs-1850279/v1	0	preprint	True	Liver Disease Diagnosis and Treatment	False	False	False
Spatially resolved expression profiling of lung function impairment candidate causal genes in the airway epithelium of COPD and IPF patients.	2025-09-27	Rohan Paranjpe, Robert J. Hall, Michael A. Portelli, A Clay, Nick Shrine, Samuel Moss, Louise V. Wain, Martin D. Tobin, Ian P. Hall, Ian Sayers	University of Leicester, Leicester College, Nottingham Biomedical Research Centre	Unknown Journal	https://doi.org/10.1183/13993003.congress-2025.pa3156	0	article	False	Unknown	False	True	False
LSC - 2024 - Multiplex protein quantification per cell type in bronchoalveolar lavage cytospin cells of patients with asthma and healthy individuals	2024-09-14	Nicole van der Burg, Martin Ryde, Jaro Ankerst, Leif Bjermer, Ellen Tufvesson	Lund University	Unknown Journal	https://doi.org/10.1183/13993003.congress-2024.oa1072	0	article	False	Inhalation and Respiratory Drug Delivery	False	False	False
High-plex Digital Spatial Profiling Identifies Subregion-Dependent Directed Proteome Changes Across Multiple Variants of Dementia	2024-05-01	MacKenzie L. Bolen, Kelly B. Menees, Andrea R. Merchak, Marla Gearing, Jingjing Gong, Yuqi Ren, Melissa E. Murray, Zachary T. McEachin, Malú G. Tansey	Research Network (United States), Mayo Clinic in Florida, Emory University, University of Florida, Nanostring Technologies (United States), Jacksonville College, Institute for Neurodegenerative Disorders	Unknown Journal	https://doi.org/10.1101/2024.04.29.591721	0	preprint	True	Alzheimer's disease research and treatments	False	False	False
Exploratory spatial transcriptomic profiling of peritumoral Th2 immune polarization in HPV-positive oropharyngeal cancer	2025-11-26	Naohiro Wakisaka, Makiko Moriyama‐Kita, Satoru Kondo, Eiji Kobayashi, Takayoshi Ueno, Yosuke Nakanishi, Kazuhira Endo, Hisashi Sugimoto, Tomokazu Yoshizaki	Kanazawa University, Kanazawa Medical University, Kanazawa Medical Center	Frontiers in Oncology	https://doi.org/10.3389/fonc.2025.1732480	0	article	True	Unknown	False	True	False
Abstract 15810: Cerebral Thrombus Transcriptome in Acute Ischemic Stroke	2022-11-08	Emma Federico, Christopher L. Dupont, Alexandra González-Eras, Michael R. Levitt, Melanie Walker	Seattle University, Neurological Surgery, J. Craig Venter Institute	Circulation	https://doi.org/10.1161/circ.146.suppl_1.15810	0	article	False	RNA modifications and cancer	False	True	False
Abstract 5498: Multi-modal examination of spatial heterogeneity in the astrocytoma microenvironment	2024-03-22	Joel J D Moffet, Jurgen Kriel, Tianyao Lu, Lutz Freytag, James R. Whittle, Sarah A. Best, Saskia Freytag	Walter and Eliza Hall Institute of Medical Research	Cancer Research	https://doi.org/10.1158/1538-7445.am2024-5498	0	article	False	Glioma Diagnosis and Treatment	False	False	False
Identification of abnormal airway niches in the fibrotic lung using spatial transcriptomics	2024-03-01	A. Justet, Claudia Ravaglia, Angela Zhao, Niamh Adams, B. Agshin, Naftali Kaminski, Sara Tomasseti, Venerino Poletti	Azienda Ospedaliero-Universitaria Careggi, Yale University	Revue des Maladies Respiratoires	https://doi.org/10.1016/j.rmr.2024.01.068	0	article	False	Tracheal and airway disorders	False	False	False
Mapping the Microenvironment: A Single-Cell Spatial Atlas of Diabetic Nephropathy	2024-10-01	Bernhard Dumoulin, Jonathan Levinsohn, Konstantin A. Kloetzer, Eunji Ha, Andi M. Bergeson, Katalin Suszták	University of Pennsylvania	Journal of the American Society of Nephrology	https://doi.org/10.1681/asn.2024drdrywbz	0	article	False	Atherosclerosis and Cardiovascular Diseases	False	False	False
252 The spatial transcriptomic landscape of SCCIS in immunocompetent and immunosuppressed patients	2023-04-17	M.L. Hedberg, S.M. Prouty, Wan Sze Chang, J.A. Fraietta, J.T. Seykora	University of Pennsylvania	Journal of Investigative Dermatology	https://doi.org/10.1016/j.jid.2023.03.256	0	article	True	Nonmelanoma Skin Cancer Studies	False	False	False
Calcified Artery Preparation and Processing with Preserved Morphology and RNA for Digital Spatial Profiling	2026-01-23	Hong Niu, Keisuke Kamada, Emily Beirne, Gale L. Tang	VA Puget Sound Health Care System, University of Washington	Journal of Visualized Experiments	https://doi.org/10.3791/69159	0	article	False	Single-cell and spatial transcriptomics	False	True	False
Spatial Transcriptomics Differentiates Donor-Specific Antibody-Positive and -Negative Microvascular Inflammation	2024-10-01	Kelly D. Smith, Yuan Huang, Christopher D. Blosser, Nicolae Leca, Shreeram Akilesh	University of Washington	Journal of the American Society of Nephrology	https://doi.org/10.1681/asn.2024myhaqj0n	0	article	False	Neutrophil, Myeloperoxidase and Oxidative Mechanisms	False	False	False
Multimodal spatial omics reveals pro-invasive N-glycosylation in early human placentation	2025-11-30	Leow, Ke Xuan, Averbukh, Inna, Lackner, Andreas, Grimsley, Grace, Russell, Jacob, Du, Wenqiang, Höbler, Anna-Lena, Lu, Xiaowei, Kong, Alex, Varra, Sricharan Reddy, Kagel, Adam, Ranek, Jolene, Piyadasa, Hadeesha, Franchina, Davide, Liu, Candace, Fullaway, Christine Camacho, Marc, Bosse, Pollheimer, Jürgen, Angel, Peggi, Riley, Nick, Bertozzi, Carolyn, Bendall, Sean, Drake, Richard, Angelo, Michael		Zenodo (CERN European Organization for Nuclear Research)	https://doi.org/10.5281/zenodo.17604348	0	dataset	True	Unknown	False	True	False
Human Neural Organoid Modeling of Diffuse Midline Glioma Faithfully Captures the Complexity of Patient Tumors	2025-01-01	Jack Shireman, Elliot Xie, Connie S. Lebakken, Sudarshawn Damodharan, Kailyn T. Parham, William D. Richards, Rintaro Hashizume, Christina Kendziorski, Mahua Dey	University of Wisconsin–Madison, University of Alabama at Birmingham, University of Chicago	SSRN Electronic Journal	https://doi.org/10.2139/ssrn.5347073	0	preprint	True	Mathematical Biology Tumor Growth	False	False	False
FIGURE 3 from Ultra High-plex Spatial Proteogenomic Investigation of Giant Cell Glioblastoma Multiforme Immune Infiltrates Reveals Distinct Protein and RNA Expression Profiles	2023-05-03	Shilah A. Bonnett, Alyssa Rosenbloom, Giang T. Ong, Mark Conner, Aric B.E. Rininger, Daniel Newhouse, Felicia New, Chi Q. Phan, Saskia Ilcisin, Hiromi Sato, John S. Lyssand, Gary Geiss, Joseph Beechem		Unknown Journal	https://doi.org/10.1158/2767-9764.22744306.v1	0	preprint	True	RNA modifications and cancer	False	True	False
WORKSHOP: Spatial omics	2025-10-28	Frederick R. Jaya, Sarah Williams, Mitchell J. O’Brien, Nicholas Matigian, Amarinder Singh Thind, Ciccy Wang, Giorgia Mori	Biocom, Garvan Institute of Medical Research, Queensland Cyber Infrastructure Foundation, University of Sydney, National Informatics Centre	Zenodo (CERN European Organization for Nuclear Research)	https://doi.org/10.5281/zenodo.18168943	0	other	True	Unknown	False	False	False
Type 2 diabetes Reprograms Bone Marrow Hematopoiesis and Dysregulates Immune Signaling in Response to Stroke	2025-12-30	Hongxia Zhang, Wanjun Gu, Kailin Yu, Chia-Ling Tu, Wenhan Chang, Jialing Liu	University of California, San Francisco, University of California, Berkeley, University of San Francisco, Neurological Surgery, Universidad Católica de Santa Fe, San Francisco VA Health Care System	Unknown Journal	https://doi.org/10.64898/2025.12.29.696958	0	article	True	Neuroinflammation and Neurodegeneration Mechanisms	False	True	False
Thyroid hormone signaling causally influences pancreatic disease risk: Evidence from Mendelian randomization and multi-omics integration	2026-01-15	Xuejiao Wu, Zilin Yang	Zhongshan Hospital, Shanghai Xuhui Central Hospital, Yangpu Hospital of Tongji University	Computational Biology and Chemistry	https://doi.org/10.1016/j.compbiolchem.2026.108897	0	article	True	Pancreatitis Pathology and Treatment	False	True	False
43 Highly multiplexed digital spatial profiling of the tumor microenvironment of non-small-cell lung cancer (NSCLC)	2020-11-01	Arutha Kulasinghe, Connor O’Leary, Rahul Ladwa, Majid Ebrahimi Warkiani, Kenneth J. O’Byrne	Queensland University of Technology, Princess Alexandra Hospital, University of Technology Sydney	Regular and Young Investigator Award Abstracts	https://doi.org/10.1136/jitc-2020-sitc2020.0043	0	article	True	Radiomics and Machine Learning in Medical Imaging	False	True	False
Data from Exercise Training Reduces the Inflammatory Response and Promotes Intestinal Mucosa-Associated Immunity in Lynch Syndrome	2023-11-01	Nan Deng, Laura Reyes-Uribe, Johannes F. Fahrmann, Whittney S. Thoman, Mark F. Munsell, Jennifer B. Dennison, Eunice Murage, Ranran Wu, Ernest T. Hawk, Selvi Thirumurthi, Patrick M. Lynch, Christina M. Dieli‐Conwright, Alexander J. Lazar, Sonali Jindal, Khoi Chu, Manoj Chelvanambi, Karen Basen‐Engquist, Yisheng Li, Jennifer A. Wargo, Florencia McAllister, James P. Allison, Padmanee Sharma, Krishna M. Sinha, Samir Hanash, Susan C. Gilchrist, Eduardo Vilar		Unknown Journal	https://doi.org/10.1158/1078-0432.c.6908236	0	preprint	True	Genetic factors in colorectal cancer	False	False	False
FIGURE 3 from Ultra High-plex Spatial Proteogenomic Investigation of Giant Cell Glioblastoma Multiforme Immune Infiltrates Reveals Distinct Protein and RNA Expression Profiles	2023-05-03	Shilah A. Bonnett, Alyssa Rosenbloom, Giang T. Ong, Mark Conner, Aric B.E. Rininger, Daniel Newhouse, Felicia New, Chi Q. Phan, Saskia Ilcisin, Hiromi Sato, John S. Lyssand, Gary Geiss, Joseph Beechem		Unknown Journal	https://doi.org/10.1158/2767-9764.22744306	0	preprint	True	Ferroptosis and cancer prognosis	False	True	False
Relative <scp>MYC</scp> downregulation and <scp>RUNX2</scp> upregulation orchestrate partial epithelial‐mesenchymal transition in colorectal cancer tumor budding and poorly differentiated clusters	2026-01-09	Tsuyuha Koba, Takashi Hibiya, Takahiro Shibayama, Kenichiro Kato, Hiromi Onizuka, Kashi Satomi, Kiyotaka Nagahama, Eiji Sunami, Nobutsugu Abe, Eiryo Kawakami, Junji Shibahara, Akimasa Hayashi	Kyorin University, Chiba University	The Journal of Pathology	https://doi.org/10.1002/path.70013	0	article	False	Cancer Cells and Metastasis	False	True	False
Strain-conditioned spatial gene expression in female mouse bone under physiological and non-physiological strain distribution	2026-02-01	Worapat Sawatwong, Glen L. Niebur, Priyanka Ramesh, Devender Arora, Meghana Machireddy, Jyothi Thimmapuram, Chia‐Lung Wu, Russell P. Main	University of Notre Dame, Purdue University West Lafayette	JBMR Plus	https://doi.org/10.1093/jbmrpl/ziag016	0	article	True	Bone health and osteoporosis research	False	True	False
Abstract P2-21-08: Digital spatial profiling of RNA and protein in the invasive lobular breast cancer microenvironment	2023-03-01	Lynda Bennett, Candace Frerich, Sunati Sahoo, Cheryl Lewis, Indu Raman, Min Xu, Guanchun Chen, Suzanne D. Conzen	The University of Texas Southwestern Medical Center	Cancer Research	https://doi.org/10.1158/1538-7445.sabcs22-p2-21-08	0	article	False	Cancer Research and Treatments	False	False	False
Data from Spatially Resolved Transcriptomics Deconvolutes Prognostic Histological Subgroups in Patients with Colorectal Cancer and Synchronous Liver Metastases	2023-04-14	Colin S. Wood, Kathryn A.F. Pennel, Holly Leslie, Assya Legrini, Andrew J. Cameron, Lydia Melissourgou-Syka, Jean A. Quinn, Hester C. van Wyk, Jennifer Hay, Antonia K. Roseweir, Colin Nixon, Campbell S.D. Roxburgh, Donald C. McMillan, Andrew V. Biankin, Owen J. Sansom, Paul G. Horgan, Joanne Edwards, Colin W. Steele, Nigel B. Jamieson		Unknown Journal	https://doi.org/10.1158/0008-5472.c.6599682	0	preprint	True	Cancer Immunotherapy and Biomarkers	False	True	False
Abstract P2-24-02: Analyzing susceptibility to macrophage-activating immunotherapy bexmarilimab in breast cancer by using patient-derived tumor explants	2023-03-01	Jenna H. Rannikko, Reetta Virtakoivu, Akira Takeda, Pia Boström, Ilkka Koskivuo, Petri Bono, Maija Hollmén	Turku University Hospital, Orion Corporation (Finland), University of Turku, Etelä-Karjalan sosiaali ja terveyspiiri	Cancer Research	https://doi.org/10.1158/1538-7445.sabcs22-p2-24-02	0	article	False	Immune cells in cancer	False	False	False
Obesity-Driven Fibroblast Remodelling in Intestinal Fibrosis: A Multi-Omic Approach	2026-01-01	M F Nani	Consorci Institut D'Investigacions Biomediques August Pi I Sunyer	Journal of Crohn s and Colitis	https://doi.org/10.1093/ecco-jcc/jjaf231.1584	0	article	False	Phagocytosis and Immune Regulation	True	False	False
962 Single-cell spatial in situ transcriptomics unravels vulvar HSIL composition associated with complete response to therapeutic vaccination	2023-10-31	Ziena Abdulrahman, Mariëtte I.E. van Poelgeest, Marij J.P. Welters, Sjoerd van der Burg	Leiden University Medical Center	Regular and Young Investigator Award Abstracts	https://doi.org/10.1136/jitc-2023-sitc2023.0962	0	article	True	Cervical Cancer and HPV Research	True	False	False
EPCO-48. RESOLVING INTRATUMORAL TRANSCRIPTIONAL HETEROGENEITY ACROSS THE CORE-EDGE SPATIAL AXIS IN GLIOBLASTOMA	2024-11-01	Adam Luo, Kelly Casella, Ezra Baraban, Calixto‐Hope G. Lucas, Eugene Shenderov	Johns Hopkins Medicine, Johns Hopkins University	Neuro-Oncology	https://doi.org/10.1093/neuonc/noae165.0047	0	article	True	Glioma Diagnosis and Treatment	False	True	False
Multi-omic analysis of photoreceptor alterations during early-onset retinal degeneration in <i> Mfrp <sup>-/-</sup> </i> mice	2025-08-02	DaNae R. Woodard, Anil Chekuri, Kelsey Dang, Pooja Biswas, Swanand Koli, Justin Buchanan, Lin Lin, Sebastian Preißl, Allen Wang, Radha Ayyagari	Massachusetts Eye Research and Surgery Institute, University of California, San Diego, Smith-Kettlewell Eye Research Institute, Epigenomics (Germany), Massachusetts Eye and Ear Infirmary, Harvard University	Unknown Journal	https://doi.org/10.1101/2025.08.02.668277	0	preprint	True	Retinal Development and Disorders	False	False	False
WORKSHOP: Spatial omics	2025-10-28	Frederick R. Jaya, Sarah Williams, Mitchell J. O’Brien, Nicholas Matigian, Amarinder Singh Thind, Ciccy Wang, Giorgia Mori	Biocom, Garvan Institute of Medical Research, Queensland Cyber Infrastructure Foundation, University of Sydney, National Informatics Centre	Zenodo (CERN European Organization for Nuclear Research)	https://doi.org/10.5281/zenodo.18168944	0	other	True	Unknown	False	False	False
Postpartum breast cancer: evidence for a distinct phenotype	2026-01-07	Mark E Sherman, Lola Étiévant, S. Liu, M. Pilar Zamora, Kathryn J. Ruddy, Laura M. Pacheco-Spann, Daniel P. Wickland, Nicole Cruz-Reyes, Melody Stallings‐Mann, Matthew R. Jensen, E Aubrey Thompson, Jodi M. Carter, Ji Shi, Shoshana M Rosenberg, Craig Snow, Gregory J. Kirkner, Lidia Schapira, Jeffrey Peppercorn, Steven E. Come, Virginia F Borges, E. Warner, Laura C. Collins, A Partridge, R. M. Pfeiffer	Beth Israel Deaconess Medical Center, Dana-Farber Brigham Cancer Center, Sunnybrook Health Science Centre, Mayo Clinic in Florida, Stanford University, National Cancer Institute, Mayo Clinic in Arizona, Dana-Farber Cancer Institute, Stanford Medicine, Jacksonville College, Department of Health and Human Services, Massachusetts General Hospital, University of Colorado Anschutz Medical Campus	JNCI Journal of the National Cancer Institute	https://doi.org/10.1093/jnci/djag003	0	article	True	Cancer Risks and Factors	False	True	False
Data from High-Plex Predictive Marker Discovery for Melanoma Immunotherapy–Treated Patients Using Digital Spatial Profiling	2023-03-31	Maria Toki, Christopher R. B. Merritt, Pok Fai Wong, James W. Smithy, Harriet M. Kluger, Konstantinos N. Syrigos, Giang T. Ong, Sarah E. Warren, Joseph Beechem, David L. Rimm		Unknown Journal	https://doi.org/10.1158/1078-0432.c.6528045.v1	0	preprint	True	Cell Image Analysis Techniques	False	True	False
99P The transcriptional atlas of co-targeted PIM/PI3K/mTOR ex-vivo patient-derived prostate cancer as revealed by spatial transcriptomics	2022-10-01	U.A. Okoli, G. Akman, V. Thavarajah, Lina M. Carmona Echeverria, J. Griffin, R. Ohayi, A. Freeman, A. Haider, G. Shaw, A.N. Sridhar, J. Kelly, B. Simpson, H. Pye, J. Crompton, H. Whitaker, U. Cheema, Susan Heavey	Sheffield Teaching Hospitals NHS Foundation Trust, University College London Hospitals NHS Foundation Trust, University College London, University of Nigeria Teaching Hospital	Annals of Oncology	https://doi.org/10.1016/j.annonc.2022.09.100	0	article	True	Cancer Mechanisms and Therapy	False	False	False
Data from High-Plex Predictive Marker Discovery for Melanoma Immunotherapy–Treated Patients Using Digital Spatial Profiling	2023-03-31	Maria Toki, Christopher R. B. Merritt, Pok Fai Wong, James W. Smithy, Harriet M. Kluger, Konstantinos N. Syrigos, Giang T. Ong, Sarah E. Warren, Joseph Beechem, David L. Rimm		Unknown Journal	https://doi.org/10.1158/1078-0432.c.6528045	0	preprint	True	Cell Image Analysis Techniques	False	True	False
CSIG-07. HYPERCELLULAR NODULES IN OLIGODENDROGLIOMA REPRESENT POCKETS OF PROLIFERATIVE STEM-LIKE TUMOR CELLS	2023-11-01	Mengyi Liu, Karen Abramson, Emily Hocke, Stephanie Hilz, J Costello, Roger E. McLendon, David M. Ashley, Simon G. Gregory, Giselle Y. López	University of California, San Francisco, Duke University	Neuro-Oncology	https://doi.org/10.1093/neuonc/noad179.0163	0	article	True	Ferroptosis and cancer prognosis	False	True	False
Identification of an airway smooth muscle gene expression profile in COPD tissue versus control using spatial transcriptomics	2024-09-14	Robert J. Hall, Michael A. Portelli, Alexander Clay, Ian P. Hall, Ian Sayers	Nottingham Biomedical Research Centre	Unknown Journal	https://doi.org/10.1183/13993003.congress-2024.oa1898	0	article	False	Chronic Obstructive Pulmonary Disease (COPD) Research	False	True	False
Resolving placenta accreta spectrum biology with spatial transcriptomics	2023-01-01	Anhyo Jeong, Jina Kim, Ophelia Yin, Deborah Krakow, Hsian‐Rong Tseng, Yazhen Zhu, Sungyong You, Yalda Afshar	University of California, San Francisco, UCLA Health, California NanoSystems Institute, Cedars-Sinai Medical Center, University of California, Los Angeles	American Journal of Obstetrics and Gynecology	https://doi.org/10.1016/j.ajog.2022.11.094	0	article	True	Pregnancy and preeclampsia studies	False	False	False
582 A comparative approach to understanding the role of oncogenic MYC signaling in the metastatic osteosarcoma tumor immune microenvironment	2025-03-25	Rebecca Makii, Téa Ned, Mary Jane Underdown, Éric Palmer, Breelyn A. Wilky, Daniel P. Regan	Colorado State University, University of Colorado Cancer Center, University of Colorado Denver	Journal of Clinical and Translational Science	https://doi.org/10.1017/cts.2024.1150	0	article	True	HER2/EGFR in Cancer Research	False	True	False
Abstract B118: Investigating the tumor microenvironment’s role in lineage fate determination in pancreatic ductal adenocarcinoma	2025-09-28	Joshua Muscat, Eva C. Freckmann, Anastasios D. Papanastasiou, Jennifer P. Morton, Crispin Miller	Foster Care Associates Scotland	Cancer Research	https://doi.org/10.1158/1538-7445.pancreatic25-b118	0	article	False	Pancreatic and Hepatic Oncology Research	True	False	False
PR051/#484  Spatial profiling of ovarian clear cell carcinoma (OCCC) reveals immune-hot features	2023-11-01	Ya-Ting Tai, Wei‐Chou Lin, Duncan Yi-Te Wang, Jieru Ye, Tuan Zea Tan, Lin‐Hung Wei, Ruby Yun‐Ju Huang	National Taiwan University, National Taiwan University Hospital	Unknown Journal	https://doi.org/10.1136/ijgc-2023-igcs.92	0	article	True	Advanced Biosensing Techniques and Applications	False	True	False
Data from Exercise Training Reduces the Inflammatory Response and Promotes Intestinal Mucosa-Associated Immunity in Lynch Syndrome	2023-11-01	Nan Deng, Laura Reyes-Uribe, Johannes F. Fahrmann, Whittney S. Thoman, Mark F. Munsell, Jennifer B. Dennison, Eunice Murage, Ranran Wu, Ernest T. Hawk, Selvi Thirumurthi, Patrick M. Lynch, Christina M. Dieli‐Conwright, Alexander J. Lazar, Sonali Jindal, Khoi Chu, Manoj Chelvanambi, Karen Basen‐Engquist, Yisheng Li, Jennifer A. Wargo, Florencia McAllister, James P. Allison, Padmanee Sharma, Krishna M. Sinha, Samir Hanash, Susan C. Gilchrist, Eduardo Vilar		Unknown Journal	https://doi.org/10.1158/1078-0432.c.6908236.v1	0	preprint	True	Genetic factors in colorectal cancer	False	False	False
First glimpse of immune surveillance during premalignant progression of triple negative breast cancer 3378	2025-11-01	Xian Zhou, Jianhao Zeng, Edward D. Ball, Alexys Riddick, Patcharin Pramoonjago, Víctor H. Engelhard, Hui Zong	University of Virginia	The Journal of Immunology	https://doi.org/10.1093/jimmun/vkaf283.1189	0	article	True	Unknown	False	False	False
86: Digital spatial profiling of glomerular gene expression in pauci-immune glomerulonephritis	2022-03-31	André Oszwald, Helga Schachner, Andrew J. Rees, Renate Kain	Medical University of Vienna	Zenodo (CERN European Organization for Nuclear Research)	https://doi.org/10.5281/zenodo.6400873	0	article	True	Cell Adhesion Molecules Research	False	True	False
061 Spatial proteomics and transcriptomics with digital spatial profiling reveals overlapping, but distinct inflammatory pathways in discoid lupus and lichen planus	2022-07-20	Matthew D. Vesely, P. Divakar, Yingfei Liang, L. Chen	Nanostring Technologies (United States), Yale University	Journal of Investigative Dermatology	https://doi.org/10.1016/j.jid.2022.05.115	0	article	False	Oral Health Pathology and Treatment	False	False	False
Abstract 6297: Mapping cellular interactions from spatially resolved transcriptomics data	2025-04-21	James Zhu, Y. Wang, Woo Yong Chang, Alicia Malewska, Fabiana Napolitano, Jeffrey Gahan, Nisha Unni, Min Zhao, Rongqing Yuan, Fangjiang Wu, Lauren Yue, Lei Guo, Zhuo Zhao, Danny Z. Chen, Raquibul Hannan, Siyuan Zhang, Guanghua Xiao, Ping Mu, Ariella B. Hanker, Douglas W. Strand, Carlos L. Arteaga, Neil Desai, Xinlei Wang, Yang Xie, Tao Wang	University of Notre Dame, The University of Texas Southwestern Medical Center, Southwestern Medical Center, Cincinnati Children's Hospital Medical Center	Cancer Research	https://doi.org/10.1158/1538-7445.am2025-6297	0	article	False	Single-cell and spatial transcriptomics	False	False	False
Dissecting the molecular signatures underlying hybrid oncocytic tumors in Birt-Hogg-Dubé syndrome.	2023-02-20	Xiaoming Wang, Rahul Mannan, Yupin Zhang, Margaret E. Hogan, Dana King, Anya Chinnaiyan, Arul M. Chinnaiyan, Saravana M. Dhanasekaran, Rohit Mehra	Michigan Center for Translational Pathology, University of Michigan–Ann Arbor	Journal of Clinical Oncology	https://doi.org/10.1200/jco.2023.41.6_suppl.707	0	article	False	Renal cell carcinoma treatment	False	True	False
EXTH-73. TARGETING THE CELL ADHESION CLUSTER OF DIFFERENTIATION 44 TRANSMEMBRANE GLYCOPROTEIN SENSITIZES CRANIOPHARYNGIOMAS TO IMMUNOTHERAPY	2024-11-01	Alejandro Luján Feliu‐Pascual, Jayati Chakrabarti, Jennifer Eschbacher, Gabriel Zada, Albert Kim, Andrew Little, Sandro Santagata, Yana Zavros	Brigham and Women's Hospital, Washington University in St. Louis, Barrow Neurological Institute, University of Arizona, University of Southern California, Harvard University	Neuro-Oncology	https://doi.org/10.1093/neuonc/noae165.1003	0	article	True	Pituitary Gland Disorders and Treatments	False	False	False
Therapeutic Targeting of Epithelial–Mesenchymal Cellular Plasticity in Pancreatic Cancer	2025-12-09	Eric W. Lin, Preeti Pathak, Aileen O’Shea, Beatrice W. Awasthi, Ildiko E. Phillips, Joshua R. Kocher, Yuhui Song, Michael J. Raabe, Katherine H. Xu, Bidish K. Patel, Nicole A. Lester, Jung Woo Bae, M. Lisa Zhang, Linda T. Nieman, Lawrence S. Blaszkowsky, Elizabeth Walsh, Aparna R. Parikh, Andrea Hansen, Joanna Caufield, G. Newbert, Akwi W. Asombang, Brenna Casey, Jonah Cohen, Brian C. Jacobson, Kumar Krishnan, Raul N. Uppot, Ralph Weissleder, Nora Horick, William L. Hwang, Mukesh G. Harisinghani, David T. Ting, Colin D. Weekes	Boston University, Center for Cancer Research, University of Massachusetts Boston, Mass General Brigham, Center for Systems Biology, Beaumont Hospital, Harvard University Press, Massachusetts General Hospital	Clinical Cancer Research	https://doi.org/10.1158/1078-0432.ccr-25-2052	0	article	False	Unknown	False	False	False
TMIC-16. INTRATUMORAL THROMBOSIS INITIATES HYPOXIA AND NECROSIS TO DRIVE TUMOR PROGRESSION THROUGH DRAMATIC TUMOR MICROENVIRONMENTAL ALTERATION	2022-11-01	Steven M. Markwell, Cheryl L. Olson, Jiabo Li, Ling-Kai Shih, James Ross, Daniel J. Brat	Northwestern University, Emory University	Neuro-Oncology	https://doi.org/10.1093/neuonc/noac209.1060	0	article	True	Glioma Diagnosis and Treatment	False	True	False
TMIC-38. Dendritic cell dysfunction driven by hypoxia pathway activated DC tolerance as an immune evasion mechanism in adoptive cellular therapy	2025-11-01	Dan Jin, Alexandra Reid, John Figg, Connor Francis, Laura Falceto Font, Christopher Love, Kaytora Long-James, David Hilferty, Sofia Stansbury, Noboru Morikawa, Mathew Sebastian, Steeve Boulant, Duane A. Mitchell, Catherine Flores	University of Florida, University of North Carolina at Chapel Hill	Neuro-Oncology	https://doi.org/10.1093/neuonc/noaf201.1793	0	article	True	Unknown	False	True	False
Multimodal spatial omics reveals pro-invasive N-glycosylation in early human placentation	2025-11-30	Leow, Ke Xuan, Averbukh, Inna, Lackner, Andreas, Grimsley, Grace, Russell, Jacob, Du, Wenqiang, Höbler, Anna-Lena, Lu, Xiaowei, Kong, Alex, Varra, Sricharan Reddy, Kagel, Adam, Ranek, Jolene, Piyadasa, Hadeesha, Franchina, Davide, Liu, Candace, Fullaway, Christine Camacho, Marc, Bosse, Pollheimer, Jürgen, Angel, Peggi, Riley, Nick, Bertozzi, Carolyn, Bendall, Sean, Drake, Richard, Angelo, Michael		Zenodo (CERN European Organization for Nuclear Research)	https://doi.org/10.5281/zenodo.17604347	0	dataset	True	Unknown	False	True	False
Pigmented Paraganglioid Carcinoid Tumors of the Lung: Spatial Transcriptomics Reveals Shared and Distinct Features with Typical Carcinoid Tumors and Extra-Adrenal Paragangliomas	2025-12-02	Hisham F. Bahmad, Alfredo Perez-Tagle-Tejeda, Brenda M. Cisneros-Gonzalez, Rodrigo Santoscoy-Valencia, Jessica Alvarez-Lesmes, Katherine Drews‐Elger, Laurence M. Briski, Manuel Lora-Gonzalez, André Pinto, Andrew E. Rosenberg, Roberto Ruiz‐Cordero	Jackson Memorial Hospital, University of North Carolina at Pembroke, Memorial Healthcare System, Sylvester Comprehensive Cancer Center, Baptist Health South Florida, University of Miami	Unknown Journal	https://doi.org/10.64898/2025.11.29.25341268	0	article	True	Unknown	False	False	False
Spatial Profiling Reveals Equivalence-Derived Molecular Signatures of Brain Mimicry and Adaptation in Breast Cancer Brain Metastases	2025-01-17	Maxine Umeh Garcia, Christine Y. Yeh, Bryanna Godfrey, Pablo Nunez Perez, Giuseppe Barisano, Sushama Varma, Saman Ahmadian, Angus Toland, Monica Granucci, Thy Trinh, Hannes Vogel, Robert B. West, Michael Angelo, Lu Tian, Sylvia K Plevritis, Melanie Hayden Gephart	Stanford University	Unknown Journal	https://doi.org/10.1101/2025.01.13.631781	0	preprint	True	Bioinformatics and Genomic Networks	False	True	False
Data from Spatially Resolved Transcriptomics Deconvolutes Prognostic Histological Subgroups in Patients with Colorectal Cancer and Synchronous Liver Metastases	2023-04-14	Colin S. Wood, Kathryn A.F. Pennel, Holly Leslie, Assya Legrini, Andrew J. Cameron, Lydia Melissourgou-Syka, Jean A. Quinn, Hester C. van Wyk, Jennifer Hay, Antonia K. Roseweir, Colin Nixon, Campbell S.D. Roxburgh, Donald C. McMillan, Andrew V. Biankin, Owen J. Sansom, Paul G. Horgan, Joanne Edwards, Colin W. Steele, Nigel B. Jamieson	University of Glasgow, Glasgow Royal Infirmary, Cancer Research UK Scotland Institute	Unknown Journal	https://doi.org/10.1158/0008-5472.c.6599682.v1	0	preprint	True	Cancer Immunotherapy and Biomarkers	False	True	False
Lung Paraganglioid Carcinoid Tumors: A Distinct Neuroendocrine Variant with Spatial Profiling	2025-10-07	American Medical Association 2025, Bahmad, Hisham	Jackson Health System	Underline Science Inc.	https://doi.org/10.48448/2znk-8x51	0	other	True	Unknown	False	False	False
Digital spatial profiling: Mapping tumor responses to radiotherapy in rectal cancer.	2025-05-28	Rachel Purcell, Adèle Hegoburu, Mohammad Amer, Arielle Kae Sulit, Frank Frizelle	Christchurch Clinical Studies Trust	Journal of Clinical Oncology	https://doi.org/10.1200/jco.2025.43.16_suppl.3593	0	article	False	Colorectal Cancer Surgical Treatments	False	True	False
Abstract 4368563: Progression of Fontan Associated Liver Disease (FALD) Leads to a Metabolic Transformation in Hepatocytes	2025-11-03	Brandon M. Lehrich, Vik Meadows, Caleb Watson, Jordann Lewis, Lori Schmitt, Mylarappa Ningappa, Catherine K. Gestrich, Victor O. Morell, Rakesh Sindhi, Shveta Monga, Anita Saraf	University of Pittsburgh, Children's Hospital of Pittsburgh	Circulation	https://doi.org/10.1161/circ.152.suppl_3.4368563	0	article	False	Unknown	True	False	False
Data from Spatially Resolved Tumor Ecosystems and Cell States in Gastric Adenocarcinoma Progression and Evolution	2025-04-02	Haoran Ma, Supriya Srivastava, Shamaine Wei Ting Ho, Chang Xu, Benedict Shi Xiang Lian, Xuewen Ong, Su Ting Tay, Taotao Sheng, Huey Yew Jeffrey Lum, Siti Aishah Binte Abdul Ghani, Yunqiang Chu, Kie Kyon Huang, Yeek Teck Goh, Ming‐Hui Lee, Takeshi Hagihara, Clara Shi Ya Ng, Angie Lay Keng Tan, Yanrong Zhang, Zichen Ding, Feng Zhu, Michelle Shu Wen Ng, Craig Ryan Joseph, Hui Chen, Zhen Li, Joseph J. Zhao, Sun Young Rha, Ming Teh, Joe Yeong, Wei Peng Yong, Jimmy Bok Yan So, Raghav Sundar, Patrick Tan		Unknown Journal	https://doi.org/10.1158/2159-8290.c.7749834	0	preprint	True	Cancer Genomics and Diagnostics	False	False	False
Abstract LB311: Multimodal spatial profiling reveals the emergence of an immune suppressive microenvironment at the initial stages of high-grade serous ovarian cancer development	2024-04-05	Tanjina Kader, Jia‐Ren Lin, Shannon Coy, Clemens Hug, Yu‐An Chen, Roxanne J. Pelletier, Mariana Lopez Leon, J. Jack Lee, Yilin Xu, Clarence Yapp, Natalie Shih, Gabriel Mingo, Euihye Jung, Srishti Rathore, Judith Agudo, Charles W. Drescher, Peter K. Sorger, Ronny Drapkin, Sandro Santagata	Dana-Farber Cancer Institute, University of Pennsylvania, Harvard University	Cancer Research	https://doi.org/10.1158/1538-7445.am2024-lb311	0	article	False	Cancer Research and Treatments	False	True	False
Functional PTEN mutations in progestin-resistant de novo endometrial intraepithelial neoplasia (119)	2022-08-01	Elizabeth Munro, Terry K. Morgan	Oregon Health & Science University	Gynecologic Oncology	https://doi.org/10.1016/s0090-8258(22)01345-2	0	article	False	Kruppel-like factors research	False	False	False
POS0091 USE OF HIGH-PLEX DATA REVEALS NOVEL INSIGHTS INTO THE TEMPORAL ARTERY OF GIANT CELL ARTERITIS	2023-06-01	Simon Parreau, Elsa Molina, Stéphanie Dumonteil, Radjiv Goulabchand, Melanie C. Bois, N. Shaun B. Thomas, Marie‐Odile Jauberteau, A.L. Fauchais, É. Liozon, W. Cornelia, K.H. Ly	Hôpital Dupuytren, University of Groningen, Salk Institute for Biological Studies, Mayo Clinic in Florida, University of California, San Diego, CNR de la Résistance aux Antibiotiques, Université de Nîmes, WinnMed, University Medical Center Groningen, Mayo Clinic, Inserm, Sanford Consortium for Regenerative Medicine	Annals of the Rheumatic Diseases	https://doi.org/10.1136/annrheumdis-2023-eular.2220	0	article	True	Vasculitis and related conditions	False	False	False
Financiamiento del FMI y riesgo moral	2001-01-01	Timothy Lane, Steven J. Phillips		Finanzas y desarrollo: publicación trimestral del Fondo Monetario Internacional y del Banco Mundial	https://doi.org/10.1152/ajplung.00154.2023	0	article	False	Comparative International Legal Studies	False	True	False
Mixed Molecular Subtypes Coexist in Estrogen Receptor Heterogeneous Primary Breast Cancers	2025-11-01	Julia Foldi, Kaitlyn Xiong, Matthew Liu, Charles T. Robbins, Fangyuan Chen, Haiying Zhan, Sneha Burela, Jiawei Dai, Philipp L Karn, Matteo Dugo, Giampaolo Bianchini, Adrian V. Lee, Steffi Oesterreich, David L. Rimm, Lajos Pusztai	UPMC Hillman Cancer Center, Universität Ulm, University of Pittsburgh, Magee-Womens Research Institute, Yale University	JCO Precision Oncology	https://doi.org/10.1200/po-25-00529	0	article	False	Unknown	False	True	False
Human Saphenous Vein Ex Vivo Culture as a Translational Model of Intimal Hyperplasia	2025-06-23	Shuang Zhao, Céline Deslarzes-Dubuis, Severine Urfer, Jonathan Thévenet, Clémence Bechelli, Martine Lambelet, Florent Allagnat, Sébastien Déglise	University of Lausanne	Unknown Journal	https://doi.org/10.1101/2025.06.17.660253	0	preprint	True	Diagnosis and Treatment of Venous Diseases	False	False	False
Data from Ultra High-plex Spatial Proteogenomic Investigation of Giant Cell Glioblastoma Multiforme Immune Infiltrates Reveals Distinct Protein and RNA Expression Profiles	2023-05-03	Shilah A. Bonnett, Alyssa Rosenbloom, Giang T. Ong, Mark Conner, Aric B.E. Rininger, Daniel Newhouse, Felicia New, Chi Q. Phan, Saskia Ilcisin, Hiromi Sato, John S. Lyssand, Gary Geiss, Joseph Beechem		Unknown Journal	https://doi.org/10.1158/2767-9764.c.6566862.v2	0	preprint	True	Single-cell and spatial transcriptomics	False	True	False
Abstract 5173: Digital spatial profiling of metastatic clear cell carcinoma reveals intra-tumor heterogeneity in epithelial-mesenchymal gradient	2022-06-15	Duncan Y.T. Wang, Tuan Zea Tan, Ya-Ting Tai, Jieru Ye, Wei‐Chou Lin, Lin‐Hung Wei, Ruby Yun‐Ju Huang	National University of Singapore, National Taiwan University, National Taiwan University Hospital	Cancer Research	https://doi.org/10.1158/1538-7445.am2022-5173	0	article	False	Radiomics and Machine Learning in Medical Imaging	False	True	False
1277-P: Spatial Whole Transcriptome Profiling of the Human Pancreas Uncovers Unique Insights into Histological Structures	2022-05-31	Wei Yang, MEGHAN F. HOGAN, Yan Liang, JOSEPH M. BEECHEM	Seattle University	Diabetes	https://doi.org/10.2337/db22-1277-p	0	article	False	Pancreatic and Hepatic Oncology Research	False	False	False
INVESTIGATING THE TUMOUR MICROENVIRONMENT FOR BRAIN METASTASES USING SPATIAL TRANSCRIPTOMICS AND SURGICALLY GUIDED SAMPLING	2025-09-01	Rasheed Zakaria, Michael D. Jenkinson, Ian C. Scott, Frances Greaney Davies, Michael Chvanov, Jamie Soul	University of Liverpool	Neuro-Oncology	https://doi.org/10.1093/neuonc/noaf185.032	0	article	True	Brain Metastases and Treatment	False	True	False
Data from Multiplexed Evaluation of Microdosed Antineoplastic Agents &lt;i&gt;In Situ&lt;/i&gt; in the Tumor Microenvironment of Patients with Soft Tissue Sarcoma	2023-03-31	Kenneth R. Gundle, Gary B. Deutsch, Howard J. Goodman, Seth M. Pollack, Matthew J. Thompson, Jessica L. Davis, Mee-Young Lee, Daniel C. Ramirez, William Kerwin, Jessica A. Bertout, Marc Grenley, Kimberly H.W. Sottero, Emily Beirne, Jason P. Frazier, Joyoti Dey, Micah Ellison, Richard A. Klinghoffer, Robert G. Maki		Unknown Journal	https://doi.org/10.1158/1078-0432.c.6529692.v1	0	preprint	True	3D Printing in Biomedical Research	False	True	False
Linking tumor immune infiltration to enhanced longevity in recurrence-free breast cancer	2025-01-16	Laura Angelats, Laia Paré, Carlota Rubio-Pérez, Esther Sanfeliu, A. González, Elia Seguí, Guillermo Villacampa, Mercedes Marín‐Aguilera, Sònia Pernas, Benedetta Conte, Víctor Albarrán, O. Martínez-Sáez, Andrew J. Aguirre, P. Galván, Aranzazu Fernández-Martínez, Sara López‐Tarruella, M. Rey, Anabel Martínez-Romero, Benjamín Walbaum, Francesco Schettini, María Vidal, William Buckingham, Montserrat Muñoz-Mateu, Bárbara Adamo, Yuri Agrawal, Sònia Guedan, Tomás Pascual, Judith Agudo, Marta Grzelak, Nicholas Borcherding, Holger Heyn, Ana Vivancos, J.S. Parker, Patricia Villagrasa, C.M. Perou, Aleix Prat, F. Brasó-Maristany	University of North Carolina at Chapel Hill	UNC Libraries	https://doi.org/10.17615/c4nd-g791	0	article	True	Cancer Immunotherapy and Biomarkers	False	False	False
Supplementary Figures S19-S22 from Ultra High-Plex Spatial Proteogenomic Investigation of Giant Cell Glioblastoma Multiforme Immune Infiltrates Reveals Distinct Protein and RNA Expression Profiles	2023-04-06	Shilah A. Bonnett, Alyssa Rosenbloom, Giang T. Ong, Mark Conner, Aric B.E. Rininger, Daniel Newhouse, Felicia New, Chi Q. Phan, Saskia Ilcisin, Hiromi Sato, John S. Lyssand, Gary Geiss, Joseph Beechem		Unknown Journal	https://doi.org/10.1158/2767-9764.22568001.v1	0	preprint	True	Advanced Proteomics Techniques and Applications	False	True	False
EXTH-108. Adoptive cellular therapy disrupts macrophage-derived CCL12 signaling to inhibit myeloid-derived suppressor cell migration in glioma	2025-11-01	John Figg, Connor Francis, Sofia Stansbury, Dan Jin, Yang Changlin, Christopher Love, Bayli DiVita Dean, Laura Falceto Font, Alexandra Reid, Mia Engelbart, Illeana West, Catherine Flores	University of Florida	Neuro-Oncology	https://doi.org/10.1093/neuonc/noaf201.1441	0	article	True	Unknown	False	False	False
LSO-101 A spatially-resolved single cell resolution atlas of pediatric lupus nephritisuncovers complex interactions between stromal and infiltrating immune cells	2023-07-01	Sarah K. Baxter, Patrick Danaher, Daryl M. Okamura, Shaun W. Jackson	University of Washington, Nanostring Technologies (United States), Seattle Children's Hospital	Unknown Journal	https://doi.org/10.1136/lupus-2023-kcr.83	0	article	True	Systemic Lupus Erythematosus Research	True	False	False
Abstract Tu0025: Single cell and spatial multi-Omics show the Regulation and Therapeutic Potential of Venous Smooth Muscle Cell Reprogramming during Arteriovenous Fistula Remodeling	2025-04-01	Song Dong, Chunhui Wang, Carly Thaxton, Arthur J. Lowery, Lily Liu, xiaoliang wu, William B. Bryant, xWeix xZhangx, Laisel Martinez, Kunzhe Dong, Yanfang Peipei Zhu, Wantien Chiang, Harold A. Singer, Alan Dardik, Roberto I. Vázquez-Padrón, Xiaochun Long	Albany Medical Center Hospital, Temple University, Yale New Haven Hospital, Yale University, Augusta University Health, University of Miami	Arteriosclerosis Thrombosis and Vascular Biology	https://doi.org/10.1161/atv.45.suppl_1.tu0025	0	article	False	Renal and Vascular Pathologies	True	False	False
Characterization of the tumor microenvironment and liquid biopsy in head and neck and non-small cell lung cancer	2020-08-01	Arutha Kulasinghe, Joanna Kapeleris, Liz Kenny, Brett Hughes, Majid Ebrahimi Warkiani, Ian Vela, Jean Paul Thiery, Kenneth J. O’Byrne, Chamindie Punyadeera		QUT ePrints (Queensland University of Technology)		0	article	False	Cancer Cells and Metastasis	False	True	False
Abstract A066: A novel approach for exocrine pancreas transcriptomics reveals the cellular landscape of the pancreas	2024-01-16	Katherine J. Aney, Woo‐Jeong Jeong, Andrés F. Vallejo, Ethan Chen, Austin Wang, Stephanie K. Dougan, Kellie Wise, Kirk B. Jensen, Luciano G. Martelotto, Sahar Nissim	University of Southampton, Harvard University	Cancer Research	https://doi.org/10.1158/1538-7445.panca2023-a066	0	article	False	Pancreatic and Hepatic Oncology Research	False	True	False
Data from Spatial and Transcriptomic Analysis of Perineural Invasion in Oral Cancer	2023-03-31	Ligia B. Schmitd, Cindy Perez‐Pacheco, Emily L. Bellile, Weisheng Wu, Keith Casper, Michelle Mierzwa, Laura S. Rozek, Gregory T. Wolf, Jeremy M. G. Taylor, Nisha J. D’Silva		Unknown Journal	https://doi.org/10.1158/1078-0432.c.6532284	0	preprint	True	Oral Health Pathology and Treatment	False	True	False
249 Differences of spatially resolved transcriptome profile between mycosis fungoides with CD30-positive large cell transformation and primary cutaneous anaplastic large cell lymphoma	2023-04-17	Minki Choi, M. Lee, C. Won, S. Chang, M. Lee, Woo Jin Lee	Asan Medical Center	Journal of Investigative Dermatology	https://doi.org/10.1016/j.jid.2023.03.253	0	article	True	Cutaneous lymphoproliferative disorders research	False	False	False
66P Digital profiling of immune biomarkers: Relation to anthracycline benefit	2023-05-01	Elahe Shenasa, Yujun He, Zhonghua Wang, Dongsheng Tu, Dongxia Gao, Zuzana Kos, S. Thornton, Torsten O. Nielsen	Queen's University, Sichuan Normal University, University of British Columbia, Vancouver General Hospital	ESMO Open	https://doi.org/10.1016/j.esmoop.2023.101290	0	article	True	Cancer Immunotherapy and Biomarkers	False	True	False
Genomic and Molecular Associations with Preoperative Immune Checkpoint Inhibition in Patients with Stage III Clear Cell Renal Cell Carcinoma	2026-01-20	Wesley H. Chou, Lucy Lawrence, Emma Neham, Shreeram Akilesh, Amy E. Moran, C L Corless, LIsa Langmesser, Beyza Cengiz, Kazumi Eckenstein, Jen Jane Liu, Sudhir Isharwal, Christopher L. Amling, Marshall Strother, Nicholas H. Chakiryan, George V. Thomas	Portland VA Medical Center, Oregon Health & Science University, University of Washington	Cancers	https://doi.org/10.3390/cancers18020312	0	article	True	Renal cell carcinoma treatment	False	True	False
Data from Ultra High-plex Spatial Proteogenomic Investigation of Giant Cell Glioblastoma Multiforme Immune Infiltrates Reveals Distinct Protein and RNA Expression Profiles	2023-04-06	Shilah A. Bonnett, Alyssa Rosenbloom, Giang T. Ong, Mark Conner, Aric B.E. Rininger, Daniel Newhouse, Felicia New, Chi Q. Phan, Saskia Ilcisin, Hiromi Sato, John S. Lyssand, Gary Geiss, Joseph Beechem		Unknown Journal	https://doi.org/10.1158/2767-9764.c.6566862	0	preprint	True	Single-cell and spatial transcriptomics	False	True	False
Spatial proteomic analysis reveals vaccine and PD-1 blockade elicits changes to the prostate tumor immune microenvironment with infiltration of dendritic cells and activated CD8 T cells 2502	2025-11-01	Ichwaku Rastogi, Douglas G. McNeel	University of Wisconsin–Madison	The Journal of Immunology	https://doi.org/10.1093/jimmun/vkaf283.412	0	article	True	Unknown	False	True	False
Data from Multiplexed Evaluation of Microdosed Antineoplastic Agents &lt;i&gt;In Situ&lt;/i&gt; in the Tumor Microenvironment of Patients with Soft Tissue Sarcoma	2023-03-31	Kenneth R. Gundle, Gary B. Deutsch, Howard J. Goodman, Seth M. Pollack, Matthew J. Thompson, Jessica L. Davis, Mee-Young Lee, Daniel C. Ramirez, William Kerwin, Jessica A. Bertout, Marc Grenley, Kimberly H.W. Sottero, Emily Beirne, Jason P. Frazier, Joyoti Dey, Micah Ellison, Richard A. Klinghoffer, Robert G. Maki		Unknown Journal	https://doi.org/10.1158/1078-0432.c.6529692	0	preprint	True	3D Printing in Biomedical Research	False	True	False
Novel insights into meningioma brain invasion with spatial transcriptomic profiling	2026-01-04	Andrea Daniela Maier, Claes Ottzen Laurentiussen, Signe Regner Michaelsen, Lorenzo Perino, Tobias Overlund Stannius, Dylan Scott Lykke Harwood, Mikkel Klausen, Jeppe Haslund-Vinding, Nicolai Schou Bager, David Scheie, Ane Yde Schmidt, Linea Cecilie Melchior, Aušrinė Areškevičiūtė, Frederik Vilhardt, Knud Josefsen, David R. Raleigh, Frederik Otzen Bagger, Tiit Mathiesen, Bjarne Winther Kristensen	University of Copenhagen, University of California, San Francisco, Karolinska Institutet, Copenhagen University Hospital, Neurological Surgery, Rigshospitalet	Acta Neuropathologica Communications	https://doi.org/10.1186/s40478-025-02206-6	0	article	True	Meningioma and schwannoma management	False	True	False
Image 1_Spatial gene expression profiling identifies prognostic features of residual tumors after neoadjuvant chemotherapy in triple-negative breast cancer.jpeg	2025-08-18	Hye Sung Won (2794543), Yong-Seok Kim (648731), Kyung Jin Seo (2617981), Sun-Young Jun (794208), Der Sheng Sun (22070513), Mihong Choi (5349386), Jung-Sook Yoon (10812971), Jae Ho Byun (9387591)		Figshare	https://doi.org/10.3389/fonc.2025.1638758.s001	0	other	True	Unknown	False	True	False
Inhibition of A2AR alleviates adenosine-mediated suppression of plasma cell differentiation	2025-12-15	Paola Tieppo, Hussein Shehade, Chiara Martinoli, Marjorie Mercier, David Carbonez, Nicolas Rosewick, Sophie Jung, Anais Vezzu, Boris Pirlot, Noémie Wald, Stephanie Ma, Lucas Martins Chaible, Reece Marillier, Francesco Strozzi, Marie‐Caroline Dieu‐Nosjean, João Marchante, Margreet Brouwer, Erica Houthuys, Michael Deligny, Yvonne McGrath, Maura Rossetti	Sorbonne Université, Bone Therapeutics, Sorbonne University Abu Dhabi, Inserm, Université Paris 1 Panthéon-Sorbonne, Université Sorbonne Nouvelle, Centre d'Immunologie et des Maladies Infectieuses	Frontiers in Immunology	https://doi.org/10.3389/fimmu.2025.1702402	0	article	True	Unknown	False	True	False
Supplementary Figures S19-S22 from Ultra High-Plex Spatial Proteogenomic Investigation of Giant Cell Glioblastoma Multiforme Immune Infiltrates Reveals Distinct Protein and RNA Expression Profiles	2023-04-06	Shilah A. Bonnett, Alyssa Rosenbloom, Giang T. Ong, Mark Conner, Aric B.E. Rininger, Daniel Newhouse, Felicia New, Chi Q. Phan, Saskia Ilcisin, Hiromi Sato, John S. Lyssand, Gary Geiss, Joseph Beechem		Unknown Journal	https://doi.org/10.1158/2767-9764.22568001	0	preprint	True	Advanced Proteomics Techniques and Applications	False	True	False
582 Spatial profiling reveals architecture difference between primary and lung metastatic ccRCC	2024-11-01	Yufei Wang, Jae-Won Cho, Yasmin Nabil Laimon, Aseman Sheshdeh Bagheri, Nithyassree Murugan, Hsien-Chi Yuan, Jon O. Wee, Wenxin Xu, David A. Braun, Toni K Choueiri, Catherine J. Wu, Sabina Signoretti, Gordon J. Freeman, Martin Hemberg, Wayne A. Marasco	Brigham and Women's Hospital, Yale Cancer Center, Dana-Farber Cancer Institute, Yale University, Harvard University	Regular and Young Investigator Award Abstracts	https://doi.org/10.1136/jitc-2024-sitc2024.0582	0	article	True	Medical Imaging Techniques and Applications	True	False	False
Supplementary Figures S19-S22 from Ultra High-plex Spatial Proteogenomic Investigation of Giant Cell Glioblastoma Multiforme Immune Infiltrates Reveals Distinct Protein and RNA Expression Profiles	2023-05-03	Shilah A. Bonnett, Alyssa Rosenbloom, Giang T. Ong, Mark Conner, Aric B.E. Rininger, Daniel Newhouse, Felicia New, Chi Q. Phan, Saskia Ilcisin, Hiromi Sato, John S. Lyssand, Gary Geiss, Joseph Beechem		Unknown Journal	https://doi.org/10.1158/2767-9764.22744282.v1	0	preprint	True	Molecular Biology Techniques and Applications	False	True	False
TMIC-04. Genetic drives promote distinct microenvironment organization in glioblastoma	2025-11-01	Junyi Zhang, Tanvi Joshi, Dieter Henrik Heiland, Dolores Hambardzumyan, Levi van Hijfte	Universitätsklinikum Erlangen, Icahn School of Medicine at Mount Sinai, University of Freiburg	Neuro-Oncology	https://doi.org/10.1093/neuonc/noaf201.1760	0	article	True	Unknown	False	False	False
Spatial transcriptomics and immunophenotyping uncover chronic inflammation-induced immune adaptations favoring dysplasia development in patients at risk of colitis-associated cancer	2025-10-01	Sofía Frigerio, Hina Khan, Mojtaba Amini, Bregje Mol, Andra Neefjes‐Borst, Manon E. Wildenberg, Cyriel Y. Ponsioen, Geert D’Haens, Yvonne Vercoulen, Joep Grootjans	Utrecht University, Amsterdam University Medical Centers, Oncode Institute, Amsterdam Neuroscience, Cancer Center Amsterdam, University Medical Center Utrecht, University of Amsterdam	Journal of Crohn s and Colitis	https://doi.org/10.1093/ecco-jcc/jjaf184	0	article	True	Inflammatory Bowel Disease	False	True	False
Development of a Tissue Engineered Three Dimensional (3D) Gingival Model to Replicate the Native Human Gingival Tissue	2025-10-28	Al-Fatlawi, Zainab Muhi		UCL Discovery (University College London)		0	other	False	Unknown	False	True	False
Abstract 4944: Differential expression of complex immune biology in MSI and MSS colorectal tumor microenvironments using high-plex spatial resolution	2019-07-01	Kit Fuhrman, S. Church, Daniel Zolligner, Jason Reeves, Doug Hinerfeld, Christina E. Bailey, Sarah Warren	Nanostring Technologies (United States)	Cancer Research	https://doi.org/10.1158/1538-7445.am2019-4944	0	article	False	Cancer Research and Treatments	False	False	False
TAMI-78. STEM CELL IMMUNOTHERAPY MODULATES IMMUNOREGULATORY PATHWAYS IN THE TUMOR MICROENVIRONMENT	2021-11-02	Tyler J. Wildes, Bayli DiVita Dean, Joseph Dean, Laura Falceto Font, Catherine Flores	University of Florida	Neuro-Oncology	https://doi.org/10.1093/neuonc/noab196.860	0	article	True	Glioma Diagnosis and Treatment	False	False	False
Abstract 338: Unraveling layers of proteogenomic complexity in cancer through multiomic exploration of archived FFPE tissue	2024-03-22	Andrea O’Hara, Yang Han, Ilaria DeVito, Laure Turner, Haythem Latif	Integra LifeSciences (United States)	Cancer Research	https://doi.org/10.1158/1538-7445.am2024-338	0	article	False	Advanced Proteomics Techniques and Applications	False	True	False
#271 Tubular epithelial cells are the primary source of Flt3L in acute kidney injury, independent of immune cells	2025-10-01	Na Li, Stefanie Steiger, Zhihua Zheng, Yun Chen	Ludwig-Maximilians-Universität München, The Seventh Affiliated Hospital of Sun Yat-sen University, Sun Yat-sen University	Nephrology Dialysis Transplantation	https://doi.org/10.1093/ndt/gfaf116.0968	0	article	True	Immune Response and Inflammation	False	False	False
Data from Spatial and Transcriptomic Analysis of Perineural Invasion in Oral Cancer	2023-03-31	Ligia B. Schmitd, Cindy Perez‐Pacheco, Emily L. Bellile, Weisheng Wu, Keith Casper, Michelle Mierzwa, Laura S. Rozek, Gregory T. Wolf, Jeremy M. G. Taylor, Nisha J. D’Silva		Unknown Journal	https://doi.org/10.1158/1078-0432.c.6532284.v1	0	preprint	True	Oral Health Pathology and Treatment	False	True	False
Abstract PD4-07: PD4-07 Uncovering molecular heterogeneity of mixed ductal and lobular carcinoma using digital spatial profiling	2023-03-01	Osama Shiraz Shah, Azadeh Nasrazadani, Jennifer M. Atkinson, Celina G. Kleer, Priscilla F. McAuliffe, Rohit Bhargava, Jorge S. Reis‐Filho, Peter C. Lucas, Adrian V. Lee, Steffi Oesterreich	UPMC Hillman Cancer Center, Memorial Sloan Kettering Cancer Center, Magee-Womens Hospital, University of Michigan–Ann Arbor, University of Pittsburgh, Kettering University, NSABP Foundation, The University of Texas MD Anderson Cancer Center	Cancer Research	https://doi.org/10.1158/1538-7445.sabcs22-pd4-07	0	article	False	Cancer Genomics and Diagnostics	False	True	False
Integrative Analysis of Transcriptomic Data Reveals a Predictive Gene Signature for Chemoradiotherapy Response in Rectal Cancer	2024-01-01	Claudia Corro apos, Joao Victor Machado Carvalho, Melivoia Rapti, Paolo Angelino, Matthieu Tihy, Arnaud Bakaric, Giacomo Puppa, Pratyaksha Wirahpati, André Durham, Frédéric Ris, Stéphanie Tissot, Jonathan Thévenet, Inti Zlobec, Mikäel J. Pittet, Petros Tsantoulis, Thibaud Koessler	University of Geneva, University of Bern, Geneva College, University of Lausanne	SSRN Electronic Journal	https://doi.org/10.2139/ssrn.5011548	0	preprint	True	Genetic factors in colorectal cancer	False	False	False
Abstract WP304: Investigating Thrombus Architecture Using Spatial Transcriptomics	2024-02-01	Melanie Walker, Josh L. Espinoza, Emma Federico, Alexandra González-Eras, Christopher L. Dupont	J. Craig Venter Institute, Walker (United States), Seattle University, University of Washington, Neurological Surgery, Loyola University Chicago	Stroke	https://doi.org/10.1161/str.55.suppl_1.wp304	0	article	False	Cerebrovascular and Carotid Artery Diseases	False	True	False
Spatial transcriptomic analysis of low-grade intestinal T-cell lymphoma and lymphoplasmacytic inflammatory bowel disease in cats	2025-08-27	Quishpe Contreras, Laura Victoria		VTechWorks (Virginia Tech)		0	dissertation	False	Veterinary Oncology Research	False	False	False
HARNESSING THE POWER OF MULTIOMICS FROM FRESH AND FIXED PATIENT SAMPLE CHARACTERIZATION	2024-05-22	A. O'Hara, Yu Han, Fan Yang, David Corney, C. Mozdzierz, Haythem Latif, G. Zhou	Alimera Sciences (United States)	Cytotherapy	https://doi.org/10.1016/j.jcyt.2024.03.434	0	article	False	Statistical Methods in Clinical Trials	False	False	False
FIGURE 1 from Epithelial Expressed B7-H4 Drives Differential Immunotherapy Response in Murine and Human Breast Cancer	2024-04-24	Elizabeth C. Wescott, Xiaopeng Sun, Paula I. González-Ericsson, Ann Hanna, Brandie C. Taylor, Violeta Sánchez, Juliana Bronzini, Susan R. Opalenik, Melinda E. Sanders, Julia Wulfkuhle, Rosa I. Gallagher, Henry Gómez, Claudine Isaacs, Vijaya Bharti, John T. Wilson, Tarah J. Ballinger, Cesar A. Santa‐Maria, Payal D. Shah, Elizabeth Claire Dees, Brian D. Lehmann, Vandana G. Abramson, Gillian L. Hirst, Lamorna Brown Swigart, Laura van ‘t Veer, Laura J. Esserman, Emanuel F. Petricoin, Jennifer A. Pietenpol, Justin M. Balko		Unknown Journal	https://doi.org/10.1158/2767-9764.25683759.v1	0	preprint	True	Immunotherapy and Immune Responses	False	True	False
Spatial Transcriptomics Resolve Surfactant and Ciliary Deficits in Bronchopulmonary Dysplasia	2025-05-01	A. Colborg, Joselyn Rojas, A.R. Waich, S. Oschner, Nahir Cortes‐Santiago, María C. Gazzaneo, Jennifer M. S. Sucre, Natalie Villafranco, Krithika Lingappan, Francesca Polverino	Texas Children's Hospital, Children's Hospital of Philadelphia, Baylor College of Medicine, Vanderbilt University	American Journal of Respiratory and Critical Care Medicine	https://doi.org/10.1164/ajrccm.2025.211.abstracts.a4591	0	article	False	Neonatal Respiratory Health Research	False	True	False
Spatial transcriptomics reveals distinct inflammatory and adaptive immune properties of rheumatoid arthritis synovial fibroblasts	2025-11-10	Camilla Ribeiro Lima Machado, Mina Yao, David L. Boyle, Robert J. Benschop, James Parker, Wei Wang, Gary S. Firestein	Eli Lilly (Singapore), Universidad Católica Santo Domingo	Unknown Journal	https://doi.org/10.1101/2025.11.08.687060	0	preprint	True	Unknown	False	True	False
Early IPF is Characterized by a Dramatic Shift of the Epithelial and Endothelial Populations Within the Alveolar Niche	2025-05-01	A. Justet, T. Adams, Johad Khoury, A. Balayev, N. Abu Hussein, Jonas C. Schupp, Angela Zhao, Edward P. Manning, Farida Ahangari, Yan Xia, Claudia Ravaglia, S. Tomassetti, V. Poletti, Naftali Kaminski	Azienda Ospedaliero-Universitaria Careggi, Medizinische Hochschule Hannover, Université de Caen Normandie, University of Bologna, Yale University, Ospedale G.B. Morgagni - L.Pierantoni	American Journal of Respiratory and Critical Care Medicine	https://doi.org/10.1164/ajrccm.2025.211.abstracts.a7109	0	article	False	Neonatal Respiratory Health Research	True	False	False
Spatial transcriptomics analysis of co-targeted PIM and PI3 K/mTOR in multikinase inhibitor and single kinase inhibitor combination-treated patient-derived prostate cancer explants	2022-10-01	U.A. Okoli, G. Akman, V. Thavarajah, Lina M. Carmona Echeverria, J. Griffin, S.R. Ohayi, A. Freeman, A. Haider, G. Shaw, A.N. Sridhar, J. Kelly, B. Simpson, H. Pye, J. Crompton, H. Whitaker, U. Cheema, Susan Heavey	Sheffield Teaching Hospitals NHS Foundation Trust, Enugu State University of Science and Technology, The London College, University College London Hospitals NHS Foundation Trust, University of Nigeria Teaching Hospital, University College London	European Journal of Cancer	https://doi.org/10.1016/s0959-8049(22)00975-3	0	article	True	Cancer Mechanisms and Therapy	False	False	False
547 Tumor <i>NLRP3</i> amplification suppresses NLRC5 expression and MHC class I antigen processing and presentation while driving anti-PD-1 immunotherapy resistance	2024-11-01	Balamayooran Theivanthiran, Y‐Van Nguyen, Kaylee Howell, Saborni Chakraborty, Michael P. Plebanek, Nicholas C. DeVito, Brent A. Hanks	Duke University Hospital, Duke University	Regular and Young Investigator Award Abstracts	https://doi.org/10.1136/jitc-2024-sitc2024.0547	0	article	True	Cancer Immunotherapy and Biomarkers	False	True	False
Abstract TMP75: Histopathologic and Transcriptomic Characterizations of Cerebral Microbleeds in an E4FAD Murine Model	2024-02-01	Abhinav Srinath, Dorothy DeBiasse, Diana Vera Cruz, Akash Bindal, Ying Li, Yuanyuan Zha, Rhonda Lightle, Peter Pytel, Romuald Girard, Issam A. Awad	ZRT Laboratory, University of Chicago	Stroke	https://doi.org/10.1161/str.55.suppl_1.tmp75	0	article	False	Intracerebral and Subarachnoid Hemorrhage Research	False	True	False
Abstract 76: Characterization of the Cerebral Aneurysm Microenvironment Using Spatial Multiomics	2025-01-30	Tanyeri Barak, Batur Gültekin, Deniz Kılıç, Timuçin Avşar, Danielle Miyagishima, Can Kivrak, Ayse Buket Peksen, Ana Gutierrez, Cihat Karadağ, Kanat Yalcin, A. Gulhan Ercan‐Sencicek, Declan McGuone, Yaşar Bayri, Türker Kılıç, Murat Günel	Marmara University, Heinrich Heine University Düsseldorf, Bahçeşehir University, Yale University	Stroke	https://doi.org/10.1161/str.56.suppl_1.76	0	article	False	Radiomics and Machine Learning in Medical Imaging	True	False	False
Relationship of spatial transcriptomic analyses with distance-associated transcriptomic spectrum and morphology-specific signatures of localized prostate cancer.	2025-02-10	Brendan L. Raizenne, Hanbing Song, Nancy Greenland, Maggie Tsui, Jared Khan, T. Li, Chih‐Hao Chang, Matthew R. Cooperberg, Franklin W. Huang	University of California, San Francisco	Journal of Clinical Oncology	https://doi.org/10.1200/jco.2025.43.5_suppl.422	0	article	False	Molecular Biology Techniques and Applications	False	True	False
Abstract 4944: Differential expression of complex immune biology in MSI and MSS colorectal tumor microenvironments using high-plex spatial resolution	2019-07-01	Kit Fuhrman, S. Church, Daniel Zolligner, Jason Reeves, Doug Hinerfeld, Christina E. Bailey, Sarah Warren	Nanostring Technologies (United States)	Clinical Research (Excluding Clinical Trials)	https://doi.org/10.1158/1538-7445.sabcs18-4944	0	article	False	Cancer Research and Treatments	False	False	False
EPCO-38. IDENTIFYING THE MOLECULAR SIGNATURE OF INFILTRATING EDGE IN GLIOBLASTOMA AS DRIVERS OF TUMOUR INVASION AND RECURRENCE	2024-11-01	Alyona Ivanova, Shamini Ayyadhury, Megan Wu, David G. Muñoz, Trevor J. Pugh, Sunit Das	Hospital for Sick Children, University of Toronto, St Michael’s Hospital, University Health Network, Princess Margaret Cancer Centre	Neuro-Oncology	https://doi.org/10.1093/neuonc/noae165.0037	0	article	True	ATP Synthase and ATPases Research	False	False	False
Abstract 770: ccRCC metastasis rewires tumor microenvironment to increase immunosuppression and fibrosis	2025-04-21	Yufei Wang, Jae-Won Cho, Yasmin Nabil Laimon, Wenxin Xu, Aseman Sheshdeh Bagheri, Nithyassree Murugan, Hsien-Chi Yuan, Jon O. Wee, David Braun, Toni K. Choueiri, Catherine J. Wu, David F. McDermott, Gordon J. Freeman, Martin Hemberg, Wayne A. Marasco	Dana-Farber Cancer Institute, Brigham and Women's Hospital	Cancer Research	https://doi.org/10.1158/1538-7445.am2025-770	0	article	False	Cancer Immunotherapy and Biomarkers	True	False	False
Spatial transcriptomics identified mucin-specific O-glycosylation as a key pathway in pancreatic cancer development and a promising therapeutic target	2022-09-30	Antonio Agostini, Ilaria Guerriero, Geny Piro, Frediano Inzani, Giuseppe Quero, Luca Roberto, Annachiara Esposito, Alessia Caggiano, Alberto Larghi, Sergio Alfieri, Emilio Bria, Vincenzo Corbo, Giampaolo Tortora, Carmine Carbone	Biogem, Università Cattolica del Sacro Cuore, Agostino Gemelli University Polyclinic, University of Verona	Unknown Journal	https://doi.org/10.21203/rs.3.rs-2095432/v1	0	preprint	True	Glycosylation and Glycoproteins Research	False	False	False
Data from Peritumoral Immune-suppressive Mechanisms Impede Intratumoral Lymphocyte Infiltration into Colorectal Cancer Liver versus Lung Metastases	2023-10-12	Jian Ye, Weihua Guo, Chongkai Wang, Colt A. Egelston, Massimo D’Apuzzo, Geereesh Shankar, Marwan Fakih, Peter P. Lee		Unknown Journal	https://doi.org/10.1158/2767-9764.c.6878000	0	preprint	True	Cancer Immunotherapy and Biomarkers	False	True	False
Abstract 6622: Developing spatial molecular correlates of response to immunotherapy in kidney cancer	2023-04-04	Kathryn E. Beckermann, Scott M. Haake, Alex Nesta, Michael Caponegro, Nanguneri Nirmala, Anupama Reddy	Vanderbilt University Medical Center	Cancer Research	https://doi.org/10.1158/1538-7445.am2023-6622	0	article	False	Radiomics and Machine Learning in Medical Imaging	True	False	False
Human Plasma-Like Medium Activates Immune Elements in Glioma	2024-03-15	Mohamad El Shami, Milan R. Savani, William Harrison Hicks, Lauren Gattie, Samuel K. McBrayer, Kalil G. Abdullah		Neurosurgery	https://doi.org/10.1227/neu.0000000000002810_106	0	article	False	Immune cells in cancer	False	False	False
336.1: Spatial Transcriptomic Profiling Reveals Immunosuppression And Immunosenescence-Driven Skewing of Immune Response in Cutaneous Squamous Cell Carcinoma Immune Response in Kidney Transplant Recipients, Associating With Adverse Cancer-Related Outcomes	2022-09-01	Matthew J. Bottomley, Eleni Ieremia, Paul Harden, Kathryn J. Wood, Joanna Hester, Fadi Issa	University of Oxford, Oxford University Hospitals NHS Trust	Transplantation	https://doi.org/10.1097/01.tp.0000886956.73854.78	0	article	False	Cutaneous Melanoma Detection and Management	False	True	False
Single-vessel transcriptome map pathological landscapes and reveal NR2F2-mediated smooth muscle cell phenotype acquisition in capillary malformations	2025-09-07	Vi Nguyen, I‐Fang Mao, Siyi He, Ivonne Astrid Arias Castellanos, Mackenzie Azuero, Marcelo Hochman, Rong Yin, Laena Pernomian, Elliott Chen, Harold I. Friedman, Yanhua Chen, Qun Lu, Daping Fan, Camilla F. Wenceslau, Dong‐bao Chen, J. Stuart Nelson, Anil G. Jegga, Yunguan Wang, Wenbin Tan	University of South Carolina, College of Charleston, University of California, Irvine, South Carolina Department of Health and Environmental Control, Beckman Laser Institute and Medical Clinic, Medical University of South Carolina, University of Cincinnati Medical Center, Cincinnati Children's Hospital Medical Center	Unknown Journal	https://doi.org/10.1101/2025.09.02.673874	0	preprint	True	Vascular Tumors and Angiosarcomas	False	False	False
Spatial Multi-omics of Arterial Regions from Cardiac Allograft Vasculopathy Rejected Grafts	2023-04-15	Jessica Nevarez‐Mejia, Harry Pickering, Rebecca A. Sosa, Gregory A. Fishbein, William M. Baldwin, Robert L. Fairchild, Elaine F. Reed	Cleveland Clinic Lerner College of Medicine, University of California, Los Angeles	Unknown Journal	https://doi.org/10.1101/2023.04.12.536667	0	preprint	True	Transplantation: Methods and Outcomes	False	True	False
3168 – INVESTIGATING THE ROLE OF THE BONE MARROW MICROENVIRONMENT IN HEMATOPOIETIC RECOVERY IN PATIENTS AFTER CHEMOTHERAPY FOR ACUTE MYELOID LEUKEMIA	2025-11-01	Germaine Chia, Gavin Tjin, Nadia Fernandes, Floriane S. Tissot, Sara González Antón, Nik Matthews, Andrew J. Innes, Louise E. Purton, Cristina Lo Celso	Centre for Inflammation Research, Imperial College Healthcare NHS Trust, NIHR Imperial Biomedical Research Centre, The University of Melbourne, The Francis Crick Institute, St Vincents Institute of Medical Research, Imperial College London, Hammersmith Hospital	Experimental Hematology	https://doi.org/10.1016/j.exphem.2025.105109	0	article	False	Unknown	False	False	False
Spatiotemporal transcriptomic analysis reveals clinically relevant tumor heterogeneity in the patient with advanced gallbladder cancer	2022-04-30	Sung Hwan LEE, Beodeul Kang, Kwang Il KIM	CHA University	Annals of Hepato-Biliary-Pancreatic Surgery	https://doi.org/10.14701/ahbps.2022s1.bp-best-op-1	0	article	True	Cholangiocarcinoma and Gallbladder Cancer Studies	False	True	False
Supplementary Figures S19-S22 from Ultra High-plex Spatial Proteogenomic Investigation of Giant Cell Glioblastoma Multiforme Immune Infiltrates Reveals Distinct Protein and RNA Expression Profiles	2023-05-03	Shilah A. Bonnett, Alyssa Rosenbloom, Giang T. Ong, Mark Conner, Aric B.E. Rininger, Daniel Newhouse, Felicia New, Chi Q. Phan, Saskia Ilcisin, Hiromi Sato, John S. Lyssand, Gary Geiss, Joseph Beechem		Unknown Journal	https://doi.org/10.1158/2767-9764.22744282	0	preprint	True	Molecular Biology Techniques and Applications	False	True	False
Abstract PD4-02: PD4-02 Spatial and temporal heterogeneity of predictive and prognostic signatures in triple-negative breast cancer treated with neoadjuvant combination immune-chemotherapy	2023-03-01	Carsten Denkert, Andreas Schneeweiß, Julia Rey, Akira Hattesohl, Thomas Karn, Michael Braun, Paul Jank, Jens Huober, Hans‐Peter Sinn, Dirk-Michael Zahm, Claus Hanusch, Frederik Marmé, Jenny Furlanetto, Jörg Thomalla, Jens‐Uwe Blohmer, Marion van Mackelenbergh, Thorsten Stiewe, Peter Staib, Christian Jackisch, Julia Teply‐Szymanski, Peter A. Fasching, Bruno V. Sinn, Michael Untch, Karsten E. Weber, Sibylle Loibl	National Center for Tumor Diseases, University Hospital Frankfurt, Charité - Universitätsmedizin Berlin, Universitätsklinikum Erlangen, Sana Klinikum Offenbach, Orthopädische Universitätsklinik, Heidelberg University, Kantonsspital St. Gallen, SRH Wald-Klinikum Gera, University of Lübeck, University Hospital Schleswig-Holstein, University Hospital Heidelberg, Klinik für Frauenheilkunde, Goethe University Frankfurt, Rotkreuzklinikum München, Philipps University of Marburg, Institut für Versorgungsforschung in der Onkologie, Helios Hospital Berlin-Buch, German Breast group, Sankt-Antonius-Hospital Eschweiler, German Cancer Research Center	Cancer Research	https://doi.org/10.1158/1538-7445.sabcs22-pd4-02	0	article	False	Cancer Immunotherapy and Biomarkers	False	True	False
TMOD-30. Microglia and macrophages at the brain-tumor border have enriched expression of interferon gamma and complement signaling in naturally occurring canine brain metastatic melanoma: insight into the mechanism(s) of melanoma brain metastasis from man’s best friend	2025-11-01	Kulani Simafranca-Narte, Clifford G. Tepper, Ryan G. Toedebusch, Stephenie Liu, Ryan R. Davis, Michael S. Kent, Christine M. Toedebusch	University of California, Davis, University of California Davis Medical Center, Comprehensive Blood & Cancer Center, Codex Biosolutions (United States)	Neuro-Oncology	https://doi.org/10.1093/neuonc/noaf201.1904	0	article	True	Unknown	False	True	False
161 Single-cell spatial in situ transcriptomics unravels vulvar HSIL composition associated with complete response to therapeutic vaccination	2022-11-01	Ziena Abdulrahman, Mariette IE van Poelgeest, Marij JP Welters, Sjoerd H. van der Burg	Oncode Institute, Leiden University Medical Center	Regular and Young Investigator Award Abstracts	https://doi.org/10.1136/jitc-2022-sitc2022.0161	0	article	True	Cervical Cancer and HPV Research	True	False	False
P17.10.B Identification of mechanisms involved in the recurrence of glioblastoma by transcriptomic, proteomic and spatial profiling analysis	2022-09-01	Marie‐Françoise Ritz, Tala Shekarian, Tomás A. Martins, Sabrina A. Hogan, Philip Schmassmann, Bettina Burger, Gregor Hütter	University of Basel	Neuro-Oncology	https://doi.org/10.1093/neuonc/noac174.318	0	article	True	Glioma Diagnosis and Treatment	False	True	False
CNSC-22. IDENTIFICATION OF MECHANISMS INVOLVED IN THE RECURRENCE OF GLIOBLASTOMA BY TRANSCRIPTOMIC, PROTEOMIC AND SPATIAL PROFILING ANALYSIS	2022-11-01	Tala Shekarian, Marie‐Françoise Ritz, Tomás A. Martins, Sabrina A. Hogan, Philip Schmassmann, Bettina Burger, Gregor Hütter	University Hospital of Basel	Neuro-Oncology	https://doi.org/10.1093/neuonc/noac209.103	0	article	True	Ferroptosis and cancer prognosis	False	True	False
IMMU-40. IMMUNE PROFILING OF MATCHED PRIMARY AND RECURRENT GLIOBLASTOMA TUMORS IDENTIFIED CD64 AS A NEGATIVE PREDICTOR FOR SURVIVAL	2021-11-02	Tala Shekarian, Marie‐Françoise Ritz, Tomás A. Martins, Philip Schmassmann, Gregor Hütter	University of Basel, University Hospital of Basel	Neuro-Oncology	https://doi.org/10.1093/neuonc/noab196.399	0	article	True	Glioma Diagnosis and Treatment	False	True	False
Abstract 4776: The role of angiogenesis in gastric tumorigenesis	2024-03-22	Akkanapally Venu, Sujit Basu	The Ohio State University	Cancer Research	https://doi.org/10.1158/1538-7445.am2024-4776	0	article	False	Gastric Cancer Management and Outcomes	False	True	False
TMIC-25. SPATIAL TRANSCRIPTOMIC LANDSCAPE OF DIFFUSE GLIOMA	2022-11-01	Zhichao Wu, Karen Dazelle, Hye‐Jung Chung, Kenneth Aldape	National Institutes of Health, National Cancer Institute	Neuro-Oncology	https://doi.org/10.1093/neuonc/noac209.1069	0	article	True	Glioma Diagnosis and Treatment	False	True	False
123P Spatial molecular profiling identifies FGF20 upregulation on cancer-associated fibroblast and FGFR2-PI3K/Akt activation in tumor cells of sporadic early-onset colon cancer	2023-11-01	Dave S.�B. Hoon, Satoru Furuhashi, Shodai Mizuno, Sung Ho Ryu, Yalda Naeini, Anton J. Bilchik, Matías A. Bustos	Saint John's Health Center	Annals of Oncology	https://doi.org/10.1016/j.annonc.2023.10.258	0	article	False	Fibroblast Growth Factor Research	False	False	False
Spatial proteomics in the hippocampi of resistant and resilient individuals as compared to Alzheimer’s disease (AD) and primary age‐related tauopathy (PART).	2022-12-01	Jamie M. Walker, Kaouther Ajroud, Jingjing Gong, Callen Spencer, Carlos Zamudia, Erica Pladies, Leigh Solano, Kevin F. Bieniek, Sudha Seshadri, Rudolph J. Castellani, Timothy E. Richardson, Margaret E. Flanagan	The University of Texas Health Science Center at San Antonio, The University of Texas Health Science Center at Houston, Northwestern University, Nanostring Technologies (United States)	Alzheimer s & Dementia	https://doi.org/10.1002/alz.067111	0	article	False	Alzheimer's disease research and treatments	False	False	False
FIGURE 1 from Epithelial Expressed B7-H4 Drives Differential Immunotherapy Response in Murine and Human Breast Cancer	2024-04-24	Elizabeth C. Wescott, Xiaopeng Sun, Paula I. González-Ericsson, Ann Hanna, Brandie C. Taylor, Violeta Sánchez, Juliana Bronzini, Susan R. Opalenik, Melinda E. Sanders, Julia Wulfkuhle, Rosa I. Gallagher, Henry Gómez, Claudine Isaacs, Vijaya Bharti, John T. Wilson, Tarah J. Ballinger, Cesar A. Santa‐Maria, Payal D. Shah, Elizabeth Claire Dees, Brian D. Lehmann, Vandana G. Abramson, Gillian L. Hirst, Lamorna Brown Swigart, Laura van ‘t Veer, Laura J. Esserman, Emanuel F. Petricoin, Jennifer A. Pietenpol, Justin M. Balko		Unknown Journal	https://doi.org/10.1158/2767-9764.25683759	0	preprint	True	Immunotherapy and Immune Responses	False	True	False
Abstract B022: Acinar-to-ductal metaplasia index (ADMI): A quantifiable measure of ADM	2024-09-15	Katherine J. Aney, Woo‐Jeong Jeong, Pal Koak, Sahar Nissim	Brigham and Women's Hospital, Dana-Farber Brigham Cancer Center, Dana-Farber Cancer Institute, Harvard University	Cancer Research	https://doi.org/10.1158/1538-7445.pancreatic24-b022	0	article	False	Systemic Sclerosis and Related Diseases	False	True	False
Data from Spatially Preserved Multi-Region Transcriptomic Subtyping and Biomarkers of Chemoimmunotherapy Outcome in Extensive-Stage Small Cell Lung Cancer	2024-07-15	Melina Peressini, Rosario García-Campelo, Bartomeu Massutí, Cristina Martí, Manuel Cobo, Vanesa Gutiérrez, Manuel Dómine, José Fuentes, Margarita Majem, Javier de Castro, Juan F. Córdoba, María P. Diz, Dolores Isla, Emilio Esteban, Enric Carcereny, Laia Vilà, Alberto Moreno-Vega, Silverio Ros, Amaia Moreno, Francisco J. García, G. Huidobro, Carlos Aguado, Víctor Cebey-López, Javier Valdivia, Ramón Palmero, P. Lianes, Marta López-Brea, Óscar Juan, Mariano Provencio, Edurne Arriola, Javier Baena, Mercedes Herrera, Helena Bote, Magdalena Molero, Vera Adradas, Santiago Ponce-Aix, Ángel Nuñez-Buiza, Álvaro C. Ucero, Susana Hernández, Fernando López‐Ríos, Esther Conde, Luis Paz‐Ares, Jon Zugazagoitia		Unknown Journal	https://doi.org/10.1158/1078-0432.c.7348817	0	preprint	True	Lung Cancer Research Studies	False	True	False
MEM-GAN: A Pseudo Membrane Generator for Single-cell Imaging in Fluorescent Microscopy	2023-11-13	Yixin Wang, Jiayuan Ding, Lidan Wu, Aster Wardhani, Patrick Danaher, Wenzhuo Tang, Hongzhi Wen, Qiaolin Lu, Yi Chang, Yu L. Lei, Jiliang Tang, Yuying Xie	Jilin University, Palo Alto University, Seattle University, Stanford University, University of Michigan–Ann Arbor, Nanostring Technologies (United States), Michigan State University	Unknown Journal	https://doi.org/10.1101/2023.11.08.566343	0	preprint	True	Cell Image Analysis Techniques	True	False	False
Immune gene signatures and integrative spatially-resolved digital profiling of prognostic biomarkers for mesothelioma.	2019-05-20	S. Church, Carmen Ballesteros‐Merino, Amy Sullivan, Andrew White, Michael Bailey, Shawn M. Jensen, John R. Handy, Rachel E. Sanborn, Carlo Bifulco, Sarah Warren, Joseph Beechem, Bernard A. Fox	Providence Center, Nanostring Technologies (United States), Providence Portland Medical Center	Journal of Clinical Oncology	https://doi.org/10.1200/jco.2019.37.15_suppl.e20071	0	article	False	Cancer Research and Treatments	False	True	False
543 Integrated single-cell and spatial analysis of immune cell interactions in response to immune checkpoint blockade	2024-11-01	Athena Golfinos-Owens, Taja Ložar, P. Khatri, Rong Hu, Paul F. Lambert, Megan B. Fitzpatrick, Huy Q. Dinh	University of Wisconsin–Madison	Regular and Young Investigator Award Abstracts	https://doi.org/10.1136/jitc-2024-sitc2024.0543	0	article	True	T-cell and B-cell Immunology	True	False	False
Data from Peritumoral Immune-suppressive Mechanisms Impede Intratumoral Lymphocyte Infiltration into Colorectal Cancer Liver versus Lung Metastases	2023-10-12	Jian Ye, Weihua Guo, Chongkai Wang, Colt A. Egelston, Massimo D’Apuzzo, Geereesh Shankar, Marwan Fakih, Peter P. Lee		Unknown Journal	https://doi.org/10.1158/2767-9764.c.6878000.v1	0	preprint	True	Cancer Immunotherapy and Biomarkers	False	True	False
BSBM-12 IDENTIFYING A NOVEL GENE SIGNATURE FOR PREDICTING BRAIN METASTASIS RISK IN BREAST CANCER USING SPATIAL TRANSCRIPTOMICS	2025-08-01	Maxine Umeh Garcia, Christine Y. Yeh, Bryanna Godfrey, Pablo Nunez Perez, Giuseppe Barisano, Sushama Varma, Saman Ahmadian, Angus Toland, Monica Granucci, Thy Trinh, Hannes Vogel, Robert B. West, Michael Angelo, Lu Tian, Sylvia K Plevritis, Melanie Hayden Gephart	Stanford University	Neuro-Oncology Advances	https://doi.org/10.1093/noajnl/vdaf123.012	0	article	True	Brain Metastases and Treatment	False	False	False
Proteomics analyses of CSF and Plasma for discovery of early vascular pathologies in neurodegenerative disease	2023-12-01	Fanny M. Elahi	Icahn School of Medicine at Mount Sinai	Alzheimer s & Dementia	https://doi.org/10.1002/alz.073997	0	article	True	Cerebrovascular and genetic disorders	False	False	False
Genomic and molecular associations with preoperative immune checkpoint inhibition in patients with stage III clear cell renal cell carcinoma	2025-08-02	Wesley H. Chou, Lucy Lawrence, Emma Neham, Shreeram Akilesh, Amy E. Moran, Christopher L. Corless, LIsa Langmesser, Betül Cengiz, Kazumi Eckenstein, Jen-Jane Liu, Sudhir Isharwal, Christopher L. Amling, Marshall Strother, Nicholas H. Chakiryan, George Thomas	Portland VA Medical Center, Oregon Health & Science University, University of Washington	Unknown Journal	https://doi.org/10.1101/2025.07.31.25332518	0	preprint	True	Renal cell carcinoma treatment	False	True	False
Antibodies derived from patient tumors augment response to immune checkpoint blockade in cancer 3582	2025-11-01	Manoj Chelvanambi, Monika A. Zelazowska, Somnath Paul, Joshua B. Plummer, Brenda Melendez, Sarah B. Johnson, Elise F. Nassif, Laurence P. Diggs, Rossana Lazcano, Khalida Wani, Davis R. Ingram, Bharat Singh, Diana Shamsutdinova, Rebecca Soto, Florentia Dimitriou, Michael G. White, Matthew Lastrapes, Golnaz Morad, Melissa Simper, Fabiana J. Veguilla, Y David Seo, Beth A. Helmink, Russell G. Witt, Bin Liu, Nadim J. Ajami, Tullia C. Bruno, Wolf H. Fridman, James P. Allison, Padmanee Sharma, Emily Z. Keung, Tina Cascone, Christina L. Roland, Alexander J. Lazar, Kevin M. McBride, Jennifer A. Wargo	University of Pittsburgh, The University of Texas MD Anderson Cancer Center	The Journal of Immunology	https://doi.org/10.1093/jimmun/vkaf283.1367	0	article	True	Unknown	False	True	False
Delayed Neuregulin-1 Treatment Initiates a Late Neuroprotective Early Regenerative and Autophagic Spatial Profiles in Mice following Ischemic Stroke	2022-11-14	Jessica Noll, Catherine Augello, Esra Kürüm, Liuliu Pan, Anna Pavenko, Andy Nam, Byron D. Ford	University of California, Riverside, Nanostring Technologies (United States), Howard University	Unknown Journal	https://doi.org/10.21203/rs.3.rs-2256390/v1	0	preprint	True	Neuroinflammation and Neurodegeneration Mechanisms	False	True	False
Data from Alpha-smooth Muscle Actin Expression in the Stroma Predicts Resistance to Trastuzumab in Patients with Early-stage HER2-positive Breast Cancer	2023-03-31	Ioannis Vathiotis, Myrto Moutafi, Prajan Divakar, Thazin Nwe Aung, Qing Tao, Aileen I. Fernandez, Vesal Yaghoobi, Sarra El-Abed, Yingbo Wang, Sébastien Guillaume, Paolo Nucíforo, Jens Huober, Serena Di Cosimo, Sung‐Bae Kim, Nadia Harbeck, Henry Gómez, Saba Shafi, Konstantinos N. Syrigos, George Fountzilas, Christos Sotiriou, Lajos Pusztai, Sarah Warren, David L. Rimm		Unknown Journal	https://doi.org/10.1158/1078-0432.c.6530457	0	preprint	True	HER2/EGFR in Cancer Research	False	True	False
New T Cell Subset Associated With Survival In Non-Small Cell Lung Cancer Identified with Hi-Plex Spatial Proteomics	2025-01-01	Claire Marceaux, Kenta Yokote, Ilariya Tarasova, Daniel Batey, Reema Jain, Velimir Gayevskiy, Marina Leiwe, Laurie Choux, Lucy Riley, Nina Tubau Ribera, Jack Hywood, Michael Christie, Phillip Antippa, Terence P. Speed, Kelly L. Rogers, Belinda Phipson, Marie-Liesse Asselin-Labat		Unknown Journal	https://doi.org/10.14293/apmc13-2025-0094	0	article	True	vaccines and immunoinformatics approaches	False	True	False
Abstract 5863: Mapping tumor metastasis and EMT-associated immune changes in HNSCC through spatial transcriptomic analysis	2025-04-21	Chih‐Hung Chung, Muh‐Hwa Yang	National Yang Ming Chiao Tung University	Cancer Research	https://doi.org/10.1158/1538-7445.am2025-5863	0	article	False	Cancer Research and Treatments	False	True	False
Altered brain connectivity, neuroinflammation and AD‐related markers following 7 days after repetitive mild traumatic brain injury in young wild‐type mice	2023-12-01	Marangelie Criado‐Marrero, Sakthivel Ravi, Gabriela P. Hery, MacKenzie L. Bolen, Marcelo Febo, Matteo M. Grudny, Stefan Prokop, Jose F. F Abisambra	University of Florida, Allen Institute for Brain Science	Alzheimer s & Dementia	https://doi.org/10.1002/alz.076626	0	article	True	Traumatic Brain Injury Research	False	False	False
Abstract B023: Unravelling fibroinflammatory and immune signatures for pancreatic cancer early detection	2024-09-15	Kyra Fraser, Maria Manuela Rosado, Stephen P. Pereira, Pilar Acedo	University College London	Cancer Research	https://doi.org/10.1158/1538-7445.pancreatic24-b023	0	article	False	Cancer Immunotherapy and Biomarkers	False	False	False
Abstract 2726: Characterization of immune microenvironment and heterogeneity in breast cancer subtypes	2021-07-01	Drashti Jain, Linda M. Liao, Megan Hopkins, Mary Anne Quintayo, Vida Talebian, Jane Bayani, Alison Cheung, Martin D. Yaffe, John M.S. Bartlett, Melanie Spears	Sunnybrook Health Science Centre, Ontario Institute for Cancer Research	Cancer Research	https://doi.org/10.1158/1538-7445.am2021-2726	0	article	False	Nanoplatforms for cancer theranostics	False	True	False
Abstract 2071: Spatial tracking of the pre-metastatic niche in colorectal cancer	2025-04-21	Chun Hua Hung, Chung‐Ta Lee, Yu-Min Yeh, Chun-Hui Lee, W.-S. Liu, Meng Shen, Peng-Chan Lin	National Cheng Kung University Hospital, National Cheng Kung University	Cancer Research	https://doi.org/10.1158/1538-7445.am2025-2071	0	article	False	Radiomics and Machine Learning in Medical Imaging	False	True	False
Modulating amyloid‐beta proteostasis in the brain of 5xFAD mice by selective expression of angiotensin converting enzyme in microglia	2023-12-01	Andrew V. Gomez, Shaogen Wu, Hyae Ran Byun, Alek Muro, AKM Ghulam Muhammad, Lin Li, Warren G. Tourtellotte	Cedars-Sinai Medical Center	Alzheimer s & Dementia	https://doi.org/10.1002/alz.077167	0	article	True	Neuroinflammation and Neurodegeneration Mechanisms	False	False	False
Spatial and Bulk Transcriptomics Reveal Distinct Molecular Signatures in Kaposi Sarcoma with and Without other KSHV-Associated Diseases	2025-12-02	Quashawn Rakeem Chadwick, Ned Cauley, Jose Mercado-Matos, Bahman Afsari, Xiao‐Lin Wu, Laura Bassel, Maria O. Hernandez, Michelly Sampaio De Melo, Xiaofan Li, Kathryn Lurain, Robert Yarchoan, Joseph M. Ziegelbauer, Christopher A. Febres‐Aldana, Laurie T. Krug, Ramya Ramaswami	CRC for Spatial information, Center for Cancer Research, Frederick National Laboratory for Cancer Research	Unknown Journal	https://doi.org/10.64898/2025.11.30.25341287	0	preprint	True	Unknown	False	True	False
Spatial transcriptomic profiling: The “Next Generation Diagnosis” distinguishing between EBV+ lymphoproliferations with Hodgkin‐like features	2023-06-01	M. R. Pugh, Éanna Fennell, Gareth Leopold, Paul G. Murray, Stefan Dojcinov	Swansea Bay University Health Board, Swansea University, University of Birmingham, University of Limerick	Hematological Oncology	https://doi.org/10.1002/hon.3164_175	0	article	True	Viral-associated cancers and disorders	False	True	False
Delayed Neuregulin-1 Treatment Initiates a Late Neuroprotective Early Regenerative and Autophagic Spatial Profiles in Mice following Ischemic Stroke	2023-01-11	Jessica Noll, Catherine Augello, Esra Kürüm, Liuliu Pan, Anna Pavenko, Andy Nam, Byron D. Ford	University of California, Riverside, Nanostring Technologies (United States), Howard University	Unknown Journal	https://doi.org/10.21203/rs.3.rs-2256390/v2	0	preprint	True	Neuroinflammation and Neurodegeneration Mechanisms	False	True	False
Data from Spatially Preserved Multi-Region Transcriptomic Subtyping and Biomarkers of Chemoimmunotherapy Outcome in Extensive-Stage Small Cell Lung Cancer	2024-07-15	Melina Peressini, Rosario García-Campelo, Bartomeu Massutí, Cristina Martí, Manuel Cobo, Vanesa Gutiérrez, Manuel Dómine, José Fuentes, Margarita Majem, Javier de Castro, Juan F. Córdoba, María P. Diz, Dolores Isla, Emilio Esteban, Enric Carcereny, Laia Vilà, Alberto Moreno-Vega, Silverio Ros, Amaia Moreno, Francisco J. García, G. Huidobro, Carlos Aguado, Víctor Cebey-López, Javier Valdivia, Ramón Palmero, P. Lianes, Marta López-Brea, Óscar Juan, Mariano Provencio, Edurne Arriola, Javier Baena, Mercedes Herrera, Helena Bote, Magdalena Molero, Vera Adradas, Santiago Ponce-Aix, Ángel Nuñez-Buiza, Álvaro C. Ucero, Susana Hernández, Fernando López‐Ríos, Esther Conde, Luis Paz‐Ares, Jon Zugazagoitia		Unknown Journal	https://doi.org/10.1158/1078-0432.c.7348817.v1	0	preprint	True	Lung Cancer Research Studies	False	True	False
1231 Foundation models of cell and tissue biology enabled by custom scaled data generation: insights from 1000 lung tumor samples	2024-11-01	Lacey J Padron, Daniel Bear, E. Margalit, Hargita Kaplan, Tyler Van Hensbergen, Meena Subramaniam, Rodney Collins, Lucas Cavalcante, David Gómez de Antonio, Katie Campbell, Maxime Dhainaut, Francis Fernandez, Eric Siefkas, Karen Dutton, Salvatore R. Goodwin, Yubin Xie, Joy S. Tea, Jacob Günther Schmidt, Professor Y. Jay Guo, Carl Ebeling, Nicole Snell, Shafique N. Virani, Jacob Rinaldi, Ronald Alfa	University of California, Los Angeles	Regular and Young Investigator Award Abstracts	https://doi.org/10.1136/jitc-2024-sitc2024.1231	0	article	True	Cancer Genomics and Diagnostics	False	False	False
Spatial analysis of IPMNs defines a paradoxical KRT17-positive, low-grade epithelial population harboring malignant features	2025-03-19	Jay Li, Justin Macchia, Ahmed M. Elhossiny, Nandini Arya, Padma Kadiyala, Georgina Branch, Nicole Peterson, Jianhua Liu, Richard S. Kwon, Jorge D. Machicado, Erik‐Jan Wamsteker, Allison R. Schulman, George Philips, Stacy B. Menees, Aatur D. Singhi, Vaibhav Sahai, Jiayun M. Fang, Timothy L. Frankel, Filip Bednar, Marina Pasca di Magliano, Jiaqi Shi, Eileen S. Carpenter, Eileen S. Carpenter	University of Pittsburgh, University of Michigan–Ann Arbor	Unknown Journal	https://doi.org/10.1101/2025.03.18.643943	0	preprint	True	Pancreatic and Hepatic Oncology Research	False	True	False
New Discoveries from the Evolving Inflammatory Childhood Interstitial Lung Disease (chILD) Cell Atlas	2025-05-01	John C. Kennedy, Seung Han Baek, Carolina García de Alba, Catherine M. Roe, Maria Lvova, Benjamin A. Raby	Boston Children's Hospital	American Journal of Respiratory and Critical Care Medicine	https://doi.org/10.1164/ajrccm.2025.211.abstracts.a5427	0	article	False	Neonatal Respiratory Health Research	False	True	False
Abstract 6475: Characterizing peri-tumoral tertiary lymphoid structures in non-muscle invasive bladder cancer using a spatial whole transcriptomics approach	2025-04-21	Kartik Sachdeva	Queen's University	Cancer Research	https://doi.org/10.1158/1538-7445.am2025-6475	0	article	False	Bladder and Urothelial Cancer Treatments	False	True	False
Single cell characterization of uterine carcinosarcoma and analysis of transcriptomic shifts in tumor-associated macrophages in metastatic and chemotherapy-treated tumors.	2025-05-28	Corrine A. Nief, Sabrina Zdravkovic, Sahar Nasr, Phoebe M. Hammer, Brooke E. Howitt	Stanford University	Journal of Clinical Oncology	https://doi.org/10.1200/jco.2025.43.16_suppl.e17615	0	article	False	Uterine Myomas and Treatments	True	False	False
TMIC-11. SPATIAL PROFILING OF TUMOR VASCULATURE AT AUTOPSY IN BRAINSTEM GLIOMAS	2023-11-01	Joelle P. Straehla, Jared K. Woods, Jayne Vogelzang, Jacquelyn Jones, Keith L. Ligon, Sanda Alexandrescu	Boston Children's Hospital, Dana-Farber Cancer Institute, Dana-Farber/Boston Children's Cancer and Blood Disorders Center, Brigham and Women's Hospital	Neuro-Oncology	https://doi.org/10.1093/neuonc/noad179.1077	0	article	True	Radiomics and Machine Learning in Medical Imaging	False	True	False
Highlights of This Issue	2019-09-13			Clinical Cancer Research	https://doi.org/10.1158/1078-0432.5429.25.18	0	article	True	Unknown	False	True	False
Data from Alpha-smooth Muscle Actin Expression in the Stroma Predicts Resistance to Trastuzumab in Patients with Early-stage HER2-positive Breast Cancer	2023-03-31	Ioannis Vathiotis, Myrto Moutafi, Prajan Divakar, Thazin Nwe Aung, Qing Tao, Aileen I. Fernandez, Vesal Yaghoobi, Sarra El-Abed, Yingbo Wang, Sébastien Guillaume, Paolo Nucíforo, Jens Huober, Serena Di Cosimo, Sung‐Bae Kim, Nadia Harbeck, Henry Gómez, Saba Shafi, Konstantinos N. Syrigos, George Fountzilas, Christos Sotiriou, Lajos Pusztai, Sarah Warren, David L. Rimm	Universität Ulm, University of Ulsan, Vall d'Hebron Institute of Oncology, Yale Cancer Center, Ulsan College, Limassol General Hospital, Novartis (Switzerland), Breast International Group, Fondazione IRCCS Istituto Nazionale dei Tumori, Institut Jules Bordet, Ludwig-Maximilians-Universität München, Nanostring Technologies (United States), Asan Medical Center, Yale University, Instituto Nacional de Enfermedades Neoplásicas, Aristotle University of Thessaloniki	Unknown Journal	https://doi.org/10.1158/1078-0432.c.6530457.v1	0	preprint	True	HER2/EGFR in Cancer Research	False	True	False
Selective vulnerability of the suprachiasmatic nucleus in progressive Alzheimer’s Disease: A human postmortem study using spatial in‐situ proteomics	2023-12-01	Gowoon Son, Mihovil Mladinov, Felipe Luiz Pereira, Chia‐Ling Tu, Song Hua Li, Cláudia Kimie Suemoto, Renata Elaine Paraízo Leite, Vítor Ribeiro Paes, Carlos Augusto Pasquallucci, Wilson Jacob Filho, Salvatore Spina, William W. Seeley, Wenhan Chang, Thomas C. Neylan, Lea T. Grinberg	Universidade de São Paulo, University Memory and Aging Center, University of California, San Francisco, University of California San Francisco Medical Center, San Francisco VA Medical Center	Alzheimer s & Dementia	https://doi.org/10.1002/alz.074494	0	article	True	Sleep and Wakefulness Research	False	False	False
Modulation of hippocampal protein expression by a brain penetrant biologic TNF‐α inhibitor in the 3xTg Alzheimer’s disease mice	2023-12-01	Nataraj Jagadeesan, Grace Anne Chuli Roules, Devaraj V. Chandrashekar, Joshua Yang, Sanjana Kolluru, Rachita K. Sumbria	Chapman University, Kindred Hospital Rancho	Alzheimer s & Dementia	https://doi.org/10.1002/alz.082686	0	article	True	Neuroinflammation and Neurodegeneration Mechanisms	False	True	False
TMIC-75. SPATIALLY-RESOLVED TRANSCRIPTOME ANALYSIS OF BRAIN METASTATIC BREAST CANCER REVEAL KEY MEDIATORS OF BRAIN-TROPIC METASTATIC POTENTIAL	2023-11-01	Maxine Umeh-Garcia, Bryanna Godfrey, Pablo Nunez Perez, Sushama Varma, Saman Ahmadian, Angus Toland, Monica Granucci, Inna Averbukh, Lü Tian, Robert B. West, Michael Angelo, Sylvia K. Plevritis, Melanie Hayden Gephart	Stanford University	Neuro-Oncology	https://doi.org/10.1093/neuonc/noad179.1140	0	article	True	Brain Metastases and Treatment	False	True	False
Single-cell transcriptomics reveal differences between chorionic and basal plate cytotrophoblasts and trophoblast stem cells	2025-06-10	Mana M. Parast, Robert Morey, Francesca Soncin, Sampada Kallol, Nirvay Sah, Zoe Manalo, Tony Bui, Jaroslav Slamecka, Virginia Chu Cheung, Donald Pizzo, Daniela F. Requena, Ching‐Wen Chang, Omar Farah, Ryan Kittle, Kelly Y. C. Lam, Morgan Meads, Mariko Horii, Kathleen M. Fisch	University of California, San Diego	Unknown Journal	https://doi.org/10.21203/rs.3.rs-6797967/v1	0	preprint	True	Pregnancy and preeclampsia studies	False	False	False
Abstract P2-11-14: Pathology AI features and immune biomarkers of postpartum involution: Implications for postpartum breast cancer	2022-02-15	Joshua Ogony, Thomas de Bel, Derek C. Radisky, Jeroen VanderLaak, Mark E. Sherman	Radboud University Nijmegen, WinnMed, Mayo Clinic in Florida, Jacksonville College	Cancer Research	https://doi.org/10.1158/1538-7445.sabcs21-p2-11-14	0	article	False	Health, Environment, Cognitive Aging	False	True	False
Abstract SY36-02: Interrogating how the dialogue between immune cells and fibroblasts impacts radiotherapy outcomes	2025-04-25	Anna Wilkins	Institute of Cancer Research	Cancer Research	https://doi.org/10.1158/1538-7445.am2025-sy36-02	0	article	False	Cancer Immunotherapy and Biomarkers	False	True	False
TMIC-89. Spatial transcriptomics reveals tumor–brain expression convergence and identifies prognostic gene signatures in breast cancer brain metastases	2025-11-01	Maxine Umeh Garcia, Christine Y. Yeh, Pablo Nunez Perez, Giuseppe Barisano, Hannes Vogel, Robert West, Michael Angelo, Lu Tian, Gina Bouchard, Melanie Hayden Gephart	Stanford University	Neuro-Oncology	https://doi.org/10.1093/neuonc/noaf201.1844	0	article	False	Unknown	False	False	False
Immune-modulating effects on tumor-draining lymph nodes of neoadjuvant chemoradiotherapy combined with dual immunotherapy in patients with T3-4N0-2 NSCLC	2025-11-01	Ezgi B Ulas, Sofie J. I. Koomen, Anne Vrijmoet, Ilias Houda, H. Ibrahim Korkmaz, Chris Dickhoff, Idris Bahce, Suresh Senan, Tanja D. de Gruijl, Marieke F. Fransen, Teodora Radonic, Febe van Maldegem, Famke L. Schneiders	Amsterdam University Medical Centers, Amsterdam UMC Location VUmc, Amsterdam Neuroscience, Cancer Center Amsterdam, Rode Kruis Ziekenhuis, Netherlands Center for Occupational Diseases	Journal for ImmunoTherapy of Cancer	https://doi.org/10.1136/jitc-2025-013237	0	article	True	Unknown	False	True	False
Abstract PO-090: Protein-based immune profiles of basal-like vs luminal breast cancers	2020-11-01	Andrea Walens, Linnea T. Olsson, Xiaohua Gao, Alina M. Hamilton, Erin L. Kirk, Stephanie M. Cohen, Bentley R. Midkiff, Yongjuan Xia, Mark E. Sherman, Nana Nikolaishvili‐Feinberg, Katherine A. Hoadley, Melissa A. Troester, Benjamin C. Calhoun	Nemours Children’s Clinic, Mayo Clinic in Florida, University of North Carolina at Chapel Hill	Cancer Research	https://doi.org/10.1158/1538-7445.tumhet2020-po-090	0	article	False	Advanced Biosensing Techniques and Applications	False	False	False
Data from The Translational Research Program in Cancer Differences across Populations	2025-09-02	Jane C. Figueiredo, Diana Redwood, Li Li, Elizabeth Donato, Daniel Fort, Eric E. Fox, William M. Grady, Heather A. Green, Tabitha A. Harrison, Carl Haupt, Li Hsu, Meredith A.J. Hullar, Jeroen R. Huyghe, Wenora Johnson, Amanda Koehne, Scott D. LaBrie, Meredith A. Lakey, Minggang Lin, Nicole C. Loroña, Grace A. Maresh, Marc Matrana, Jonathan D. Mizrahi, Sarah H. Nash, Nathalie T. Nguyen, Jennifer L. Paruch, Amanda I. Phipps, Conghui Qu, Timothy W. Randolph, Stephanie Romo, Claire E. Thomas, Sushma Thomas, James Tiesinga, Charles B. Whitlow, Cecilia C.S. Yeung, Hang Yin, Craig Zibilich, Christopher I. Li, Timothy K. Thomas, Ulrike Peters		Unknown Journal	https://doi.org/10.1158/1055-9965.c.8012086	0	article	True	Economic and Financial Impacts of Cancer	False	False	False
Data from Biomarkers Associated with Beneficial PD-1 Checkpoint Blockade in Non–Small Cell Lung Cancer (NSCLC) Identified Using High-Plex Digital Spatial Profiling	2023-03-31	Jon Zugazagoitia, Ruta Gupta, Yuting Liu, Kit Fuhrman, Scott Gettinger, Roy S. Herbst, Kurt A. Schalper, David L. Rimm		Unknown Journal	https://doi.org/10.1158/1078-0432.c.6529545	0	preprint	True	Cancer Immunotherapy and Biomarkers	False	True	False
A Tale of Two Epidemics: A Transcriptomic Study of Fentanyl Effects on Type II Diabetes	2025-05-01	Megan Pater, Grant R. Kolar, Joshua D. Stafford, Willis K. Samson, Gina L. C. Yosten	UCLouvain Saint-Louis Brussels, Saint Louis University	Physiology	https://doi.org/10.1152/physiol.2025.40.s1.0489	0	article	False	Receptor Mechanisms and Signaling	True	False	False
Abstract WMP14: Spatial Transcriptomics Glean Homologous Mechanisms in the Pathophysiology of Human and E4FAD Mouse Cerebral Microbleeds	2025-01-30	Abhinav Srinath, Diana Vera Cruz, Ying Li, Rhonda Lightle, Dorothy DeBiasse, Akash Bindal, Peter Pytel, Romuald Girard, Issam A. Awad	University of Chicago Medical Center, University of Chicago	Stroke	https://doi.org/10.1161/str.56.suppl_1.wmp14	0	article	False	Unknown	False	True	False
Abstract B017: Spatial proteomic landscape of ovarian clear cell carcinoma with <i>MET</i> fusion transcripts	2026-01-13	Sydney Rechie Necesario, Thang Truong Le, Ko-Chen Chen, Maria José Carbajal Hernández, Annan Yang, Wei-Chou Lin, Cheng Jj, Lin-Hung Wei, Ru‐Ting Huang	National Taiwan University, National Taiwan University Hospital	Cancer Research	https://doi.org/10.1158/1538-7445.fusionpositive26-b017	0	article	False	Chromatin Remodeling and Cancer	False	True	False
113 A single-cell spatially resolved atlas of immune-mediated control of lung adenocarcinoma	2023-10-31	Tito Panciera, Francesca Zanconato, Michelangelo Cordenonsi, Mattia Forcato, Giada Vanni, Silvio Bicciato, Julian Preciado, Saskia Ilcisin, Katrina van Raay, Margaret L. Hoang, Michael Patrick, Shanshan He, Joseph Beechem, Stefano Piccolo	University of Padua, Nanostring Technologies (United States), University of Modena and Reggio Emilia	Regular and Young Investigator Award Abstracts	https://doi.org/10.1136/jitc-2023-sitc2023.0113	0	article	True	Single-cell and spatial transcriptomics	False	False	False
Data from Spatially Resolved, Multiregion Proteomics for Prediction of Immunotherapy Outcome in Deficient Mismatch Repair Metastatic Colorectal Cancer	2025-05-01	Bahar Saberzadeh-Ardestani, Zhenglong Liu, Mariam I. Stein, Will A. Sherman, Christy E. Trussoni, Charles W. Abbott, Dongyao Yan, Skyler Smith, Kandavel Shanmugam, Rondell P. Graham, Alos Diallo, Joshua Levy, Tamás Ördög, Frank A. Sinicrope		Unknown Journal	https://doi.org/10.1158/1078-0432.c.7797425	0	preprint	True	Cancer Immunotherapy and Biomarkers	False	False	False
Abstract 6763: Spatial profiling of cancer-associated fibroblasts in non-small cell lung cancer	2023-04-04	Yunhe Liu, Guangchun Han, Enyu Dai, Guangsheng Pei, Jiahui Jiang, Humam Kadara, Linghua Wang	The University of Texas MD Anderson Cancer Center	Cancer Research	https://doi.org/10.1158/1538-7445.am2023-6763	0	article	False	Radiomics and Machine Learning in Medical Imaging	True	False	False
861 Multimodal foundation model of human lung tumors identifies tertiary lymphoid structures (TLS) and reveals novel therapeutic targets that promote anti-tumor immune response	2024-11-01	Peipei Guo, E. Margalit, David G. Bear, David Gómez de Antonio, Yubin Xie, Meena Subramaniam, Lucas de Sousa Cavalcante, Maxime Dhainaut, Jacob Günther Schmidt, Hargita Kaplan, Rodney Collins, Francis Fernandez, Joy S. Tea, Eric Siefkas, Karen Dutton, Tyler Van Hensbergen, Shannon Goodwin, Cory Ebeling, Noel Snell, Shafique N. Virani, Ronald W. Alfa, Lacey Padrón, Jacob Rinaldi		Regular and Young Investigator Award Abstracts	https://doi.org/10.1136/jitc-2024-sitc2024.0861	0	article	True	Cancer Immunotherapy and Biomarkers	False	False	False
Spatial proteomics and cell‐type specific changes in the basal ganglia of different neuropathologic vascular dementing lesions	2023-12-01	Carlos Zamudio, B Danner, Kaouther Ajroud, Erica Pladies, Arleen Matos, Callen Spencer, Lon R. White, Margaret E. Flanagan	The University of Texas Health Science Center at Houston, Urology San Antonio, Northwestern University, The University of Texas Health Science Center at San Antonio, Nanostring Technologies (United States), Pacific Health Research and Education Institute	Alzheimer s & Dementia	https://doi.org/10.1002/alz.078967	0	article	True	Neurological Disease Mechanisms and Treatments	False	False	False
Predicting Response to Programmed Cell Death Protein-1 or Programmed Death-Ligand 1 Blockade in NSCLC—Is Multiplex Immunohistochemistry or Immunofluorescence the Answer?	2021-07-22	Wendy A. Cooper, Sylvie Lantuéjoul, Mari Mino–Kenudson	Centre de Recherche en Cancérologie de Lyon, Western Sydney University, University of Sydney, Centre Léon Bérard, Royal Prince Alfred Hospital, Université Grenoble Alpes, Massachusetts General Hospital, Harvard University	Journal of Thoracic Oncology	https://doi.org/10.1016/j.jtho.2021.06.007	2	letter	True	Cancer Immunotherapy and Biomarkers	False	False	False
Abstract 6634: Digital and spacial characterization of PD-L1 expression and IVD assay performance in the immune landscape of head and neck squamous cell carcinoma: A multimodal approach	2023-04-04	Clara I. Troccoli, Lauren Matelski, Adam W. Beharry, V. Le Brun Ly, Morgan Wambaugh, Melanie Amen, Will Paces, Geoffrey Metcalf, Roberto Gianani, Tom Turi	Broomfield Hospital	Cancer Research	https://doi.org/10.1158/1538-7445.am2023-6634	0	article	False	Cancer Immunotherapy and Biomarkers	False	True	False
#1685 Multimodal spatial profiling of microvascular inflammation in kidney allografts	2025-10-01	Valentin Goutaudier, Erwan Morgand, Marta Sablik, Fariza Mezine, Thibaut Thalamas, Anaïs Certain, Gillian Divard, Olivier Aubert, Jean‐Sébastien Hulot, Carmen Lefaucheur, Aurélie Sannier, Alexandre Loupy	Hôpital Européen Georges-Pompidou, California Institute for Regenerative Medicine	Nephrology Dialysis Transplantation	https://doi.org/10.1093/ndt/gfaf116.0886	0	article	True	Renal and Vascular Pathologies	False	False	False
Abstract PO-118: The tumor immune microenvironment is decisive in the survival of pancreatic ductal adenocarcinoma	2021-11-15	Hosein M. Aziz, Lawlaw Saida, Willem de Koning, Andrew Stubbs, Yunlei Li, Casper H.J. van Eijck, Dana A. M. Mustafa	Erasmus MC	Cancer Research	https://doi.org/10.1158/1538-7445.panca21-po-118	0	article	False	Cancer Immunotherapy and Biomarkers	False	False	False
716 A randomized phase II window of opportunity clinical trial of PD-1 +/- IL-4 inhibition in early-stage ER+ HER2- breast cancer	2024-11-01	Angel Arnaout, Megan Hopkins, Oleg Saldaña, Vanessa Lopez Ozuna, Vida Talebian, Drashti Jain, Gregory R. Pond, Teresa Petrocelli, Melanie Spears	Ottawa Hospital Research Institute, McMaster University, Ontario Institute for Cancer Research, Ottawa Hospital	Regular and Young Investigator Award Abstracts	https://doi.org/10.1136/jitc-2024-sitc2024.0716	0	article	True	Cancer Immunotherapy and Biomarkers	False	False	False
Applying Single-Cell Spatial Profiling to Assess Niches in Human Fibrotic Silica Lung	2025-05-01	Nebal Abu Hussein, T. Adams, Seth Anderson, Mordechai R. Kramer, F. Nekola, Robert Homer, A. Najjar, Prabin Sharma, Roberto Rangel, Liyan Yang, Y. Zhang, Xiting Yan, Barak Pertzov, Naftali Kaminski	Rabin Medical Center, Yale University	American Journal of Respiratory and Critical Care Medicine	https://doi.org/10.1164/ajrccm.2025.211.abstracts.a5093	0	article	False	Occupational and environmental lung diseases	True	False	False
Data from Biomarkers Associated with Beneficial PD-1 Checkpoint Blockade in Non–Small Cell Lung Cancer (NSCLC) Identified Using High-Plex Digital Spatial Profiling	2023-03-31	Jon Zugazagoitia, Ruta Gupta, Yuting Liu, Kit Fuhrman, Scott Gettinger, Roy S. Herbst, Kurt A. Schalper, David L. Rimm		Unknown Journal	https://doi.org/10.1158/1078-0432.c.6529545.v1	0	preprint	True	Cancer Immunotherapy and Biomarkers	False	True	False
Spatial proteomics and cell‐type specific changes in the basal ganglia of different neuropathologic vascular dementing lesions	2023-12-01	Carlos Zamudio, B Danner, Kaouther Ajroud, Erica Pladies, Arleen Matos, Callen Spencer, Lon R. White, Margaret E. Flanagan	Northwestern University, Nanostring Technologies (United States), Pacific Health Research and Education Institute	Alzheimer s & Dementia	https://doi.org/10.1002/alz.082189	0	article	True	Neurological Disease Mechanisms and Treatments	False	False	False
Abstract 4691: Spatially resolved transcriptomics deconvolutes histological prognostic subgroups in patients with colorectal cancer and synchronous liver metastases	2023-04-04	Colin S. Wood, Kathryn A.F. Pennel, Holly Leslie, Assya Legrini, Andrew J. Cameron, Paul G. Horgan, Joanne Edwards, Colin W. Steele, Nigel B. Jamieson	University of Glasgow	Cancer Research	https://doi.org/10.1158/1538-7445.am2023-4691	0	article	False	Ferroptosis and cancer prognosis	False	True	False
Data from Surgical and Blood-Based Minimal Residual Disease in Patients with Ovarian Cancer after First-line Therapy: Clinical Outcomes and Translational Opportunities	2025-10-01	Anne Knisely, Yibo Dai, Graham L. Barlow, Sanghoon Lee, Barrett C. Lawson, Helen Clark, Bryan Fellman, Ying Yuan, Wei Lü, Idania Carolina Lubo Julio, Rossana N. Lazcano, Manoj Chelvanambi, Brenda Melendez, Bharat Singh, Bhavana Singh, Khalida Wani, Jianfeng Chen, Chih‐Chen Yeh, Jianjun Gao, Sean Barnes, Ou Shi, Khaja Khan, Alejandra G. Serrano, Lorena I. Gomez-Bolanos, Carly Bess Scalise, Samantha K. Cheung, Punashi Dutta, Sharlene Velichko, Adam C. ElNaggar, Minetta C. Liu, Roni Nitecki Wilke, Jeffrey How, Lois M. Ramondetta, David M. Boruta, Gwyn Richardson, Aaron Shafer, Shannon N. Westin, Travis T. Sims, Anil K. Sood, Pedro T. Ramirez, Alexander J. Lazar, Pamela T. Soliman, Karen H. Lu, Cara Haymaker, Luisa M. Solis Soto, Jennifer A. Wargo, Rachel N. Grisham, Kai W. Wucherpfennig, Linghua Wang, Amir A. Jazaeri		Unknown Journal	https://doi.org/10.1158/1078-0432.c.8065147	0	article	True	Ovarian cancer diagnosis and treatment	False	False	False
Exploiting spatial transcriptomics to investigate the molecular mechanisms involved in cardiac metastasis development	2024-05-01	Daniela Lorizio, Mattia Chiesa, Maurizio Pinamonti, Rossana Bussani, Giulio Ciucci, Roman Vuerich, Serena Zacchigna	Centro Cardiologico Monzino, University of Trieste, International Centre for Genetic Engineering and Biotechnology	Cardiovascular Research	https://doi.org/10.1093/cvr/cvae088.018	0	article	True	RNA modifications and cancer	False	True	False
Abstract 73: Targeting B Cells and Tertiary Lymphoid Structures in Lung Cancer Progression	2021-07-01	Tullia C. Bruno, Dongyan Liu, Sheryl Kunning, Riyue Bao, Laura P. Stabile, Ashwin Somasundaram	University of Pittsburgh, UPMC Hillman Cancer Center	Cancer Epidemiology Biomarkers & Prevention	https://doi.org/10.1158/1538-7755.asgcr21-73	0	article	False	Cancer Immunotherapy and Biomarkers	False	True	False
JS09.7.A GENETIC DRIVES PROMOTE DISTINCT MICROENVIRONMENT ORGANIZATION IN GLIOBLASTOMA	2025-10-01	J Zhang, Trupti Joshi, Dieter Henrik Heiland, Dolores Hambardzumyan, Levi van Hijfte	Universitätsklinikum Erlangen, Icahn School of Medicine at Mount Sinai, University Medical Center Freiburg, University of Freiburg	Neuro-Oncology	https://doi.org/10.1093/neuonc/noaf193.018	0	article	True	Ferroptosis and cancer prognosis	False	False	False
SAT-075 Revealing the Heterogeneity and Behavior of Pituitary Neuroendocrine Tumors in Cushing’s Disease Patients using Spatial Multiomics	2024-10-01	Jayati Chakrabarti, Norman Garrett, Kyle Hurth, John D. Carmichael, Mark S. Shiroishi, Dan Weisenberger, Edward R. Laws, Craig Horbinski, Ana Valeria Castro, Jennifer Eschbacher, Andrew S. Little, Yana Zavros, Gabriel Zada	Brigham and Women's Hospital, Northwestern University, Henry Ford Health System, Neurological Surgery, Northwestern Medicine, Barrow Neurological Institute, University of Arizona, University of Southern California	Journal of the Endocrine Society	https://doi.org/10.1210/jendso/bvae163.2394	0	article	True	Pituitary Gland Disorders and Treatments	False	False	False
AI and Spatial Transcriptomic Integration Reveal Unique Immune Patterns in Emphysema Progression	2025-05-01	David Sánz-Rubio, A.H. Curiale, Joselyn Rojas, A. Colborg, Ayu Hutami Syarif, Scott A. Ochsner, Joshua Malo, R. San José Estépar, Francesca Polverino	Brigham and Women's Hospital, University of Arizona, Baylor College of Medicine, Harvard University	American Journal of Respiratory and Critical Care Medicine	https://doi.org/10.1164/ajrccm.2025.211.abstracts.a4592	0	article	False	Chronic Obstructive Pulmonary Disease (COPD) Research	False	True	False
Spatial transcriptomic profiling of the tumor microenvironment in EGFR and KRAS mutant non-small cell lung cancer.	2025-05-28	Fabian J. Bolte, Nick R. Natale, Samantha DiBenedetto, Margaret E. Moore, Edward B. Stelow, Richard D. Hall, Daniel Gioeli	University of Virginia, University of Virginia Cancer Center	Journal of Clinical Oncology	https://doi.org/10.1200/jco.2025.43.16_suppl.8539	0	article	False	Lung Cancer Treatments and Mutations	False	False	False
527 Spatial proteomic and transcriptomic biomarkers of response to immune checkpoint inhibitors in operable lung cancer	2022-11-01	Jonathan Stauber, Corinne Ramos, Adele Ponzoni, Amandine Gerstenberg		Regular and Young Investigator Award Abstracts	https://doi.org/10.1136/jitc-2022-sitc2022.0527	0	article	True	Cancer Immunotherapy and Biomarkers	False	False	False
Spatially resolved protein profiling in pancreatic adenosquamous carcinoma.	2025-01-27	Adel Kardosh, Rosalie C. Sears, Zheng Xia, Eizaburo Sasatomi, Brian Mau, Jonathan R. Brody, Melissa H. Wong, Charles D. Lopez, Emerson Yu-sheng Chen, Guillaume Joe Pegna, Cristiane Miranda França, John Muschler, Joanna Pucilowska, Shaun M. Goodyear	Oregon Health & Science University	Journal of Clinical Oncology	https://doi.org/10.1200/jco.2025.43.4_suppl.760	0	article	False	Advanced Biosensing Techniques and Applications	False	True	False
Neoadjuvant survivin-targeted immunotherapy maveropepimut-S (MVP-S) to increase Th1 immune response in Ki67-high hormone receptor-positive (HR+) early-stage breast cancer (ESBC).	2022-06-01	Sasha E. Stanton, Lisa D. MacDonald, Staci Mellinger, Nicole Moxon, Tracy L. Kelly, Heather A. Hirsch, Stephan Fiset, Kristina H. Young, David B. Page	Oregon Health & Science University, Providence Portland Medical Center	Journal of Clinical Oncology	https://doi.org/10.1200/jco.2022.40.16_suppl.tps1119	0	article	False	Immunotherapy and Immune Responses	False	True	False
Characterization of breast tumors and the tumor immune landscape in young, diverse participants of the Northern California Breast Cancer Family Registry.	2025-05-28	M McClure, Lise Mangiante, Brennan Simon, Clemens L. Weiss, Zhicheng Ma, Jocelyn Koo, Julia D. Ransohoff, Esther M. John, Christina Curtis, Jennifer L. Caswell‐Jin, Allison W. Kurian	Palo Alto University, Stanford University, Stanford Cancer Institute, Cancer Prevention Institute of California, Stanford Health Care	Journal of Clinical Oncology	https://doi.org/10.1200/jco.2025.43.16_suppl.e12551	0	article	False	Cancer Immunotherapy and Biomarkers	True	False	False
Abstract 3643: Molecular pathogenesis of lung cancer associated with interstitial pneumonia	2024-03-22	Daisuke Mizuno, Kazuhiko Shien, Atsushi Matsuoka, Masayoshi Ohki, Shuta Tomida, Ryo Yoshichika, Tomoaki Higashihara, Fumiaki Mukohara, Naohiro Hayashi, Tomohiro Habu, Mao Yoshikawa, Ken Suzawa, Hiromasa Yamamoto, Daisuke Ennishi, Shinichi Toyooka	Okayama University Hospital, Okayama University	Cancer Research	https://doi.org/10.1158/1538-7445.am2024-3643	0	article	False	Lung Cancer Treatments and Mutations	False	True	False
Multiomic analysis in ovarian clear cell carcinoma to gain insight into biology and therapeutic opportunities.	2024-06-01	Ben L. Kong, Jayne M. Stommel, Jenna Emerson, Elizabeth Munro, Christopher L. Corless, Gordon B. Mills, Tanja Pejović	Oregon Health & Science University	Journal of Clinical Oncology	https://doi.org/10.1200/jco.2024.42.16_suppl.e17540	0	article	False	Ovarian cancer diagnosis and treatment	False	True	False
Abstract B076: Morphological diversity predicts functional traits in pancreatic cancer	2024-09-15	Dennis Gong, William L. Hwang	Massachusetts Institute of Technology, Massachusetts General Hospital	Cancer Research	https://doi.org/10.1158/1538-7445.pancreatic24-b076	0	article	False	Cancer Genomics and Diagnostics	False	False	False
Abstract 6056: Aging accelerates breast tumorigenesis though cancer immunosuppression	2025-04-21	Shanshan Yin, Kay T. Yeung, Jing Yang, Peter D. Adams	Discovery Institute, University of California, San Diego	Cancer Research	https://doi.org/10.1158/1538-7445.am2025-6056	0	article	False	Cancer Immunotherapy and Biomarkers	False	True	False
EPITHELIAL TO MESENCHYMAL TRANSITION (EMT) AND PD-1/PD-L1 SIGNALING PROVIDE RECIPROCAL FEEDBACK IN RENAL CELL CARCINOMA PROGRESSION WITH IMPLICATIONS FOR IMMUNOTHERAPY RESPONSE	2024-03-01	Matthew D. Wainstein, Jake McGue, Tyler Robinson, Rohit Mehra, Simpa S. Salami, Timothy L. Frankel, Aaron M. Udager, Evan T. Keller, Allison M. May, Jonathan H. Jiang	Kalamazoo College, University of Toledo, University of Michigan	Urologic Oncology Seminars and Original Investigations	https://doi.org/10.1016/j.urolonc.2024.01.048	0	article	False	Epigenetics and DNA Methylation	False	False	False
Abstract 1083: Combinatorial strategies for tissue characterization with advanced image analysis and digital spatial profiling	2019-07-01	Raffaele De Filippis	University of St Andrews	Tumor Biology	https://doi.org/10.1158/1538-7445.sabcs18-1083	0	article	True	Radiomics and Machine Learning in Medical Imaging	False	False	False
8773 CD44 Variant Isoforms Expressed Within PAX7/SOX2-Positive Pituitary Neuroendocrine Tumors Attribute to Therapy Resistance and Recurrence of Cushing’s Disease	2024-10-01	Jayati Chakrabarti, Jennifer Eschbacher, Saptarshi Mallick, Elisabeth Ferris, Beth Hermes, Andrew Little, Yana Zavros	University of Arizona, Barrow Neurological Institute	Journal of the Endocrine Society	https://doi.org/10.1210/jendso/bvae163.2226	0	article	True	Pituitary Gland Disorders and Treatments	False	False	False
305.3: Using spatial proteomics to explore the alloresponse in abdominal wall and small bowel biopsies.	2024-09-01	Helen Stark, Henk Giele, Joanna Hester, Fadi Issa	University of Oxford	Transplantation	https://doi.org/10.1097/01.tp.0001065264.19368.ef	0	article	False	Colorectal Cancer Screening and Detection	False	True	False
983 Impact of obesity on triple-negative breast cancer: enhancing chemotherapy efficacy through iNOS inhibition and tumor microenvironment modulation	2024-11-01	Ivonne Uzair, Seán O. Hynes, Kai Sun, Wei Qian, Jianying Zhou, Polina Matre, Jenny C. Chang	Ollscoil na Gaillimhe – University of Galway, Houston Methodist	Regular and Young Investigator Award Abstracts	https://doi.org/10.1136/jitc-2024-sitc2024.0983	0	article	True	Cancer, Lipids, and Metabolism	False	True	False
Diverse stromal phenotypes at spatial resolution in colorectal cancer peritoneal metastasis.	2025-01-27	Joseph J. Zhao, Johnny Chin-Ann Ong, Ying Liu, Supriya Srivastava, Melissa Ching Ching Teo, J. Lee, Robert J. Walsh, Lit‐Hsin Loo, Qiu Xuan Tan, Gillian Ng, Joey Wee‐Shan Tan, Haoran Ma, Xuewen Ong, Su Ting Tay, Taotao Sheng, Jeffrey Huey Yew Lum, Wei Peng Yong, Filippo Pietrantonio, Patrick Tan, Raghav Sundar	National University Health System, National University Cancer Institute, Singapore, National University Hospital, Duke-NUS Medical School, Fondazione IRCCS Istituto Nazionale dei Tumori, National Cancer Centre Singapore	Journal of Clinical Oncology	https://doi.org/10.1200/jco.2025.43.4_suppl.218	0	article	False	Radiomics and Machine Learning in Medical Imaging	False	False	False
FIGURE 2 from Ultra High-plex Spatial Proteogenomic Investigation of Giant Cell Glioblastoma Multiforme Immune Infiltrates Reveals Distinct Protein and RNA Expression Profiles	2023-05-03	Shilah A. Bonnett, Alyssa Rosenbloom, Giang T. Ong, Mark Conner, Aric B.E. Rininger, Daniel Newhouse, Felicia New, Chi Q. Phan, Saskia Ilcisin, Hiromi Sato, John S. Lyssand, Gary Geiss, Joseph Beechem		Unknown Journal	https://doi.org/10.1158/2767-9764.22744309.v1	0	preprint	True	Advanced Proteomics Techniques and Applications	False	True	False
Abstract 2031: High plex proteomic prognostic marker discovery for patients with pancreatic adenocarcinoma using digital spatial profiling	2022-06-15	Assya Legrini, Holly Leslie, Stephan B. Dreyer, Joanne Edwards, Andrew V. Biankin, David K. Chang, Nigel B. Jamieson	University of Glasgow	Cancer Research	https://doi.org/10.1158/1538-7445.am2022-2031	0	article	False	Single-cell and spatial transcriptomics	False	True	False
Abstract 762: Spatial transcriptomic characterization of uterine carcinosarcomas identifies MECOM as a tumor regulator	2025-04-21	Sanaa Nakad Borrego, Elizabeth Kertowidjojo, Yan Li, Agnes Julia Bilecz, Bridget Rodig, Lucy Kelliher, Hilary A. Kenny, Ernst Lengyel, Katherine C. Kurnit	University of Chicago	Cancer Research	https://doi.org/10.1158/1538-7445.am2025-762	0	article	False	Cancer Cells and Metastasis	False	True	False
8773 CD44 Variant Isoforms Expressed Within PAX7/SOX2-Positive Pituitary Neuroendocrine Tumors Attribute To Therapy Resistance And Recurrence Of Cushing’s Disease	2024-10-01	Jayati Chakrabarti, Jennifer Eschbacher, Saptarshi Mallick, Elisabeth Ferris, Beth Hermes, Andrew Little, Yana Zavros	University of Arizona, Barrow Neurological Institute	Journal of the Endocrine Society	https://doi.org/10.1210/jendso/bvae163.2142	0	article	True	Pituitary Gland Disorders and Treatments	False	False	False
Abstract 4700: Spatial analysis of the immune microenvironment and tumor cell transition in sarcomatoid renal cell carcinoma	2023-04-04	Allison M. May, Claire Williams, Stephanie The, Sean Kim, Nathan Schurman, Greg Shelley, Tyler Robinson, Simpa S. Salami, Rohit Mehra, Aaron M. Udager, Evan T. Keller	University of Michigan–Ann Arbor	Cancer Research	https://doi.org/10.1158/1538-7445.am2023-4700	0	article	False	Bladder and Urothelial Cancer Treatments	False	False	False
346.2: Spatial analysis of vascularised composite allografts reveals distinct transcriptional pathways and immune niche dynamics associated with rejection.	2024-09-01	Sarah Short, Amy Cross, Joanna Hester, Fadi Issa	University of Oxford	Transplantation	https://doi.org/10.1097/01.tp.0001065756.69536.5f	0	article	False	Organ and Tissue Transplantation Research	False	False	False
Tumor-Myeloid Cell Crosstalk Pathways Associated with Abscopal Responses in Breast Cancer	2023-09-29	Audrey D. Goddard, Qian Wang, Christopher S. Foster, C. Perou, G.P. Gupta	UNC Lineberger Comprehensive Cancer Center, University of North Carolina at Chapel Hill	International Journal of Radiation Oncology*Biology*Physics	https://doi.org/10.1016/j.ijrobp.2023.06.1150	0	article	True	Cancer Immunotherapy and Biomarkers	False	False	False
Abstract B036: Spatial transcriptomics reveals stepwise biomolecular changes in ovarian cancer tumor microenvironments	2024-03-04	Aasa Shimizu, Rahul Krishnan, Lisa Schweizer, Lucy Kelliher, Ernst Lengyel	Max Planck Institute of Biochemistry, University of Chicago	Cancer Research	https://doi.org/10.1158/1538-7445.ovarian23-b036	0	article	False	Cancer Research and Treatments	False	True	False
Association between molecular changes and perioperative immunotherapy in patients with advanced clear cell renal cell carcinoma undergoing cytoreductive nephrectomy.	2025-02-10	Wadih Issa, Navneet Kaur, Andrew DeVilbiss, Ze Yu, Qinhan Zhou, Damla Günenç, Chao Xing, Andrew Z. Wang, Tian Zhang	The University of Texas Southwestern Medical Center, Southwestern Medical Center, Harold C. Simmons Comprehensive Cancer Center	Journal of Clinical Oncology	https://doi.org/10.1200/jco.2025.43.5_suppl.573	0	article	False	Renal cell carcinoma treatment	False	True	False
A ROLE OF NEURONAL PENTRAXIN 2 IN REGULATING PRO-INFLAMMATORY MACROPHAGES IN ULCERATIVE COLITIS	2026-01-22	Elizabeth Smith, Elizabeth Bryson, Moeez Rathore, Lauren Soh, J E Baek, Kimberly Curry, Chao Wei, Rui Wang		Inflammatory Bowel Diseases	https://doi.org/10.1093/ibd/izag006.068	0	article	False	Biomarkers in Disease Mechanisms	False	True	False
632 NC410 in combination with pembrolizumab improves anti-tumor responses by promoting collagen remodeling and tumor immunity in advanced ICI naïve MSS/MSI-L colorectal cancer (CRC)	2024-11-01	Alina Barbu, Priyanka Kothari, Shannon M. Kahan, Eric S. Christenson, Syed Mohammad Ali Kazmi, Sudhir Manda, Michael Chisamore, Stephanie Kordahi, Ashley Martz, Megan Sapp Nelson, Aaron Morawski, Dallas B. Flies, Solomon Langermann, Udayan Guha, Han Myint	Arizona Oncology, Southwestern Medical Center, Merck & Co., Inc., Rahway, NJ, USA (United States), The University of Texas Southwestern Medical Center, Sidney Kimmel Comprehensive Cancer Center	Regular and Young Investigator Award Abstracts	https://doi.org/10.1136/jitc-2024-sitc2024.0632	0	article	True	Cancer Immunotherapy and Biomarkers	False	False	False
Modeling and performance evaluation of the sleep mode in the IEEE 802.16e wireless networks with self-similar traffic	2009-01-01	Huo, Zhan-qiang, Jin, Shun-fu, Tian Tian, Nai-shuo, Wang, Yan		中国邮电高校学报：英文版		0	article	False	Advanced Wireless Network Optimization	False	False	False
Metabolic changes as biomarkers for prediction of malignant transformation of skin precancerous lesions	2022-11-10	L. Dousset		theses.fr (ABES)		0	dissertation	True	Melanoma and MAPK Pathways	False	True	False
Abstract B021: Spatial dynamic transcriptomic characterization of response patterns to neoadjuvant chemotherapy in muscle-invasive bladder cancer	2022-05-15	Sara Wahlin, Karolina Boman, Björn Nodin, Gottfrid Sjödahl, Karin Jirström	Lund University	Cancer Research	https://doi.org/10.1158/1538-7445.evodyn22-b021	0	article	False	Bladder and Urothelial Cancer Treatments	False	True	False
Spatial Transcriptomics Identify Region-specific Pathogenesis of Bronchiolar and Alveolar Disease in Primary Ciliary Dyskinesia Lungs	2025-05-01	Minako Saito, Takanori Asakura, Hong Dang, Hiroaki Murano, Kenichi Okuda, Matthew R. Markovetz, Rodney C. Gilmore, Gabriela De la Cruz, M. Chua, András Khoór, Shannon J. McCall, Laurie D. Snyder, John Sembrat, Fred Askin, Steven L. Brody, Amelia Shoemark, A. Livraghi-Butrico, S.H. Randell, Wanda K. O’Neal, R. C. Boucher	University of North Carolina at Chapel Hill, Washington University in St. Louis, Mayo Clinic in Florida, Kitasato University, University of Dundee, University of Pittsburgh, WinnMed, Duke University, Kitasato Institute Hospital, Lung Institute	American Journal of Respiratory and Critical Care Medicine	https://doi.org/10.1164/ajrccm.2025.211.abstracts.a7931	0	article	False	Neonatal Respiratory Health Research	False	False	False
102 Exploring the spatial heterogeneity of immune cells in nasopharyngeal tumours	2022-11-01	Aastha Sobti, Christina Sakellariou, Johan Nilsson, David Askmyr, Lennart Greiff, Malin Lindstedt	Lund University	Regular and Young Investigator Award Abstracts	https://doi.org/10.1136/jitc-2022-sitc2022.0102	0	article	True	Cancer Immunotherapy and Biomarkers	False	True	False
Abstract 1116: Spatial distribution of granzyme B to improve the predictive power of response to immunotherapy in operable lung cancer	2022-06-15	Corinne Ramos, Ophelie Lemieux, Adele Ponzoni, Jonathan Stauber	BrioBiotech (United States)	Cancer Research	https://doi.org/10.1158/1538-7445.am2022-1116	0	article	False	Cancer Immunotherapy and Biomarkers	False	False	False
Enhancing Immunotherapy Outcomes: Spatial Multi-Omics Models for Non-Small Cell Lung Cancer	2024-09-04	David L. Rimm, Thazin Nwe Aung, James Monkman, Jonathan Warrell, Katherine E. Bates, Niki Gavrielatou, Ioannis P. Trontzas, Chin Wee Tan, Ioannis Vathiotis, Aileen I. Fernandez, Myrto Moutafi, Ken O' Byrne, Kurt A. Schalper, Roy S. Herbst, Arutha Kulasinghe	University of Queensland, Yale Cancer Center, Walter and Eliza Hall Institute of Medical Research, Yale University	Unknown Journal	https://doi.org/10.21203/rs.3.rs-4966123/v1	0	preprint	True	Cancer Immunotherapy and Biomarkers	False	False	False
Abstract B045: Single cell spatial transcriptomics identifies unique cell populations driving muscle invasive prostate adenocarcinoma	2026-01-20	Saptarshi Mallick, Rafael Sainz, Jayati T Chakrabarti, Kendra D. Marr, Noel A. Warfel, Gregory C. Rogers, Beatrice S. Knudsen, Rashid K. Sayyid, Kelvin W. Pond, Anne E. Cress	University of Arizona, University of Utah	Cancer Research	https://doi.org/10.1158/1538-7445.prostateca26-b045	0	article	False	Single-cell and spatial transcriptomics	True	False	False
Abstract A006: Integrating single cell and spatial transcriptomics define gene signature for pancreatic ductal adenocarcinoma pre-neoplastic lesion	2022-11-15	Ahmed M. Elhossiny, Eileen S. Carpenter, Padma Kadiyala, Yaqing Zhang, Filip Bednar, Arvind Rao, Timothy L. Frankel, Marina Pasca di Magliano	University of Michigan–Ann Arbor	Cancer Research	https://doi.org/10.1158/1538-7445.panca22-a006	0	article	False	Single-cell and spatial transcriptomics	False	True	False
Abstract 175: Characterising head and neck tumour microenvironment using high plex spatial omics technologies and analyses	2025-04-21	Chin Wee Tan, Naomi Berrell, Meg L. Donovan, James Monkman, Habib Sadeghirad, Vahid Yaghoubi Naei, Jinjin Chen, Alyssa Rossenbloom, Shilah A. Bonnett, Mark Conner, Brian Filanoski, Christine Kang, Joseph Beechem, John F. Fraser, Catherine Barnett, Rahul Ladwa, Brett Hughes, Arutha Kulasinghe	University of Queensland, Nanostring Technologies (United States), Bruker (United States), Walter and Eliza Hall Institute of Medical Research	Cancer Research	https://doi.org/10.1158/1538-7445.am2025-175	0	article	False	Cancer, Hypoxia, and Metabolism	False	False	False
Spatial Transcriptomic Analysis of Lung Tissue From Infants With Neuroendocrine Cell Hyperplasia of Infancy	2025-05-01	William A. Gower, Hong Dang, Kenichi Okuda, James S. Hagood, Gail Deutsch	Lung Institute, University of North Carolina Health Care, Seattle Children's Hospital	American Journal of Respiratory and Critical Care Medicine	https://doi.org/10.1164/ajrccm.2025.211.abstracts.a5425	0	article	False	Neonatal Respiratory Health Research	False	True	False
FIGURE 2 from Ultra High-plex Spatial Proteogenomic Investigation of Giant Cell Glioblastoma Multiforme Immune Infiltrates Reveals Distinct Protein and RNA Expression Profiles	2023-05-03	Shilah A. Bonnett, Alyssa Rosenbloom, Giang T. Ong, Mark Conner, Aric B.E. Rininger, Daniel Newhouse, Felicia New, Chi Q. Phan, Saskia Ilcisin, Hiromi Sato, John S. Lyssand, Gary Geiss, Joseph Beechem		Unknown Journal	https://doi.org/10.1158/2767-9764.22744309	0	preprint	True	Advanced Proteomics Techniques and Applications	False	True	False
Abstract 2512: The metastatic breast cancer microenvironment in bone exhibits unique BMP signaling	2022-06-15	Claire L. Ihle, Desiree Straign, Philip Owens	University of Colorado Anschutz Medical Campus	Cancer Research	https://doi.org/10.1158/1538-7445.am2022-2512	0	article	False	Radiomics and Machine Learning in Medical Imaging	False	True	False
PROFILING THE TUMOR IMMUNE MICROENVIRONMENT OF PAPILLARY RENAL CELL CARCINOMA	2024-03-01	Mitchell Hayes, Kirill Sabitov, Alex C. Soupir, Taylor Peak, Jonathan V. Nguyen, Carlos Moran Segura, Daryoush Saeed‐Vafa, Neale Lopez-Blanco, Paola M. Ramos Echevarria, Jodi Balasi, Jasreman Dhillon, Young‐Chul Kim, James J. Mulé, Brooke L. Fridley, Brandon J. Manley, Christopher Guske	Moffitt Cancer Center, University of South Florida	Urologic Oncology Seminars and Original Investigations	https://doi.org/10.1016/j.urolonc.2024.01.049	0	article	False	Cancer Immunotherapy and Biomarkers	False	False	False
P0173 The impact of dietary composition on metallothionein gene expression in the intestinal epithelium by exclusive enteral nutrition	2025-01-01	D. L. Curry, James A. Lemons, Eitan Friedman, Yun Li, Fei Hao, Hongzhe Li, Lei Liu, Andrew D. Patterson, Jorge Henao‐Mejia, James M. Lewis, Gary D. Wu	Pennsylvania State University, University of Pennsylvania, Eastern Regional Research Center	Journal of Crohn s and Colitis	https://doi.org/10.1093/ecco-jcc/jjae190.0347	0	article	True	Trace Elements in Health	False	True	False
Abstract TP281: Astrocytic Regulation of Neuronal Ferroptosis Through Nrf2 Signaling in Ischemia-Reperfusion Injury	2026-01-29	Allison Brookshier, Mozammel Haque Bhuiyan, Gwenevere Zuniga, Patrick Lyden	University of Southern California	Stroke	https://doi.org/10.1161/str.57.suppl_1.tp281	0	article	False	Ferroptosis and cancer prognosis	False	True	False
Spatial genomics to reveal an immunosuppressive tumor microenvironment after chemoradiation in head and neck cancer patients.	2023-06-01	Jennifer H. Choe, Omar Jabado, Xiaoyin “Sara” Jiang, Fan Li, Patrick Franken, Mischa Houtkamp, Manling Ma-Edmonds, Matthew Loya, Homer Adams, Maria Jure‐Kunkel, Mark Fereshteh, Nora Pencheva, Andrew B. Nixon	Genmab (United States), Genmab (Netherlands), Janssen (United States), Duke Medical Center	Journal of Clinical Oncology	https://doi.org/10.1200/jco.2023.41.16_suppl.6059	0	article	False	Cancer Immunotherapy and Biomarkers	False	True	False
Evaluation of immune exhaustion across the evolution of oligometastatic clear cell renal cell carcinoma using spatially resolved tissue immune profiling: Secondary analysis of a prospective trial.	2023-02-20	Kieko Hara, Guillermo E. Corredor-Alonso, Alejandra G. Serrano, Sharia Hernandez, Wei Lü, Amishi Y. Shah, Eric Jonasch, José A. Karam, Surena F. Matin, Nizar M. Tannir, Pavlos Msaouel, Kanishka Sircar, Luisa M. Solis, Chad Tang	The University of Texas MD Anderson Cancer Center	Journal of Clinical Oncology	https://doi.org/10.1200/jco.2023.41.6_suppl.701	0	article	False	Radiomics and Machine Learning in Medical Imaging	False	True	False
Concurrent GLP1R-agonist use with chemoimmunotherapy for early-stage triple-negative breast cancer.	2025-05-28	Bethania Santos, Ishrat Durdana, Heather L. McArthur, Felipe Segato Dezem, Hannah Chasteen, Maycon Marção, Jasmine Plummer, Alexis LeVee, Megan Hoikei Wong, Joanne Mortimer, Joshua J. Gruber	City of Hope, The University of Texas Southwestern Medical Center, Southwestern Medical Center, St. Jude Children's Research Hospital	Journal of Clinical Oncology	https://doi.org/10.1200/jco.2025.43.16_suppl.1115	0	article	False	Growth Hormone and Insulin-like Growth Factors	True	False	False
Abstract 3930: MCT1 as a potential target in the progression of oral premalignant dysplasia to invasive squamous cell carcinoma	2023-04-04	Ethan J. Wong, Ali Khammanivong, Ravi Maisuria, Erin B. Dickerson, Raj K. Gopal	University of Minnesota	Cancer Research	https://doi.org/10.1158/1538-7445.am2023-3930	0	article	False	Cancer, Hypoxia, and Metabolism	False	True	False
#163 Multiome-seq and spatial transcriptomics of refractory PLA2RAb(+) membranous nephropathy reveals importance of immunomodulatory function of B cells	2024-05-01	Sehoon Park, Kwon Wook Joo, Dong Ki Kim	Seoul National University Hospital	Nephrology Dialysis Transplantation	https://doi.org/10.1093/ndt/gfae069.132	0	article	True	Renal Diseases and Glomerulopathies	False	True	False
Caractérisation des clusters de lymphocytes T CD8+, T régulateurs FoxP3+ et des neutrophiles CD66b+ dans le cancer broncho-pulmonaire et son impact dans l'immunothérapie	2022-12-12	Yoan Velut		theses.fr (ABES)		0	dissertation	True	Immune cells in cancer	False	False	False
Abstract 153: High-resolution profiling of the tumor microenvironment with spatial ecotypes	2025-04-21	Wubing Zhang, Erin L. Brown, Abul Usmani, Noah Earland, Hyun Soo Jeon, Irfan Alahi, Nicholas P. Semenkovich, Janella C. Schwab, Chloé B. Steen, Chloe M. Sachs, Bilge Gungoren, Faridi Qaium, Peter K. Harris, Jacqueline L. Mudd, Qingyuan Cai, Antonella Bacchiocchi, Ryan C. Fields, Mario Sznol, Ruth Halaban, David Y. Chen, Aadel A. Chaudhuri, Aaron M. Newman	Palo Alto University, Medical College of Wisconsin, Washington University in St. Louis, University of New Haven, Stanford University, California Institute of Technology, Mayo Clinic in Arizona, Peking University, Yale University, Oslo University Hospital	Cancer Research	https://doi.org/10.1158/1538-7445.am2025-153	0	article	False	Nanoplatforms for cancer theranostics	False	False	False
Role of cell-intrinsic C5AR1 in colorectal cancer survival and chemoresistance.	2026-01-10	Ashley Carlo, Raju Shivarathri, Adela Karuli, Richa Mandrekar, Anastasia Zenkevich, Chen-Hua Ma, Kar Fai Chow, Alvin P. Makohon-Moore, Kevin Tong, Jigar V. Desai	Hackensack University Medical Center, Center for Discovery	Journal of Clinical Oncology	https://doi.org/10.1200/jco.2026.44.2_suppl.225	0	article	False	Complement system in diseases	True	False	False
Abstract 4738: Overcoming therapy resistance in rhabdomyosarcoma by targeting the PI3K-MAPK pathway	2024-03-22	Yadong Wang, Eleanor Y. Chen	Washington School of Psychiatry, University of Washington	Cancer Research	https://doi.org/10.1158/1538-7445.am2024-4738	0	article	False	Sarcoma Diagnosis and Treatment	False	True	False
#1169 Class-specific gene expression profiling of glomerulus of lupus nephritis by spatial transcriptomics	2024-05-01	Kwon Wook Joo, Sehoon Park	Seoul National University Hospital	Nephrology Dialysis Transplantation	https://doi.org/10.1093/ndt/gfae069.283	0	article	True	Systemic Lupus Erythematosus Research	False	True	False
Biomarkers associated with recurrence after salvage surgery for localized anal cancer (AC).	2025-01-27	Mir Lim, Van K. Morris, Sharia Hernandez, Kangyu Lin, Yijie You, Ryan Huey, Wei Lü, Larisa Kostousov, Letícia Campos Clemente, Edwin R. Parra, Luisa M. Solis	The University of Texas MD Anderson Cancer Center	Journal of Clinical Oncology	https://doi.org/10.1200/jco.2025.43.4_suppl.9	0	article	False	Colorectal and Anal Carcinomas	False	False	False
Abstract 2023: Spatial transcriptomic evidence for an inflammatory, pro tumorigenic microenvironment in normal human dense breast tissue	2022-06-15	Ana K. Oliveira, Patcharin Pramoonjago, Christopher A. Moskaluk, Jay W. Fox	University of Virginia	Cancer Research	https://doi.org/10.1158/1538-7445.am2022-2023	0	article	False	Single-cell and spatial transcriptomics	False	True	False
Abstract C092: Genetic profiling of high grade serous ovarian cancer among women of African ancestry	2023-12-01	Ayodele Omotoso, Uchenna Simon Ezenkwa, Raleigh Butler, Melissa Castillo, Alex P. Sanchez‐Covarrubias, Matthew Schlumbrecht, André Pinto, Bala Audu, Sophia George	University of the West Indies, Federal Medical Centre, Jackson Memorial Hospital, University of Miami	Cancer Epidemiology Biomarkers & Prevention	https://doi.org/10.1158/1538-7755.disp23-c092	0	article	False	Molecular Biology Techniques and Applications	False	True	False
Abstract 1153: Using spatial transcriptomics to dissect cell to cell cooperation in lung adenocarcinoma	2024-03-22	Raehannah J. Jamshidi, Lyra Griffiths, Rich Johnston, Vaunita Parihar, Frank Schneider, Adam I. Marcus	Emory University	Cancer Research	https://doi.org/10.1158/1538-7445.am2024-1153	0	article	False	Cancer Genomics and Diagnostics	False	True	False
Spatial transcriptomics profiling of gallbladder adenocarcinoma: a detailed two-case study of progression from precursor lesions to cancer	2024-03-01	Sophie Pirenne, Fátima Manzano‐Núñez, Axelle Loriot, Sabine Cordi, Lieven Desmet, Selda Aydın, Catherine Hubert, Sébastien Toffoli, Nisha Limaye, Christine Sempoux, Mina Komuta, Laurent Gatto, Frédéric P. Lemaigre	Cliniques Universitaires Saint-Luc, Institute of Pathology and Genetics, University of Lausanne, International University of Health and Welfare, de Duve Institute, UCLouvain	Unknown Journal	https://doi.org/10.1101/2024.02.27.582232	0	preprint	True	Cholangiocarcinoma and Gallbladder Cancer Studies	False	True	False
OP0009 SPATIAL TRANSCRIPTOMIC-BASED PHENOTYPING OF THE FIBROBLAST NICHES IN SYSTEMIC SCLEROSIS-ASSOCIATED PRIMARY HEART INVOLVEMENT	2025-06-01	A. Micu, A. E. Matei, Yanjun Li, Ann‐Christin Pecher, T. Filla, J. Henes, M. Eckstein, Karin Klingel, J. Distler, Andrea‐Hermina Györfi	University Children's Hospital Tübingen, Düsseldorf University Hospital, Heinrich Heine University Düsseldorf, University of Tübingen	Annals of the Rheumatic Diseases	https://doi.org/10.1016/j.ard.2025.05.032	0	article	True	Tissue Engineering and Regenerative Medicine	True	False	False
Abstract 4623: Single-cell spatial proteomic analysis of the tumor microenvironment in treatment-naive NSCLC samples with immunotherapy treatment and response data	2023-04-04	Marie Cumberbatch, Geoffrey Ivison, A. M. Lam, Aaron T. Mayer, Milan Bhagat	ATUM (United States)	Cancer Research	https://doi.org/10.1158/1538-7445.am2023-4623	0	article	False	Single-cell and spatial transcriptomics	False	True	False
#16: Enterovirus D68 Visualized in the Anterior Horn of the Spinal Cord of a Pediatric Patient with Flaccid Paralysis	2021-06-01	Matthew R. Vogt, Peter F. Wright, William F. Hickey, Kelli L. Boyd, James E. Crowe	Vanderbilt University Medical Center, University of North Carolina at Chapel Hill, Dartmouth–Hitchcock Medical Center	Journal of the Pediatric Infectious Diseases Society	https://doi.org/10.1093/jpids/piab031.015	0	article	False	Viral Infections and Immunology Research	False	True	False
Abstract PS4-07-08: Spatial transcriptomics of TNBCs show an association between HOXB13 expression and formation of a plasmablast-rich neighborhood	2026-02-17	B. Flood, Cole Nawrocki, Xiaobai Li, Kai Treuner, Y. Zhang, D. Sgroi	Massachusetts General Hospital, Theranostics (New Zealand), Center for Cancer Research	Clinical Cancer Research	https://doi.org/10.1158/1557-3265.sabcs25-ps4-07-08	0	article	False	Single-cell and spatial transcriptomics	True	False	False
Abstract A002: <i>In situ</i> KRAS-mapping and spatial-omics characterization in lung premalignancy	2025-12-04	Amanda Lindberg, Bartosz Kamil Sobocki, Patrick Micke, Carina Strell	Uppsala University, University of Gdańsk, Gdańsk Medical University	Cancer Research	https://doi.org/10.1158/1538-7445.canevol25-a002	0	article	False	Unknown	True	False	False
Spatially resolved multi-region proteomics for prediction of clinical outcome in deficient mismatch repair metastatic colorectal cancer treated with PD-1 blockade.	2024-06-01	Bahar Saberzadeh Ardestani, Zhenglong Liu, Mariam I. Stein, Will A. Sherman, Rondell P. Graham, Christy E. Trussoni, Tamás Ördög, Frank A. Sinicrope	Mayo Clinic in Arizona, Mayo Clinic in Florida, Mayo Clinic	Journal of Clinical Oncology	https://doi.org/10.1200/jco.2024.42.16_suppl.3520	0	article	False	Genetic factors in colorectal cancer	False	False	False
Abstract 2362: Spatial transcriptomic landscape of primary and lymph node metastatic pancreatic cancer	2023-04-04	Changjin Hong, Jean R. Clemenceau, Rondell P. Graham, Tae Hyun Hwang	Mayo Clinic in Arizona, Nemours Children's Clinic, Mayo Clinic in Florida	Cancer Research	https://doi.org/10.1158/1538-7445.am2023-2362	0	article	False	Cancer Immunotherapy and Biomarkers	False	True	False
Abstract PS1-12-12: Comparative transcriptomic and proteomic analysis of lasofoxifene and fulvestrant, in an ER-mutated metastatic breast cancer explant model, identifies potential molecular mechanisms underlying differential treatment efficacy	2026-02-17	M. Laine, D. A. Tieri, Chunni Zhu, I. Raman, G. Chen, B. S. Komm, G. L. Greene	Epix Pharmaceuticals (United States), University of Illinois Chicago, Core Laboratories (United States)	Clinical Cancer Research	https://doi.org/10.1158/1557-3265.sabcs25-ps1-12-12	0	article	False	Advanced Breast Cancer Therapies	False	False	False
Abstract 2083: Activated fibroblasts in benign breast tissue are associated with subsequent breast cancer development	2025-04-21	Nicole Cruz-Reyes, P. W. Westerman, Matilde Rossi, Camila Pacheco Erak, Melody Stallings Mann, Bryan M. McCauley, Robert A. Vierkant, Stacey J. Winham, Mark E. Sherman, Amy C. Degnim, Derek C. Radisky	Mayo Clinic in Arizona, Nemours Children’s Clinic, Mayo Clinic in Florida	Cancer Research	https://doi.org/10.1158/1538-7445.am2025-2083	0	article	False	Cancer Cells and Metastasis	True	False	False
Abstract 7394: Delineating spatial expression signatures of lung adenocarcinoma subtypes from spatial single-cell transcriptomics using graph neural networks	2024-03-22	Arun Das, Md Musaddaqul Hasib, Zhentao Liu, Wen Meng, Yu‐Chiao Chiu, Gabriel Sica, Shou‐Jiang Gao	UPMC Hillman Cancer Center, University of Pittsburgh Medical Center	Cancer Research	https://doi.org/10.1158/1538-7445.am2024-7394	0	article	False	Radiomics and Machine Learning in Medical Imaging	True	False	False
1483 Spatial tumor-immune protein signatures and targets associated with prognosis and subtypes of ovarian carcinoma	2023-10-31	Constantina Mateoiu, Asger Meldgaard Frank, Elias Carlsson, Huaqiang Ouyang, Lavanya Lokhande, Sara Ek, Karin Sundfeldt, Anna Sandström Gerdtsson	Medicon Village, Tianjin Medical University Cancer Institute and Hospital, Lund University, University of Gothenburg, Sahlgrenska University Hospital	Regular and Young Investigator Award Abstracts	https://doi.org/10.1136/jitc-2023-sitc2023.1483	0	article	True	Immune cells in cancer	False	True	False
Abstract 6853: Spatial proteomic and transcriptomic characterization of the inflammatory landscape of formalin fixed paraffin embedded Barrett’s esophagus tissues	2024-03-22	Qurat Ul Ain, Nicola Frei, Amir M. Khoshiwal, Pim Stougie, Robert D. Odze, Sophie Camilleri‐Broët, Lorenzo Ferri, Lucas C. Duits, Jacques Bergman, Matthew D. Stachler	University of California, San Francisco, McGill University, Concordia University, Tufts University, University of Amsterdam	Cancer Research	https://doi.org/10.1158/1538-7445.am2024-6853	0	article	False	Esophageal Cancer Research and Treatment	False	True	False
Spatial Transcriptomic Analysis of Familial Pulmonary Arterial Hypertension Due to a Novel KDR Mutation	2025-05-01	Bradley M. Wertheim, George A. Alba, Sara O. Vargas, John C. Kennedy, Rui‐Sheng Wang, Elena Arons, F.N. Rahaghi, R. San José Estépar, Carolina García de Alba, N. Carmichael, Lida P. Hariri, Josanna Rodriguez‐Lopez, R.N. Channick, Bradley A. Maron, Benjamin A. Raby	Brigham and Women's Hospital, Boston University, University of California, Los Angeles, Boston Children's Hospital, Massachusetts General Hospital, Harvard University	American Journal of Respiratory and Critical Care Medicine	https://doi.org/10.1164/ajrccm.2025.211.abstracts.a7055	0	article	False	Pulmonary Hypertension Research and Treatments	False	False	False
Abstract 749: Dynamic change in immune landscape among NSCLC patients who received neo-adjuvant PD-1 treatment	2025-04-21	Zheshen Han, Haoting Shi, Xue Wang, Yufei Wang, Ruijun Pan, Chao Hu, Qing Qu, Rong Cai	Shanghai Jiao Tong University, University of Hong Kong, Ruijin Hospital	Cancer Research	https://doi.org/10.1158/1538-7445.am2025-749	0	article	False	Cancer Immunotherapy and Biomarkers	False	True	False
Figure 1 from &lt;i&gt;In Situ&lt;/i&gt; Proinflammatory Effects of Dazostinag Alone or with Chemotherapy on the Tumor Microenvironment of Patients with Head and Neck Squamous Cell Carcinoma	2025-07-30	Richard C. Gregory, Neil Lineberry, Alexander Parent, Karthik Rajasekaran, Thomas J. Ow, Cherie‐Ann O. Nathan, Beryl A. Hatton, Wendy Jenkins, Marc Grenley, Connor Burns, Angela Merrell, Jason P. Frazier, Jonathan M.J. Derry, Emily Beirne, Richard A. Klinghoffer		Unknown Journal	https://doi.org/10.1158/2767-9764.29672779	0	preprint	True	interferon and immune responses	False	True	False
Abstract 2618: IQGAP3 regulates intra-cellular Ras signaling and intra-tumoral malignant cycles via TGFβ signaling	2023-04-04	Mitsuhiro Shimura, Pang SHUCHIN, Junichi Matsuo, Linda Shyue Huey Chuang, Yoshiaki Ito	National University of Singapore	Cancer Research	https://doi.org/10.1158/1538-7445.am2023-2618	0	article	False	Cancer Mechanisms and Therapy	False	True	False
Spatial and bulk transcriptomic analysis of skin Kaposi sarcoma lesions: Differences by disease characteristics.	2025-05-28	Quashawn Rakeem Chadwick, Ned Cauley, Nina Bubunenko, Xiaolin Wu, Bahman Asfari, Laura Bassel, Maria O. Hernandez, Xiaofan Li, Kathryn Lurain, Robert Yarchoan, Joseph M. Ziegelbauer, Noémi Kedei, Laurie T. Krug, Ramya Ramaswami	National Institutes of Health, Center for Cancer Research, Frederick National Laboratory for Cancer Research	Journal of Clinical Oncology	https://doi.org/10.1200/jco.2025.43.16_suppl.11530	0	article	False	Viral-associated cancers and disorders	False	True	False
133 Spatially defined gene signatures uncover the association of extracellular matrix genes with immunotherapy resistance in head and neck squamous cell carcinoma	2022-11-01	Niki Gavrielatou, Jonathan Warrell, Thazin Nwe Aung, Loannis Vathiotis, Panagiota Economopoulou, Barbara Burtness, Amanda Psyrri, David L. Rimm	Yale Cancer Center, University General Hospital Attikon, Yale University	Regular and Young Investigator Award Abstracts	https://doi.org/10.1136/jitc-2022-sitc2022.0133	0	article	True	Cancer Immunotherapy and Biomarkers	False	True	False
Abstract 5636: Multiplex digital spatial profiling (DSP) of proteins in the tumor microenvironment in response to GSK-3 inhibition by 9-ING-41 (elraglusib) correlates with novel immunostimulatory effects observed <i>in vivo</i>	2023-04-04	Kelsey E. Huntington, Christoph Schorl, Shaolei Lu, Daniel Newhouse, Benedito A. Carneiro, Wafik S. El‐Deiry	Brown University	Cancer Research	https://doi.org/10.1158/1538-7445.am2023-5636	0	article	False	Nanoplatforms for cancer theranostics	False	True	False
Abstract B067: Identification of Gemcitabine-resistant Populations using scRNA-Sequencing in Triple Negative Breast Cancer Patient-Derived Xenografts	2024-02-01	Sandrine Busque, Constanza Martinez Ramirez, Ariel Madrigal Aguirre, Paul Savage, Anie Monast, Anne-Marie Fortier, Gerardo Zapata, Atilla Ömeroğlu, Jamil Asselah, Nathaniel Bouganim, Sarkis Meterissian, Francine Tremblay, Ari N. Meguerditchian, Yasser Riaz Alhosseini, Hamed S. Najafabadi, Hellen Kuasne, Morag Park	Ontario Genomics, McGill University	Cancer Research	https://doi.org/10.1158/1538-7445.advbc23-b067	0	article	False	Cancer Genomics and Diagnostics	False	True	False
200 | SPATIAL TRANSCRIPTOMICS REVEALS IMMUNE MICROENVIRONMENT REMODELING IN CUTANEOUS T‐CELL LYMPHOMA POST‐RADIATION AND BIOMARKERS OF DISEASE PROGRESSION	2025-06-01	Aiping Zhou, Johanna B. Holm, Lonnie Chrisman, Ziyou Ren, J. Guitart	Northwestern University	Hematological Oncology	https://doi.org/10.1002/hon.70094_200	0	article	True	Cutaneous lymphoproliferative disorders research	False	True	False
A spatial atlas of colorectal cancer reveals the influence of stromal niches on tumour differentiation	2025-12-11	Andrew Pattison, Rebekah Engel, Wing Hei Chan, Spencer Greatorex, David Nickless, Liam Skinner, Camilla Cohen, Julie Hickey, Christine Georges, Anne Fletcher, Paul J. McMurrick, Thierry Jardé, Lochlan Fennell, Helen E. Abud	Prince Charles Hospital, Monash University, Austin Health, Texas Department of State Health Services, Australian Regenerative Medicine Institute, University of the Sunshine Coast, Cabrini Hospital	Unknown Journal	https://doi.org/10.64898/2025.12.09.693138	0	article	True	Unknown	True	False	False
Abstract A033: Identification of gemcitabine-resistant populations using scRNA-sequencing in triple negative breast cancer patient-derived xenograft	2023-01-15	Sandrine Busque, Constanza Martinez Ramirez, Hellen Kuasne, Paul Savage, Anne-Marie Fortier, Anie Monast, Atilla Ömeroğlu, Jamil Asselah, Nathaniel Bouganim, Sarkis Meterissian, Claudia L. Kleinman, Mark Basik, Morag Park	McGill University	Cancer Research	https://doi.org/10.1158/1538-7445.metastasis22-a033	0	article	False	Cancer Genomics and Diagnostics	False	True	False
Data from Long-Term Follow-up of Levonorgestrel Intrauterine Device for Atypical Hyperplasia and Early Endometrial Cancer Reveals Relapse Characterized by Immune Exhaustion	2024-11-15	Mikayla B. Bowen, Brenda Melendez, Qian Zhang, Richard K. Yang, Bryan Fellman, Barrett C. Lawson, Naomi Adjei, Joseph Celestino, Khalida Wani, Bhavana Singh, Diana L. Urbauer, Alexander J. Lazar, Karen H. Lu, Jennifer A. Wargo, Shannon N. Westin, Melinda S. Yates		Unknown Journal	https://doi.org/10.1158/1078-0432.c.7541185	0	preprint	True	Reproductive System and Pregnancy	False	True	False
Spatial profiling of ovarian clear cell carcinoma (OCCC) and identification of immune-hot features.	2023-06-01	Ya-Ting Tai, Wei‐Chou Lin, Duncan Yi-Te Wang, Jieru Ye, Tuan Zea Tan, Lin‐Hung Wei, Ruby Yun‐Ju Huang	National University Cancer Institute, Singapore, National Taiwan University, National Taiwan University Hospital, National University of Singapore	Journal of Clinical Oncology	https://doi.org/10.1200/jco.2023.41.16_suppl.e17543	0	article	False	Cancer Research and Treatments	False	True	False
Hepatic LRP-1 plays an important role in amyloidosis in Alzheimer’s disease mice: Potential role in chronic heavy alcohol feeding	2024-03-19	Devaraj V. Chandrashekar, G. Chuli Roules, Nataraj Jagadeesan, Adenike Oyegbesan, Oghenetega E. Imiruaye, Hai Zhang, Jerome Garcia, Sanda Win, Tin Aung Than, Neil Kaplowitz, Moom R. Roosan, Derick Han, Rachita K. Sumbria	University of La Verne, University of California System, Chapman University, University of Southern California, Keck Graduate Institute	Research Square (Research Square)	https://doi.org/10.21203/rs.3.rs-4110239/v1	0	preprint	True	Alzheimer's disease research and treatments	False	True	False
Abstract 3988: Deep spatial immunophenotyping of lymphoid aggregates in pancreatic cancer using multi-omic integration of ultra high-plex proteomics and transcriptomics	2024-03-22	Dennis Gong, Jingyi Cao, Z. Peter Wang, Niyati Jhaveri, Yue Hou, Bassem Ben Cheikh, HaYeun Ji, Mark Gregory, Jason Reeves, Michael Patrick, Carina Shiau, Jennifer Su, Jimmy A. Guo, Joseph Beechem, Martin Hemberg, William L. Hwang, Ryan J. Park	Brigham and Women's Hospital, The University of Texas MD Anderson Cancer Center, Massachusetts Institute of Technology, Nanostring Technologies (United States), Massachusetts General Hospital, Akoya Biosciences (United States)	Cancer Research	https://doi.org/10.1158/1538-7445.am2024-3988	0	article	False	Cancer Genomics and Diagnostics	False	False	False
Abstract 339: Resistance to trastuzumab is associated with alpha-smooth muscle actin expression in the stroma of patients with HER2+ breast cancer	2021-07-01	Ioannis Vathiotis, Myrto Moutafi, Prajan Divakar, Thazin Nwe Aung, Aileen I. Fernandez, Vesal Yaghoobi, Saba Shafi, Konstantinos N. Syrigos, George Fountzilas, Lajos Pusztai, Sarah Warren, David L. Rimm	University of New Haven, National and Kapodistrian University of Athens, Nanostring Technologies (United States), Yale University, Aristotle University of Thessaloniki	Cancer Research	https://doi.org/10.1158/1538-7445.am2021-339	0	article	False	Radiomics and Machine Learning in Medical Imaging	False	False	False
Abstract 1154: Spatial profiling of the tumor microenvironment in head and neck squamous cell carcinoma revealed immune cell type infiltration into the TME as a predictor of immunotherapy response	2024-03-22	Habib Sadeghirad, Chin Wee Tan, Ning Liu, James Monkman, Caroline Cooper, Kenneth J. O’Byrne, Melissa J. Davis, Brett Hughes, Arutha Kulasinghe	The University of Queensland, Princess Alexandra Hospital, Walter and Eliza Hall Institute of Medical Research	Cancer Research	https://doi.org/10.1158/1538-7445.am2024-1154	0	article	False	Immunotherapy and Immune Responses	False	True	False
Abstract 6154: Distinct immunosuppressive environments elicited in vessel co-opting and angiogenic colorectal cancer liver metastases and changes following treatment	2022-06-15	Diane Kim, Thomas Z. Mayer, Stephanie Petrillo, Anthoula Lazaris, Peter Metrakos	Concordia University, Université de Sherbrooke, McGill University	Cancer Research	https://doi.org/10.1158/1538-7445.am2022-6154	0	article	False	Ferroptosis and cancer prognosis	False	True	False
Abstract 6782: Spatial transcriptomics of serous tubal intraepithelial carcinoma and its putative precursor lesions	2023-04-04	Rahul Krishnan, Lisa Schweizer, Agnes Julia Bilecz, Aasa Shimizu, Rachelle Mendoza, Diane Yamada, Ricardo R. Lastra, Matthias Mann, Ernst Lengyel	Max Planck Institute of Biochemistry, University of Chicago	Cancer Research	https://doi.org/10.1158/1538-7445.am2023-6782	0	article	False	Ovarian cancer diagnosis and treatment	False	True	False
Abstract 1396: Targeting immune suppressive myeloid cells in prostate cancer recurrence and metastasis	2024-03-22	Shenglin Mei, Hanyu Zhang, Taghreed Hirz, Nathan Elias Jeffries, Shulin Wu, Chin‐Lee Wu, Douglas M. Dahl, Philip J. Saylor, David B. Sykes	Massachusetts General Hospital	Cancer Research	https://doi.org/10.1158/1538-7445.am2024-1396	0	article	False	Immune cells in cancer	False	True	False
Long-Term Outcomes of Dose Escalation in Definitive Chemoradiotherapy for Locally Advanced Esophageal Squamous Cell Carcinoma: A Multicenter, Randomized Phase III Trial	2025-09-01	Yuping Xu, Baijun Dong, Q. Cheng, Wenwei Zhu, J. Li, Weiwei Huang, Zhe Sun, Xiuli Yang, Lizhi Liu, Hailang He, Zhijun Liao, Yue Kong, Wei Wang, Jie Chen, Guoping Qiu, Min Zeng, Jie Pu, Wenwei Hu, Yuqian Bao, Zhiguo Liu, Junyan Ma, Hongjie Jiang, Xinxing Du, Juntao Hu, Weihua Zhuang, Junjie Huang, Hua Tao, Yaxin Liu, Xiaohua Liang, Jianbo Zhou, Xiaoqiang Zheng, Bi‐Te Chen, Min Xi, Mingqiang Chen, M. Chen	Hunan Cancer Hospital, Jining First People's Hospital, Jiangsu Cancer Hospital, Guangzhou Medical University, Zhejiang Provincial People's Hospital, Sun Yat-sen University Cancer Center, Second People’s Hospital of Huai’an, First People's Hospital of Foshan, Sichuan Cancer Hospital, Xinhui People's Hospital, Sun Yat-sen University, Jinhua Central Hospital, First Affiliated Hospital of Bengbu Medical College, Xuzhou Medical College, Jiaxing University, Shantou University, Cancer Hospital of Shantou University Medical College, Nanjing Medical University, North Sichuan Medical University, The First Affiliated Hospital, Sun Yat-sen University, The University of Texas MD Anderson Cancer Center, Anhui Provincial Hospital, Fujian Provincial Cancer Hospital, Huaian First People’s Hospital, The First People's Hospital of Changzhou, First Affiliated Hospital of Soochow University, Zhejiang Cancer Hospital, Quzhou City People's Hospital, Affiliated Hospital of North Sichuan Medical College, Soochow University, Fujian Medical University, First Hospital of Jiaxing, Chinese Academy of Sciences	International Journal of Radiation Oncology*Biology*Physics	https://doi.org/10.1016/j.ijrobp.2025.07.1350	0	article	True	Esophageal Cancer Research and Treatment	False	False	False
Abstract PR-011: The role of tumor microenvironment in metastasis and relapses of medulloblastoma using immunocompetent mouse models	2024-03-04	Niusha Khazaei, Ana Castillo Orozco, Wajih Jawhar, Geoffroy Danieau, Kiran Narta, Michael D. Taylor, A. Sorana Morrissy, Ana Guerreiro Stücklin, Livia Garzia	Texas Children's Hospital, University of Calgary, McGill University	Cancer Research	https://doi.org/10.1158/1538-7445.brain23-pr-011	0	article	False	Cancer Research and Treatments	False	False	False
Abstract B091: Spatial Transcriptomics Unveils Intraductal Papillary Mucinous Neoplasm Heterogeneity: From Novel Clusters to Immune Dynamics	2024-09-15	Amaya Pankaj, Michael J. Raabe, Yuhui Song, Bidish K. Patel, Katherine Xu, Joshua R. Kocher, Nicholas J Caldwell, Maria Ganci, Linda T. Nieman, Mari Mino–Kenudson, Vikram Deshpande, Nabeel Bardeesy, Carlos Fernández‐del Castillo, Martin J. Aryee, David T. Ting, Yasmin G. Hernandez‐Barco	Dana-Farber Cancer Institute, Beth Israel Deaconess Medical Center, MGH Institute of Health Professions	Cancer Research	https://doi.org/10.1158/1538-7445.pancreatic24-b091	0	article	False	Mycobacterium research and diagnosis	False	True	False
1480 Spatially resolved T-cell microenvironment in mantle cell lymphoma using combined image analysis and spatial omics	2023-10-31	Lavanya Lokhande, Daniel Nilsson, Joana Rodrigues, May Hassan, Lina Olsson, Anna Porwit, Anna Sandström Gerdtsson, Mats Jerkeman, Sara Ek	Lund University	Regular and Young Investigator Award Abstracts	https://doi.org/10.1136/jitc-2023-sitc2023.1480	0	article	True	CAR-T cell therapy research	False	False	False
Abstract 5079: Spatial transcriptomics analysis of early-stage ER+/HER2- breast cancer reveals unique prognostic immune-fibroblastic subtypes	2025-04-21	Hannah Nyarko, Zak Kinsella, Daria Kalinska-Lysiak, Niamh M.C. Connoly, Jochen H.M. Prehn, John Crown, Catherine M. Kelly, William M. Gallagher, Darran P. O’Connor	Royal College of Surgeons in Ireland	Cancer Research	https://doi.org/10.1158/1538-7445.am2025-5079	0	article	False	Cancer Immunotherapy and Biomarkers	False	True	False
Abstract 5431: 3D multiplexed tissue imaging reconstruction and optimized region-of-interest (ROI) selection through deep learning model of channels embedding	2023-04-04	Erik Burlingame, Luke Ternes, Eun Na Kim, Joe W. Gray, Young Hwan Chang	Oregon Health & Science University	Cancer Research	https://doi.org/10.1158/1538-7445.am2023-5431	0	article	False	AI in cancer detection	False	True	False
Abstract 1960: Invasive potential of colorectal cancer through tumor budding in 3D	2022-06-15	Tariq Haddad, Luuk van den Dobbelsteen, Alessandro Lugli, Shannon van Vliet, Femke Simmer, Inti Zlobec, Irıs D. Nagtegaal	Radboud University Medical Center, Radboud University Nijmegen, University of Bern, Bern University of Applied Sciences	Cancer Research	https://doi.org/10.1158/1538-7445.am2022-1960	0	article	False	Radiomics and Machine Learning in Medical Imaging	False	True	False
Abstract LB297: MCT1 regulates the progression of early invasive oral squamous cell carcinoma	2025-04-25	Erin B. Dickerson, Ethan J. Wong, Ali Khammanivong, Olanrewaju Ajeigbe, Bailey Anderson, Aneri Shah, Ravi Maisuria, Lester R. Drewes, Isha Mutreja, Raj K. Gopal	University of Minnesota	Cancer Research	https://doi.org/10.1158/1538-7445.am2025-lb297	0	article	False	Cancer-related molecular mechanisms research	False	True	False
ABS0014 SPATIAL TRANSCRIPTOMIC INSIGHTS INTO INTERFERON AND MITOCHONDRIAL PATHWAY DYSREGULATION IN JUVENILE DERMATOMYOSITIS MUSCLE BIOPSIES	2025-06-01	Aris E Syntakas, Melissa Kartawinata, Huong D. Nguyen, Charalampia Papadopoulou, M Al-Obaidi, Clarissa Pilkington, Yvonne Glackin, Ashirwad Merve, Olumide Ogunbiyi, Lucy R. Wedderburn, M. C. Wilkinson	Great Ormond Street Hospital, Great Ormond Street Hospital for Children NHS Foundation Trust, University College London, Versus Arthritis	Annals of the Rheumatic Diseases	https://doi.org/10.1016/j.ard.2025.06.1093	0	article	True	Inflammatory Myopathies and Dermatomyositis	False	True	False
Molecular changes in advanced clear cell renal cell carcinoma (ccRCC) pre- and post-immunotherapy.	2025-05-28	Wadih Issa, Navneet Kaur, Andrew DeVilbiss, Ze Yu, Anne L. Nielsen, Hua Zhong, Damla Günenç, Qinhan Zhou, Jay Jasti, Payal Kapur, Satwik Rajaram, Chao Xing, Liwei Jia, Andrew Z. Wang, Tian Zhang	The University of Texas Southwestern Medical Center, Southwestern Medical Center	Journal of Clinical Oncology	https://doi.org/10.1200/jco.2025.43.16_suppl.e16533	0	article	False	Renal cell carcinoma treatment	False	True	False
Site-Specific Immune and Stromal Architecture Drive Resistance to Trastuzumab Deruxtecan in HER2+ Metastatic Breast Cancer	2025-05-24	Glori Das, Matthew Vasquez, Jeffrey Zhang, Wei Yang, Yuan Gao, Xiaoxian Li, Hong Zhao, Stephen Wong	Texas College, Texas A&M University, Engineering Arts (United States), Methodist Hospital, Emory University, Houston Methodist	Unknown Journal	https://doi.org/10.1101/2025.05.23.654950	0	preprint	True	HER2/EGFR in Cancer Research	False	True	False
390 Digital spatial profiling and antigen-dependent phenotypic analysis of IL15-engineered tumor-infiltrating lymphocytes (cytoTIL15® therapy) in an allogeneic melanoma PDX model	2022-11-01	Rachel A. Burga, Zheng Ao, Arman Aksoy, Scott Lajoie, Kyle D. Pedro, Jack Tremblay, Gauri Kulkarni, Alonso Villasmil Ocando, Benjamin Primack, Meghan Langley, Theresa Ross, Jeremy H. Tchaicha, Michelle Ols, Jan ter Meulen, Mithun Khattar		Regular and Young Investigator Award Abstracts	https://doi.org/10.1136/jitc-2022-sitc2022.0390	0	article	True	CAR-T cell therapy research	False	True	False
Molecular alterations identified in a phase 1 study of fostamatinib plus paclitaxel in platinum-resistant ovarian cancer.	2025-05-28	Otavio de Carvalho Modaffar Al-Alam, Adam Luo, Tommy Wu, Tiffany Chang, Kelly Casella, Ellen Tully, Tian-Li Wang, Eugene Shenderov, Stéphanie Gaillard	Johns Hopkins Medicine, Johns Hopkins University	Journal of Clinical Oncology	https://doi.org/10.1200/jco.2025.43.16_suppl.e17609	0	article	False	Ovarian cancer diagnosis and treatment	False	True	False
Abstract PR014: Macrophage induced epithelial to mesenchymal transition in sarcomatoid renal cell carcinoma	2023-08-15	Allison M. May, Claire Williams, Stephanie The, Jake McGue, Sean Kim, Nathan Schurman, Greg Shelley, Tyler Robinson, Simpa S. Salami, Rohit Mehra, Timothy L. Frankel, Aaron M. Udager, Evan T. Keller	University of Michigan–Ann Arbor	Cancer Research	https://doi.org/10.1158/1538-7445.kidney23-pr014	0	article	False	Bladder and Urothelial Cancer Treatments	True	False	False
Abstract A030: Modulation of lymphocyte adhesion and migration by iCAF and myCAF fibroblasts in PDAC	2024-09-15	Fouzia Zayou, Hayden Pearce, Wayne Croft, Samantha M. Nicol, Sandra Margielewska‐Davies, Sarah Powell‐Brett, Rachel Brown, Jianmin Zuo, Keith Roberts, Helen M. McGettrick, Paul Moss	University Hospitals Birmingham NHS Foundation Trust, University of Birmingham, Queen Elizabeth Hospital Birmingham	Cancer Research	https://doi.org/10.1158/1538-7445.pancreatic24-a030	0	article	False	Cell Adhesion Molecules Research	False	True	False
Abstract 1077: Visualization and analysis of cancer genomics data using UCSC Xena	2025-04-21	Mary J. Goldman, Brian Craft, Chen‐Ju Lin, Jingchun Zhu	Stanford University, University of California, Santa Cruz	Cancer Research	https://doi.org/10.1158/1538-7445.am2025-1077	0	article	False	Gene expression and cancer classification	False	False	False
Abstract 6064: Multiomics preclinical characterization of SAR445877, an anti-PD-1 antibody-IL-15 mutein fusion protein with robust anti-tumor efficacy as monotherapy	2025-04-21	Julien Tessier, Joon Sang Lee, Ingeborg M. Langohr, Caroline Morel, Xiangming Li, Seth Garren, Virna Cortez‐Retamozo, Dinesh S. Bangari, Donald Jackson, Donald R. Shaffer, Angela Hadjipanayis	Sanofi (United States)	Cancer Research	https://doi.org/10.1158/1538-7445.am2025-6064	0	article	False	Monoclonal and Polyclonal Antibodies Research	False	True	False
1404 Unveiling the spatial landscape of persistent stable metastatic lesions in patients treated with anti-CTLA-4 or Anti-CTLA-4 + Anti-PD-1 therapy at single-cell resolution	2024-11-01	Yingxiao Shi, Zoltan Maliga, Ajit J. Nirmal, Roxanne J. Pelletier, Tuulia Vallius, Christine G. Lian, Guihong Wan, Boshen Yan, Yiwen He, Brigette Kobs, Jihye Park, Amy Huang, Tyler Aprati, Elizabeth I. Buchbinder, David Liu, Peter K. Sorger	Brigham and Women's Hospital, Center for Systems Biology, Dana-Farber Cancer Institute, Massachusetts General Hospital, Harvard University	Regular and Young Investigator Award Abstracts	https://doi.org/10.1136/jitc-2024-sitc2024.1404	0	article	True	Cancer Immunotherapy and Biomarkers	False	False	False
Abstract PS14-14: Distinct tumor microenvironments of breast cancer bone metastases in pre- and post-menopausal patients	2021-02-15	Claire L. Ihle, Meredith D. Provera, Desiree Straign, Katy Zolman, Erin N. Smith, Adrie van Bokhoven, Scott Lucia, Philip Owens	University of Colorado Anschutz Medical Campus	Cancer Research	https://doi.org/10.1158/1538-7445.sabcs20-ps14-14	0	article	False	Medical Imaging Techniques and Applications	False	True	False
Abstract 1141: Spatial-specific gene signatures to predict immunotherapy outcomes in lung cancer	2024-03-22	Thazin Nwe Aung, Myrto Moutafi, Ioannis P. Trontzas, Arutha Kulasinghe, James Monkman, Niki Gavrielatou, Ioannis Vathiotis, Jonathan Warrell, David L. Rimm	University of Queensland, National and Kapodistrian University of Athens, Yale University	Cancer Research	https://doi.org/10.1158/1538-7445.am2024-1141	0	article	False	Cancer Immunotherapy and Biomarkers	False	True	False
Computational Analysis and Statistical Methods in Spatial Transcriptomics and Neuroimaging	2024-01-01	Yijun Li		Deep Blue (University of Michigan)	https://doi.org/10.7302/25075	0	article	True	Single-cell and spatial transcriptomics	False	False	False
Abstract 3766: Utilizing whole-transcriptome digital spatial profiling for glioblastoma clinical biomarker discovery	2024-03-22	Adam Luo, Kelly Casella, Shivang Sharma, Ezra Baraban, Calixto‐Hope G. Lucas, Eugene Shenderov	University of Baltimore, Johns Hopkins University	Cancer Research	https://doi.org/10.1158/1538-7445.am2024-3766	0	article	False	Molecular Biology Techniques and Applications	False	True	False
Abstract PO-083: Utilizing spatial transcriptomics to elucidate tertiary lymphoid structure heterogeneity in human cancer	2020-11-01	Dongyan Liu, Xiang Li, Rajesh Acharya, E. Michael Meyer, Shelley Reynolds, Ayana T. Ruffin, Robert L. Ferris, Dario A.A. Vignali, Riyue Bao, Tullia C. Bruno	University of Pittsburgh, UPMC Hillman Cancer Center	Cancer Research	https://doi.org/10.1158/1538-7445.tumhet2020-po-083	0	article	False	Ferroptosis and cancer prognosis	False	True	False
Abstract 73: Spatial profiling of pediatric rhabdomyosarcoma to elucidate their immunosuppressive tumor microenvironment	2024-03-22	Cui Tu, Chin Wee Tan, Ning Liu, Arutha Kulasinghe, Fernando Souza-Fonseca-Guimarães	University of Queensland	Cancer Research	https://doi.org/10.1158/1538-7445.am2024-73	0	article	False	Sarcoma Diagnosis and Treatment	False	True	False
Abstract PR016: Ultra-deep characterization of TP53 somatic evolution in the fallopian tube and its association with ovarian cancer risk	2025-09-19	Coohleen Coombes, Elizabeth U. Parker, Brendan F. Kohrn, Jeanne Fredrickson, Shreya Suresh, Elena Latorre‐Esteves, Emma Hazard, Melanie Dillon, Marc R. Radke, Anh P. Vo, R Gamboa, Katherine Lai, Emily Beirne, Bre Mills, Shreeram Akilesh, Ronit Katz, Barbara M. Norquist, Elizabeth M. Swisher, Rosa Ana Risques	University of Washington	Cancer Research	https://doi.org/10.1158/1538-7445.ovarian25-pr016	0	article	False	Reproductive Biology and Fertility	False	True	False
Abstract B041: Modeling the malignant transformation of fallopian tube epithelium driven by extracellular vesicles cargos in an organ-on-chip microphysiological system	2024-03-04	Didi Zha, Jared Sipes, Sagar Rayamajhi, Leonidas E. Bantis, Angela Russo, Harsh B. Pathak, Andrew K. Godwin, Joanna E. Burdette	University of Illinois Chicago, University of Kansas Medical Center	Cancer Research	https://doi.org/10.1158/1538-7445.ovarian23-b041	0	article	False	3D Printing in Biomedical Research	False	True	False
Abstract 3967: Comparison of neoadjuvant FOLFIRINOX alone vs FOLFIRINOX + stereotactic body radiation as immune-modulators of the pancreatic adenocarcinoma microenvironment	2019-07-01	Matthew R. Farren, Walid L. Shaib, Mohammad Y. Zaidi, Layal Sayegh, David A. Kooby, Shishir K. Maithel, Alyssa M. Krasinskas, Olatunji B. Alese, Juan M. Sarmiento, Bassel F. El‐Rayes, Gregory B. Lesinski	Emory University	Cancer Research	https://doi.org/10.1158/1538-7445.am2019-3967	0	article	False	Pancreatic and Hepatic Oncology Research	False	True	False
Abstract 5389: Uncovering spatial relationships of the tumor microenvironment in the Carolina Breast Cancer Study	2020-08-15	Andrea Walens, Linnea T. Olsson, Xiaohua Gao, Alina M. Hamilton, Erin L. Kirk, Katherine A. Hoadley, Ben Calhoun, Melissa A. Troester	University of North Carolina at Chapel Hill	Cancer Research	https://doi.org/10.1158/1538-7445.am2020-5389	0	article	False	Cancer Immunotherapy and Biomarkers	False	True	False
Abstract B106: Spatially-constrained optimal transport interaction analysis reveals therapy-associated remodeling in the pancreatic cancer microenvironment	2024-01-16	Carina Shiau, Jingyi Cao, Mark Gregory, Dennis Gong, Xunqin Yin, Jae-Won Cho, Peter L. Wang, Jennifer Su, Steven Wang, Jason Reeves, Tae Kyoung Kim, Youngmi Kim, Jimmy A. Guo, Nicole A. Lester, Jamie L. Barth, Tyler Jacks, Theodore S. Hong, Joseph Beechem, Carlos Fernández‐del Castillo, Mari Mino–Kenudson, David T. Ting, Martin Hemberg, William L. Hwang	Brigham and Women's Hospital, Massachusetts Institute of Technology, Massachusetts General Hospital, Nanostring Technologies (United States)	Cancer Research	https://doi.org/10.1158/1538-7445.panca2023-b106	0	article	False	Single-cell and spatial transcriptomics	False	False	False
Data from Characteristics and Spatially Defined Immune (micro)landscapes of Early-stage PD-L1–positive Triple-negative Breast Cancer	2023-10-06	Jodi M. Carter, Mei‐Yin C. Polley, Roberto A. Leon‐Ferre, Jason P. Sinnwell, Kevin J. Thompson, Xue Wang, Yaohua Ma, David Zahrieh, Jennifer M. Kachergus, Malvika Solanki, Judy C. Boughey, Minetta C. Liu, James N. Ingle, Krishna R. Kalari, Fergus J. Couch, E. Aubrey Thompson, Matthew P. Goetz		Unknown Journal	https://doi.org/10.1158/1078-0432.c.6869489	0	preprint	True	Cancer Immunotherapy and Biomarkers	False	False	False
206 | SPATIAL AND SINGLE‐CELL MULTI‐OMICS REVEAL MACROPHAGE HETEROGENEITY BETWEEN PRIMARY CNS LYMPHOMA AND DIFFUSE LARGE B‐CELL LYMPHOMA	2025-06-01	Hong Liang, Min Liu, S. Sridhar, Z Ong, Jennifer D. Brooks, Florian Hamberger, Brian J. Lane, Dyana Sanchez, Yuan Peng, Chartsiam Tipgomut, Patrick Jaynes, O. Braubach, Sanjay De Mel, Jimmy Lee, J., Qinghua Pan, Trevor S. Loo, S. H. S. Swee, Siok‐Bian Ng, Claudio Tripodo, Anand D. Jeyasekharan	National University Health System, National University Cancer Institute, Singapore, Bruker (United States), Karolinska Institutet, University of Palermo, Chongqing University, Chongqing Cancer Hospital, National University of Singapore, National Cancer Centre Singapore	Hematological Oncology	https://doi.org/10.1002/hon.70094_206	0	article	True	Lymphoma Diagnosis and Treatment	False	True	False
Abstract 2034: Spatial transcriptomics identifies unique pharmacodynamic effects of checkpoint inhibitor treatment on the tumor microenvironment in NSCLC	2022-06-15	Fan Li, Omar Jabado, Nora Pencheva, Patrícia Coutinho de Souza, Brandon W. Higgs, Angelo Harris, Patrick Franken, Anantharaman Muthuswamy, Maria Jure‐Kunkel, Suzana S. Couto, Kate Sasser, Mark Fereshteh	Genmab (United States), Genmab (Netherlands)	Cancer Research	https://doi.org/10.1158/1538-7445.am2022-2034	0	article	False	Cancer Immunotherapy and Biomarkers	False	True	False
Abstract PO1-29-04: Spatial tumor microenvironment profiling identifies immune features that correlate with response to T-DXd treatment in patients with metastatic breast cancer	2024-05-02	Hong Zhao, Matthew Vasquez, Jeffrey Zhang, Glori Das, Ji‐Hoon Lee, Yuan Gao, Jilun Zhang, Xiaoxian Li, Jenny H. Chang, Stephen Wong	Georgia Institute of Technology, Emory University, Methodist Hospital, Houston Methodist	Cancer Research	https://doi.org/10.1158/1538-7445.sabcs23-po1-29-04	0	article	False	Nanoplatforms for cancer theranostics	False	True	False
Abstract 166: Spatial subtypes and cellular interactions of cancer-associated fibroblasts revealed by single-cell spatial omics	2025-04-21	Yunhe Liu, Ansam Sinjab, Jimin Min, Guangchun Han, Francesca Paradiso, Yuanyuan Zhang, Yang Liu, Ruiping Wang, Guangsheng Pei, Kyung Serk Cho, Enyu Dai, Akshay Basi, Jared K. Burks, Kimal Rajapakshe, Yanshuo Chu, Jiahui Jiang, Daiwei Zhang, Xinmiao Yan, Paola A. Guerrero, Alejandra G. Serrano, Mingyao Li, Tae Hyun Hwang, P. Andrew Futreal, Jaffer A. Ajani, Luisa M. Solis Soto, Amir A. Jazaeri, Humam Kadara, Anirban Maitra, Linghua Wang	University of Pennsylvania, The University of Texas MD Anderson Cancer Center, Mayo Clinic	Cancer Research	https://doi.org/10.1158/1538-7445.am2025-166	0	article	False	Single-cell and spatial transcriptomics	True	False	False
Abstract 169: Tumor heterogeneity and differential pathway activation in melanoma: insights from spatial profiling of AXL and NGFR upregulated regions	2025-04-21	Mark Woodnorth, Giuseppe Tarantino, Anne Zaremba, Tuulia Vallius, Florian Rambow, Lisa Zimmer, Antje Sucker, Elisabeth Livingstone, Eva Hadaschik, Roxanne J. Pelletier, Yingxiao Shi, Mariana G. López, Samira Makhzami, Christine G. Lian, Gëorge F. Murphy, Genevieve M. Boland, Peter K. Sorger, Dirk Schadendorf, David Liu	Dana-Farber Cancer Institute	Cancer Research	https://doi.org/10.1158/1538-7445.am2025-169	0	article	False	Computational Drug Discovery Methods	False	True	False
Abstract 1000: High multiplex immune profiling of the bone marrow tumor microenvironment identifies prognostic biomarkers in hairy cell leukemia	2020-08-15	Rachel Koldej, Ashvind Prabahran, David Ritchie	The Royal Melbourne Hospital	Cancer Research	https://doi.org/10.1158/1538-7445.am2020-1000	0	article	False	Immunotherapy and Immune Responses	False	False	False
599 Impact of metformin on immune activity in head and neck squamous cell carcinoma (HNSCC)	2024-11-01	Jennifer A Goldfarb, Pablo Llerena, Praneet C. Kaki, Kathryn Nunes, Kelly Bridgham, Eric V. Mastrolonardo, Samuel R. Shing, Diana Menezes, Alban J. Linnenbach, Ubaldo Martinez‐Outschoorn, Joseph Curry	Sidney Kimmel Cancer Center, Thomas Jefferson University	Regular and Young Investigator Award Abstracts	https://doi.org/10.1136/jitc-2024-sitc2024.0599	0	article	True	Metabolism, Diabetes, and Cancer	False	False	False
Abstract 6007: Neoadjuvant pepinemab enhances DC function associated with mature tertiary lymphoid structures and activity of immune checkpoint blockade in patients with metastatic melanoma	2025-04-21	Elizabeth E. Evans, Crystal Mallow, Terrence L. Fisher, Ayana T. Ruffin, Elaine Gersz, Maria Scrivens, Elbert P. Tuttle, Vuyani Matsenjwa, Ellen Giampoli, Manoj Chelvanambi, Brenda Melendez, Florentia Dimitrou, Alexander J. Lazar, Jennifer A. Wargo, Michael Lowe, Chrystal M. Paulos, Gregory B. Lesinski, Maurice Zauderer	Vaccinex (United States), University of Rochester, The University of Texas MD Anderson Cancer Center, Emory University	Cancer Research	https://doi.org/10.1158/1538-7445.am2025-6007	0	article	False	Cancer Immunotherapy and Biomarkers	False	True	False
Abstract 764: Molecular diagnosis using spatial analysis of lung tumors with a history of pancreatic cancer	2025-04-21	Kosei Ishimura, Kazuhiko Shien, Shuta Tomida, Hidetaka Yamamoto, Hirofumi Inoue, Kazunori Hisamitsu, Ryota Fujiwara, Atsushi Matsuoka, Ryunosuke Fujii, Ryo Yoshichika, Tomohiro Higashihara, Naohiro Hayashi, Yuma Fukumoto, Kazuhiro Okada, Fumiaki Mukohara, Mao Yoshikawa, Ken Suzawa, Shinichi Toyooka	Okayama University Hospital, Okayama University	Cancer Research	https://doi.org/10.1158/1538-7445.am2025-764	0	article	False	Radiomics and Machine Learning in Medical Imaging	False	True	False
Caractérisation phénotypique des cellules géantes multinucléées du tophus goutteux	2025-12-01	Céline Leroy, Anthony Dupont, Marion Zarka, A. Latourte, Thomas Bardin, P. Richette, H.K. Ea	Inserm, Hôpital Lariboisière	Revue du Rhumatisme	https://doi.org/10.1016/j.rhum.2025.10.343	0	article	False	Unknown	False	False	False
Abstract 6327: Profiling T-cell subpopulations based on spatial proteome in mantle cell lymphoma	2022-06-15	Lavanya Lokhande, Joana de Matos Rodrigues, Anna Sandström Gerdtsson, Anna Porwit, Mats Jerkeman, Sara Ek	Lund University	Cancer Research	https://doi.org/10.1158/1538-7445.am2022-6327	0	article	False	Lymphoma Diagnosis and Treatment	False	False	False
Abstract B027: Spatial transcriptomic profiling of the head and neck cancer tumor microenvironment to guide design of microphysiological systems for reporting treatment response	2025-03-11	Rene Welch, Adeel Ahmed, Rong Hu, Randall J. Kimple, Paul M. Harari, Irene M. Ong, Sheena C. Kerr	University of Wisconsin–Madison	Cancer Research	https://doi.org/10.1158/1538-7445.genfunc25-b027	0	article	False	Advanced Biosensing Techniques and Applications	False	True	False
Abstract LB062: Profiling of pediatric neuroblastoma reveals a dynamic and clinically significant tumor immune microenvironment	2022-06-15	Katherine E. Masih, Zahin Islam, Paul Aiyetan, Igor B. Kuznetsov, Stephen M. Hewitt, Daniel Catchpoole, Jun S. Wei, William Bocik, Javed Khan	Children's Hospital at Westmead, University at Albany, State University of New York, Center for Cancer Research, National Cancer Institute	Cancer Research	https://doi.org/10.1158/1538-7445.am2022-lb062	0	article	False	Neuroblastoma Research and Treatments	False	True	False
Abstract 5927: Leveraging single cell RNA profiling to uncover intra-tumor heterogeneity across cytogenetic subgroups in acute myeloid leukemia	2023-04-04	Bofei Wang, Christopher Ly, Fatima Zahra Jelloul, Enes Dasdemir, Guilin Tang, Sonali Jindal, Yulong Chen, Sreyashi Basu, Poonam N. Desai, Pâmella Borges, Preethi H. Gunaratne, Natalia Baran, Qing Deng, Dapeng Hao, Sean M. Post, Michael Green Green, Marina Konopleva, Andy Futreal, Padmanee Sharma, Hussein A. Abbas	University of Houston, The University of Texas MD Anderson Cancer Center, Harbin Medical University	Cancer Research	https://doi.org/10.1158/1538-7445.am2023-5927	0	article	False	Cancer Genomics and Diagnostics	False	True	False
Abstract 1199: Discovery of subtype-specific and therapy associated effects on the tumor immune microenvironment in pediatric neuroblastoma	2023-04-04	Katherine E. Masih, Zahin Islam, Paul Aiyetan, Ben Somerville, Igor B. Kuznetsov, William Bocik, Daniel Catchpoole, Jun S. Wei, Javed Khan	University at Albany, State University of New York, National Institutes of Health, Frederick National Laboratory for Cancer Research	Cancer Research	https://doi.org/10.1158/1538-7445.am2023-1199	0	article	False	Neuroblastoma Research and Treatments	False	True	False
Abstract PO016: Spatial transcriptomic profiling to characterize the tumor-vascular interactome of hepatocellular carcinoma	2022-09-01	Joseph W. Franses, Michael J. Raabe, Amaya Pankaj, Bidish K. Patel, Avril K. Coley, Irun Bhan, Martin J. Aryee, David T. Ting	Dana-Farber Cancer Institute, Massachusetts General Hospital, Harvard University	Clinical Cancer Research	https://doi.org/10.1158/1557-3265.liverca22-po016	0	article	False	Single-cell and spatial transcriptomics	False	True	False
IA19 Evaluating the Role of B Cells and Tertiary Lymphoid Structures in Lung Cancer Development and Progression	2020-01-24	Tullia C. Bruno	University of Pittsburgh	Journal of Thoracic Oncology	https://doi.org/10.1016/j.jtho.2019.12.019	0	article	False	Cancer Immunotherapy and Biomarkers	False	False	False
Abstract 3649: A novel spatial multi-omic approach for biological discoveries in colonic diseased tissues using a comprehensive Immuno-Oncology Proteome Atlas and Whole Transcriptome Atlas	2024-03-22	Alyssa Rosenbloom, Shilah A. Bonnett, Mark Conner, Christine Kang, Erin Piazza, Brian Filanoski, Rhonda Meredith, Hye Son Yi, Lori Hamanishi, Eduardo Ignacio, Nadine Nelson, Michael Prater, Vik Devgan, Rudy van Eijsden, Melanie Moon, Lesley Isgur, Terence C. Theisen, Margaret L. Hoang, Gary Geiss, Joseph Beechem	Nanostring Technologies (United States)	Cancer Research	https://doi.org/10.1158/1538-7445.am2024-3649	0	article	False	Cancer Research and Treatments	False	False	False
Abstract 1228: Spatial transcriptomics: Data processing revisited to address noise interference	2022-06-15	Levi van Hijfte, Marjolein Geurts, Wies Vallentgoed, Paul H.C. Eilers, Peter A. Sillevis Smitt, Reno Debets, Pim J. French	Erasmus MC, Codarts Rotterdam	Cancer Research	https://doi.org/10.1158/1538-7445.am2022-1228	0	article	False	Molecular Biology Techniques and Applications	False	True	False
Data from Characteristics and Spatially Defined Immune (micro)landscapes of Early-stage PD-L1–positive Triple-negative Breast Cancer	2023-10-06	Jodi M. Carter, Mei‐Yin C. Polley, Roberto A. Leon‐Ferre, Jason P. Sinnwell, Kevin J. Thompson, Xue Wang, Yaohua Ma, David Zahrieh, Jennifer M. Kachergus, Malvika Solanki, Judy C. Boughey, Minetta C. Liu, James N. Ingle, Krishna R. Kalari, Fergus J. Couch, E. Aubrey Thompson, Matthew P. Goetz		Unknown Journal	https://doi.org/10.1158/1078-0432.c.6869489.v1	0	preprint	True	Cancer Immunotherapy and Biomarkers	False	False	False
Abstract 2360: Digital spatial profiling of RNA and protein in the tumor microenvironment of invasive lobular breast cancer	2023-04-04	Lynda Bennett, Sunati Sahoo, Cheryl Lewis, Indu Raman, Candace Frerich, Guanchun Chen, Min Xu, Suzanne D. Conzen	The University of Texas Southwestern Medical Center, Southwestern Medical Center	Cancer Research	https://doi.org/10.1158/1538-7445.am2023-2360	0	article	False	Cancer Cells and Metastasis	False	True	False
Figure 1 from Long-term Multimodal Recording Reveals Epigenetic Adaptation Routes in Dormant Breast Cancer Cells	2024-05-01	Dalia Rosano, Emre Sofyalı, Heena Dhiman, Chiara Ghirardi, Diana Ivanoiu, Timon Heide, Andrea Vingiani, Alessia Bertolotti, Giancarlo Pruneri, Eleonora Canale, Hannah F. Dewhurst, Debjani Saha, Neil Slaven, Iros Barozzi, Tong Li, Grigory Zemlyanskiy, Henry Phillips, Chela James, Balázs Győrffy, Claire Lynn, George D. Cresswell, Farah Rehman, Roberta Noberini, Tiziana Bonaldi, Andrea Sottoriva, Luca Magnani		Unknown Journal	https://doi.org/10.1158/2159-8290.25729272.v1	0	preprint	True	Epigenetics and DNA Methylation	False	True	False
A network-based atlas of human skeletal muscle aging	2026-02-17	Tanner Stokes, Changhyun Lim, Mohammad Ali, Jonathan C. Mcleod, Jack Gisby, Katia Mariniello, Hannah Crossland, Jalil Sharif, Colleen Deane, Thomas Moseley, Nasim M Ismail, Manoel E. Lixandrão, Claude-Henry Volmar, Peter J. McCormick, Robert J. Brogan, James R. Whiteford, Hamilton Roschel, Stuart Phillips, Iain J. Gallagher, Greg Slabaugh, BETHAN E. PHILLIPS, William E Kraus, Philip J. Atherton, James Paul Chapple, James A. Timmons	Universidade de São Paulo, University of Toronto, New York University, University of Southampton, Newcastle University, Edinburgh Napier University, Fiona Stanley Hospital, McMaster University, Duke University, Queen Mary University of London, University of Nottingham, Queens University, University of Miami	Unknown Journal	https://doi.org/10.64898/2026.02.15.26346348	0	article	False	Single-cell and spatial transcriptomics	False	False	False
Abstract PR008: Location, location, location: Why cellular localization of mutant β-catenin matters in endometrial cancer	2024-03-01	Molly Parrish, Andrew B. Gladden, Russell R. Broaddus	University of North Carolina at Chapel Hill	Clinical Cancer Research	https://doi.org/10.1158/1557-3265.endo24-pr008	0	article	False	Cancer-related gene regulation	False	True	False
Abstract 1715: Phenotypic characterization of spatial immune infiltration niches in non-small cell lung cancer	2022-06-15	Anna Sandström Gerdtsson, Artur Mezheyeuski, Patrick Micke, Sara Ek	Uppsala University, Lund University	Cancer Research	https://doi.org/10.1158/1538-7445.am2022-1715	0	article	False	Radiomics and Machine Learning in Medical Imaging	False	True	False
Abstract PS4-06-22: Niche-specific clustering of immune-suppressive cell populations and signals in breast cancer bone metastases	2026-02-17	Déja M. Grant, Gwenyth J. Joseph, Madeline B Searcy, R. Johnson	Vanderbilt University Medical Center, Meharry Medical College, Vanderbilt University	Clinical Cancer Research	https://doi.org/10.1158/1557-3265.sabcs25-ps4-06-22	0	article	False	Biomarkers in Disease Mechanisms	False	False	False
Abstract B062: The role of oncogenic MYC signaling in shaping the canine metastatic osteosarcoma tumor immune microenvironment	2025-02-23	Rebecca Makii, Téa Ned, Eric P. Palmer, Kathryn E. Cronise, Mary Jane Underdown, Breelyn A. Wilky, Daniel P. Regan	Colorado State University, University of Colorado Cancer Center, University of Colorado Denver	Cancer Immunology Research	https://doi.org/10.1158/2326-6074.io2025-b062	0	article	False	Cancer Research and Treatments	False	True	False
PD17-12 SPATIAL MOLECULAR IMAGING IN SARCOMATOID RENAL CELL CARCINOMA REVEALS CROSSTALK BETWEEN IMMUNE CELLS AND TUMOR CELLS	2023-03-23	Allison May, Claire Williams, Stephanie The, Sean Kim, Nathan Schurman, Greg Shelley, Tyler D. Robinson, Simpa S. Salami, Rohit Mehra, Aaron M. Udager, Evan T. Keller		The Journal of Urology	https://doi.org/10.1097/ju.0000000000003272.12	0	article	False	Bladder and Urothelial Cancer Treatments	False	False	False
583 Exploring the potential of T cell acute lymphoblastic leukemia (T-ALL) for generating leukemia-specific T cell responses that can be therapeutically harnessed with immunotherapy	2021-11-01	Todd Triplett, Joshua Rios, Alexander Somma, S. Church, Khrystyna North, Andrew White, Nisha Holay, Andrew D. Weinberg	Nanostring Technologies (United States), The University of Texas at Austin, Providence Portland Medical Center	Regular and Young Investigator Award Abstracts	https://doi.org/10.1136/jitc-2021-sitc2021.583	0	article	True	CAR-T cell therapy research	False	True	False
Figure 1 from Long-term Multimodal Recording Reveals Epigenetic Adaptation Routes in Dormant Breast Cancer Cells	2024-05-01	Dalia Rosano, Emre Sofyalı, Heena Dhiman, Chiara Ghirardi, Diana Ivanoiu, Timon Heide, Andrea Vingiani, Alessia Bertolotti, Giancarlo Pruneri, Eleonora Canale, Hannah F. Dewhurst, Debjani Saha, Neil Slaven, Iros Barozzi, Tong Li, Grigory Zemlyanskiy, Henry Phillips, Chela James, Balázs Győrffy, Claire Lynn, George D. Cresswell, Farah Rehman, Roberta Noberini, Tiziana Bonaldi, Andrea Sottoriva, Luca Magnani		Unknown Journal	https://doi.org/10.1158/2159-8290.25729272	0	preprint	True	Epigenetics and DNA Methylation	False	True	False
Abstract B073: Organ-specific diversity of tumor immune microenvironment in metastatic pancreatic cancer	2024-09-15	Jimin Min, Vittorio Branchi, Kimal Rajapakshe, N. Narayanan, Guangsheng Pei, Linghua Wang, Jean L. Grem, Thomas C. Caffrey, Paul M. Grandgenett, Michael A. Hollingsworth, Paola A. Guerrero, Anirban Maitra	University of Nebraska Medical Center, The University of Texas MD Anderson Cancer Center	Cancer Research	https://doi.org/10.1158/1538-7445.pancreatic24-b073	0	article	False	Cancer Immunotherapy and Biomarkers	False	True	False
Clinical and biomarker analyses of first-line nivolumab and relatlimab (nivo-rela) in advanced or resectable melanoma (mel).	2025-05-28	Lilit Karapetyan, Kimberly Ward, Shaliz Aflatooni, Denise Kalos, Carlos Moran Segura, Bethany Withycombe, Pei-Ling Chen, Kenneth Y. Tsai, Jane L. Messina, Matthew Perez, Amod A. Sarnaik, Jonathan S. Zager, Rogerio I. Neves, Vernon K. Sondak, Keiran S.M. Smalley, Joseph Markowitz, Andrew S. Brohl, Zeynep Eroglu, Ahmad A. Tarhini, Nikhil I. Khushalani	Moffitt Cancer Center, University of South Florida	Journal of Clinical Oncology	https://doi.org/10.1200/jco.2025.43.16_suppl.9535	0	article	False	Melanoma and MAPK Pathways	False	True	False
Abstract 3967: Comparison of neoadjuvant FOLFIRINOX alone vs FOLFIRINOX + stereotactic body radiation as immune-modulators of the pancreatic adenocarcinoma microenvironment	2019-07-01	Matthew R. Farren, Walid L. Shaib, Mohammad Y. Zaidi, Layal Sayegh, David A. Kooby, Shishir K. Maithel, Alyssa M. Krasinskas, Olatunji B. Alese, Juan M. Sarmiento, Bassel F. El‐Rayes, Gregory B. Lesinski	Emory University	Clinical Research (Excluding Clinical Trials)	https://doi.org/10.1158/1538-7445.sabcs18-3967	0	article	False	Nanoplatforms for cancer theranostics	False	True	False
Abstract 778: Profiling the immune landscape of CDK4/6 inhibitor intrinsic resistance among metastatic HR+ breast cancer	2025-04-21	Haoting Shi, Zheshen Han, X. Wang, Yufei Wang, Chao Hu, Ruijun Pan, Xiaosong Chen, Qing Qu, Rong Cai, Kunwei Shen	Shanghai Jiao Tong University, University of Hong Kong, Ruijin Hospital	Cancer Research	https://doi.org/10.1158/1538-7445.am2025-778	0	article	False	Advanced Breast Cancer Therapies	False	True	False
Abstract C086: Prostate cancer: Integrative multi-omics profiling in patients of African descent	2023-12-01	Isra Elhussin, Ezra Baraban, Tamara L. Lotan, Cathy Handy Marshall, Emmanuel S. Antonarakis, Moray J. Campbell, Melissa B. Davis, Michael Dixon, Isaac Kim, Stefan Ambs, Rick A. Kittles, Adam B. Murphy, Clayton Yates	Morehouse School of Medicine, University of Baltimore, Northwestern University, Johns Hopkins University, University of Minnesota, Cedars-Sinai Medical Center	Cancer Epidemiology Biomarkers & Prevention	https://doi.org/10.1158/1538-7755.disp23-c086	0	article	False	Molecular Biology Techniques and Applications	False	False	False
Abstract P4-09-10: Spatial protein and RNA expression in tumor, immune and stromal cells in BRCA1/2 mutated metastatic breast cancer	2023-03-01	Katharine A. Collier, Katherine Miller, Zaibo Li, Jesse J. Westfall, David Tallman, Mark Vater, Gabriel Tinoco, Elaine R. Mardis, Daniel G. Stover	Children’s Institute, Nationwide Children's Hospital, Ohio University, The Ohio State University	Cancer Research	https://doi.org/10.1158/1538-7445.sabcs22-p4-09-10	0	article	False	Radiomics and Machine Learning in Medical Imaging	False	True	False
Abstract 2026: Spatially resolved multiplexed analysisreveals how macrophages adapt to the mantle cell lymphoma microenvironment	2022-06-15	Joana Rodrigues, Lavanya Lokhande, Anna Sandström Gerdtsson, Anna Nikkarinen, Peter Hollander, Anna Porwit, Ingrid Glimelius, Mats Jerkeman, Sara Ek	Uppsala University, Lund University	Cancer Research	https://doi.org/10.1158/1538-7445.am2022-2026	0	article	False	Lymphoma Diagnosis and Treatment	False	True	False
Spatially Resolved Transcriptomics Deconvolutes Histological Prognostic Subgroups in Patients with Colorectal Cancer and Synchronous Liver Metastases	2022-09-22	Colin S. Wood, Kathryn A.F. Pennel, Holly Leslie, Assya Legrini, Andrew J. Cameron, Lydia Melissourgou-Syka, Jean A. Quinn, Hester C. van Wyk, Jennifer Hay, Antonia K. Roseweir, Colin Nixon, Campbell SD Roxburgh, Donald McMillan, Andrew V. Biankin, Owen J. Sansom, Paul G. Horgan, Joanne Edwards, Colin W. Steele, Nigel B. Jamieson	Queen Elizabeth University Hospital, University of Glasgow, Glasgow Royal Infirmary, Cancer Research UK Scotland Institute	Unknown Journal	https://doi.org/10.1101/2022.09.21.508569	0	preprint	True	Cancer Immunotherapy and Biomarkers	False	True	False
899 Spatial transcriptomics reveals heterogeneity of the intratumoral immune microenvironment within undifferentiated pleomorphic sarcoma and regions of perivascular tumor-associated macrophages	2024-11-01	Ian W. Folkert, Brenda Melendez, Russell G. Witt, Rossana Lazcano, Bharat Singh, Brandon M Cope, Amblessed Onuma, Varshini Arunkumar, Lawrence Fong, Rohini R. Morey, Davis R. Ingram, Khalida Wani, Wei-Lien Wang, Jillian Losh, Nadim J. Ajami, Jennifer A. Wargo, Alexander J. Lazar, Christina L. Roland, Elise F. Nassif, Emily Z. Keung	The University of Texas MD Anderson Cancer Center	Regular and Young Investigator Award Abstracts	https://doi.org/10.1136/jitc-2024-sitc2024.0899	0	article	True	Sarcoma Diagnosis and Treatment	False	True	False
Genome-Scale High-Resolution Spatial Mapping of the Pro-Tumorigenic Cellular Niche in Classic Hodgkin Lymphoma	2023-11-02	Vignesh Shanmugam, Neriman Tokcan, Daniel Chafamo, Sean D. Sullivan, Haley Martin, Gail Newton, Mehdi Borji, Naeem Nadaf, Irving Barrera, Dylan Cable, Jackson A. Weir, Orr Ashenberg, Caroline Uhler, Geraldine Pinkus, Scott J. Rodig, Margaret A. Shipp, Evan Z. Macosko, Abner Louissaint, Fei Chen, Todd R. Golub	Brigham and Women's Hospital, Broad Institute, Decision Systems (United States), University of Massachusetts Boston, Massachusetts Institute of Technology, Dana-Farber Cancer Institute, Boston Children's Hospital, Massachusetts General Hospital, Harvard University	Blood	https://doi.org/10.1182/blood-2023-185522	0	article	True	Lymphoma Diagnosis and Treatment	False	False	False
Abstract 4407: Leveraging spatial profiling combined with bulk RNA sequencing to study patient-specific immunotherapeutic mechanisms	2020-08-15	Katie M. Campbell, Theodore S. Nowicki, Antoni Ribas	University of California, Los Angeles	Cancer Research	https://doi.org/10.1158/1538-7445.am2020-4407	0	article	False	Cancer Research and Treatments	False	True	False
Abstract 7166: Spatially resolved protein profiling of tumor and immune microenvironment in EGFR mutant NSCLC with transformation to SCLC	2025-04-21	Hong Chen, Bingnan Zhang, Alejandra G. Serrano, Sharia Hernandez, Wei Lü, Santiago Treviño, Natalie I. Vokes, Ximeng Liu, Yanhua Tian, Bo Zhu, Monique B. Nilsson, John V. Heymach, Jianjun Zhang, Luisa M. Solis Soto, Carl M. Gay, Lauren A. Byers, Xiuning Le	The University of Texas MD Anderson Cancer Center	Cancer Research	https://doi.org/10.1158/1538-7445.am2025-7166	0	article	False	Medical Imaging Techniques and Applications	False	False	False
Abstract 5480: Single cell and spatial transcriptomic profile of appendiceal tumour peritoneal disease	2024-03-22	Madeleine C. Strach, Nicole Yeung, Eva Apostolov, Tony Wang, Hui‐Ming Lin, Nabila Ansari, Cherry Koh, Joo‐Shik Shin, James G. Kench, Alexander Swarbrick, Lisa G. Horvath, Kate Mahon	University of Sydney, Royal Prince Alfred Hospital, Garvan Institute of Medical Research	Cancer Research	https://doi.org/10.1158/1538-7445.am2024-5480	0	article	False	Intraperitoneal and Appendiceal Malignancies	False	True	False
Abstract 1163: Increased spatial coupling of integrin and collagen IV in the immunoresistant clear cell renal cell carcinoma tumor microenvironment	2024-03-22	Alex C. Soupir, Mitchell Hayes, Taylor Peak, Oscar E. Ospina, Nicholas H. Chakiryan, Anders Berglund, Paul A. Stewart, Jonathan V. Nguyen, Carlos Moran Segura, Natasha Francis, Paola M. Ramos-Echevarría, Jad Chahoud, Roger Li, Kenneth Y. Tsai, Jodi Balasi, Yamila Caraballo-Perez, Jasreman Dhillon, Lindsey A. Martinez, Warren E. Gloria, Nathan Schurman, Sean Kim, Mark Gregory, James J. Mulé, Brooke L. Fridley, Brandon J. Manley	Moffitt Cancer Center, Providence Portland Medical Center	Cancer Research	https://doi.org/10.1158/1538-7445.am2024-1163	0	article	False	Cell Adhesion Molecules Research	True	False	False
Abstract PR-08: Spatial transcriptomics to profile the non-small cell lung cancer tumor microenvironment and identify novel predictive biomarkers for checkpoint blockade	2024-10-18	Christina Cho, Francesc Lopez, Gavitt A. Woodard, Baozhu Huang, Jianwei He, Tayf Badri, Michal Kidacki, Matthew D. Vesely, Evelyn Ng, Guilin Wang, Lieping Chen	Yale University	Cancer Immunology Research	https://doi.org/10.1158/2326-6074.tumimm24-pr-08	0	article	False	Ferroptosis and cancer prognosis	False	True	False
Dynamic Shifts in Inflammation and Fibrotic Remodeling in Post-HSCT Bronchiolitis Obliterans: A Spatial Transcriptomics Study	2024-11-05	Akira Yamamoto, Nobuharu Fujii, Keisuke Seike, Seiichiro Sugimoto, Yusuke Naoi, Yui Kambara, Kanako Fujiwara, Toshiki Terao, Tadashi Oyama, Mari Kunihiro, Takumi Kondo, Hiroki Kobayashi, Hideaki Fujiwara, Noboru Asada, Daisuke Ennishi, Keiko Fujii, Shinichi Toyooka, Yoshinobu Maeda	Okayama University Hospital, Okayama University	Blood	https://doi.org/10.1182/blood-2024-202251	0	article	True	Transplantation: Methods and Outcomes	False	True	False
Abstract A080: CD8+T-cell interplay with myeloid cells as spatial determinant of chemotherapy response in the tumor microenvironment of metastatic high-grade serous ovarian cancer	2024-03-04	Inga-Maria P. Launonen, Erdoğan Pekcan Erkan, Iga Niemiec, Ada Junquera Mencía, Angela E. Szabó, Fernando Pérez‐Villatoro, Essi Kahelin, Sampsa Hautaniemi, Jaana Oikkonen, Johanna Hynninen, Anni Virtanen, Tuulia Vallius, Ajit J. Nirmal, Peter K. Sorger, Anna Vähärautio, Anniina Färkkilä	Turku University Hospital, University of Turku, University of Helsinki, Harvard University	Cancer Research	https://doi.org/10.1158/1538-7445.ovarian23-a080	0	article	False	Immune cells in cancer	False	False	False
Abstract 5805: Immunomodulatory effects of TG2 in the ovarian cancer tumor microenvironment	2025-04-21	Hao Huang, Ping Xie, U.K. Kim, Longzhen Song, Jianjun Wei, Daniela Matei, Bin Zhang	Northwestern University	Cancer Research	https://doi.org/10.1158/1538-7445.am2025-5805	0	article	False	Cancer Research and Treatments	False	False	False
Abstract C052: Identifying mediators of perineural invasion in pancreatic cancer using spatial transcriptomics	2022-11-15	William L. Hwang, Jennifer Su, Jimmy A. Guo, Carina Shiau, Jaimie L. Barth, Hannah I. Hoffman, Prajan Divakar, Jason Reeves, Eric D. Miller, Grissel Cervantes-Jaramillo, William A. Freed-Pastor, Vanessa Funes, Jennifer Y. Wo, Theodore S. Hong, Carlos Fernández‐del Castillo, Lei Zheng, Andrew J. Aguirre, David T. Ting, Mari Mino–Kenudson, Tyler Jacks	Broad Institute, University of Baltimore, Massachusetts Institute of Technology, Dana-Farber Cancer Institute, Nanostring Technologies (United States), Johns Hopkins University, Massachusetts General Hospital, Harvard University	Cancer Research	https://doi.org/10.1158/1538-7445.panca22-c052	0	article	False	Pancreatic and Hepatic Oncology Research	False	False	False
Ongoing phase 1/2 trial of the hematopoietic progenitor kinase 1 (HPK1) inhibitor NDI-101150 as monotherapy or in combination with pembrolizumab: Clinical safety and efficacy update in clear cell renal cell carcinoma (ccRCC).	2025-05-28	David A. Braun, Kurt C. Demel, Marcus Smith Noel, Hamid Emamekhoo, Julio Antonio Peguero, Rama Balaraman, Ryan H. Moy, Martin Gutierrez, Sunil Sharma, Arif Hussain, J Haas, Daria Chabas, Sue Dasen, Xinyan Zhang, Scott R. Daigle, GiNell Elliott, Sritama Nath, P. Vijay Kumar, Anita Scheuber, David Sommerhalder	HonorHealth, Texas Oncology, Hematology Oncology Consultants, University of Maryland Medical Center, Hackensack University Medical Center, Yale University, University of Wisconsin–Madison, University of Maryland, Baltimore, Columbia University Irving Medical Center, HealthPartners, Georgetown University	Journal of Clinical Oncology	https://doi.org/10.1200/jco.2025.43.16_suppl.4537	0	article	False	Renal cell carcinoma treatment	False	True	False
Abstract 758: Spatial profiling of matched primary and recurrent glioblastoma samples reveals changes in cellular states and the immune microenvironment	2025-04-21	Sara Blaabjerg Artzi, Mikkel Klausen, Dylan Scott Lykke Harwood, Signe Regner Michaelsen, Simone Maarup, Alessio Locallo, Nicolai Schou Bager, Nadine Margaretha Hammouda, Benedikte Hasselbalch, Ulrik Lassen, Joachim Weischenfeldt, Bjarne Winther Kristensen	Copenhagen University Hospital, University of Copenhagen	Cancer Research	https://doi.org/10.1158/1538-7445.am2025-758	0	article	False	Radiomics and Machine Learning in Medical Imaging	False	True	False
Abstract 19: Patient derived tumor-on-a-chip platform potentiates adaptive immune response against primary tumor cells	2024-03-22	Cecilia R. Schaaf, Tiefu Liu, Damian C. Hutchins, Mitra Kooshki, Calvin J. Wagner, Nicholas Edenhoffer, Steven D. Forsythe, Robyn Greissinger, Lance D. Miller, Pierre L. Triozzi, Edward A. Levine, Shay Söker, Adam R. Hall, Konstantinos I. Votanopoulos	National Institutes of Health, Wake Forest University	Cancer Research	https://doi.org/10.1158/1538-7445.am2024-19	0	article	False	3D Printing in Biomedical Research	False	True	False
Abstract OT2-20-01: Neoadjuvant survivin immunotherapy maveropepimut-S (MVP-S) to increase Th1 immune response in Ki67-high hormone receptor positive (HR+) early-stage breast cancer	2023-03-01	Sasha E. Stanton, Lisa D. MacDonald, Stephan Fiset, Staci Mellinger, Nicole Moxon, Heather A. Hirsch, Tracy L. Kelly, Kristina H. Young, David B. Page	Providence Portland Medical Center, Oregon Research Institute	Cancer Research	https://doi.org/10.1158/1538-7445.sabcs22-ot2-20-01	0	article	False	Cancer Immunotherapy and Biomarkers	False	True	False
Abstract A074: Discovery of WTX-330, a clinical stage conditionally activated IL-12 INDUKINETM therapeutic with potent antitumor activity in murine syngeneic tumor models resistant to checkpoint blockade	2023-12-01	Christopher J. Nirschl, Heather R. Brodkin, Sameer Chopra, Connor J. Dwyer, Daniel J. Hicklin, Randi Isaacs, Nesreen Ismail, Cynthia Seidel-Dugan, Zoe Steuert, Jenna M. Sullivan, William M. Winston, Andrés Salmerón	C4 Therapeutics (United States)	Molecular Cancer Therapeutics	https://doi.org/10.1158/1535-7163.targ-23-a074	0	article	False	Monoclonal and Polyclonal Antibodies Research	False	True	False
Abstract 5656: Longitudinal spatial profiling reveals chemoresistance mechanisms and characteristics of minimal residual disease in high-grade serous ovarian cancer	2024-03-22	Yibo Dai, Anne Knisely, Barrett C. Lawson, Sanghoon Lee, Khalida Wani, Rossana N. Lazcano Segura, Brenda Melendez, Jianfeng Chen, Yunhe Liu, Manoj Chelvanambi, Laura A. Gibson, Sarah B. Johnson, Chih‐Chen Yeh, Davis R. Ingram, Courtney W. Hudgens, Kyung Serk Cho, Guangsheng Pei, Jiahui Jiang, Yanshuo Chu, Alexander J. Lazar, Jianjun Gao, Jennifer A. Wargo, Linghua Wang, Amir A. Jazaeri	The University of Texas MD Anderson Cancer Center	Cancer Research	https://doi.org/10.1158/1538-7445.am2024-5656	0	article	False	Radiomics and Machine Learning in Medical Imaging	False	True	False
Abstract 2045: Spatial organization of the immune microenvironment after neoadjuvant treatment of breast cancer	2022-06-15	Noémie Thomas, Soizic Garaud, Mireille Langouo, Ioannis Zerdes, Doïna Sofronii, Anaïs Boisson, Theodoros Foukakis, Alexandre de Wind, Roberto Salgado, Ahmad Awada, Karen Willard‐Gallo	Institut Jules Bordet	Cancer Research	https://doi.org/10.1158/1538-7445.am2022-2045	0	article	False	Cancer Immunotherapy and Biomarkers	False	False	False
Abstract 989: Spatial profiling of androgen receptor splice variant 7 transcriptional activity in prostate cancer metastases	2022-06-15	Cynthia C.T. Sprenger, Ilsa M. Coleman, Michelle Kriner, Lauren Brady, Margaret L. Hoang, Martine P. Roudier, Mamatha Damodarasamy, Radhika A. Patel, Lawrence D. True, Peter B. Nelson, Michael C. Haffner, Stephen Plymate	Fred Hutch Cancer Center, University of Washington	Cancer Research	https://doi.org/10.1158/1538-7445.am2022-989	0	article	False	Prostate Cancer Treatment and Research	False	True	False
Abstract 6777: Digital Spatial Profiler highlights a T and B cells inflamed tumor microenvironment in brain metastases derived from melanoma vs. non-melanoma solid tumors	2023-04-04	Alberto Mendoza, Daria M. Kessler, Ethan Dettmann, Xinmin Li, Sierra Thompson, Steven Kolker, Kim Margolin, Maria Libera Ascierto	Saint John's Health Center, APLA Health	Cancer Research	https://doi.org/10.1158/1538-7445.am2023-6777	0	article	False	Nanoplatforms for cancer theranostics	False	True	False
Abstract 1603: The imipridone ONC212 cooperates with MEK and immune checkpoint inhibition to elicit <i>in vivo</i> regression in KPC T cell-low mouse pancreatic tumors	2025-04-21	Jasper Fuk‐Woo Chan, Alexis J. Lannigan, Leiqing Zhang, Archana Saxena, Lanlan Zhou, Varun V. Prabhu, Wafik S. El‐Deiry, Alexander G. Raufi	Brown University	Cancer Research	https://doi.org/10.1158/1538-7445.am2025-1603	0	article	False	Cancer therapeutics and mechanisms	False	True	False
Abstract B33: Tumor-stromal response to immune checkpoint blockade within patient tissue derived three-dimensional lung tumor models	2022-12-01	Kayla F. Goliwas, Anthony M. Wood, Young-il Kim, Joel L. Berry, James Donahue, Jessy S. Deshane	University of Alabama at Birmingham	Cancer Immunology Research	https://doi.org/10.1158/2326-6074.tumimm22-b33	0	article	False	Cancer Cells and Metastasis	False	True	False
Abstract A22: Deciphering natural killer transcriptional activation in triple-negative breast cancer: A novel opportunity for adoptive cell therapies?	2022-12-01	Francesca Reggiani, Benedetta Donati, Moira Ragazzi, Veronica Manicardi, Federica Torricelli, Elisabetta Sauta, Elisa Gasparini, Simonetta Piana, Valentina Sancisi, Alessia Ciarrocchi	Azienda Sanitaria Unità Locale di Reggio Emilia	Cancer Immunology Research	https://doi.org/10.1158/2326-6074.tumimm22-a22	0	article	False	Cancer Immunotherapy and Biomarkers	False	False	False
PD16-05 EPITHELIAL TO MESENCHYMAL TRANSITION (EMT) AND PD-1/PD-L1 SIGNALING PROVIDE RECIPROCAL FEEDBACK IN RENAL CELL CARCINOMA PROGRESSION WITH IMPLICATIONS FOR IMMUNOTHERAPY RESPONSE	2024-04-15	Allison M. May, Matthew Wainstein, Jake McGue, Tyler Robinson, Rohit Mehra, Simpa S. Salami, Timothy L. Frankel, Aaron M. Udager, Evan T. Keller		The Journal of Urology	https://doi.org/10.1097/01.ju.0001009560.23593.56.05	0	article	False	Bladder and Urothelial Cancer Treatments	False	False	False
Gene expression and spatial transcriptomic analysis of paired diagnosis and relapse DLBCL biopsies show a reduction in T cell infiltration and function at relapse	2023-06-01	Fiona Swain, Melinda Burgess, S. Kempe, Muhammed B. Sabdia, Joel Wight, Eliza A. Hawkes, Howard Mutsando, Dipti Talaulikar, Lilia Merida de Long, Zachary Hawula, Simone Birch, Penelope Wyche, Maher K. Gandhi, Colm Keane	Olivia Newton-John Cancer Wellness & Research Centre, Mater Research, The University of Queensland, Austin Health, Princess Alexandra Hospital, Central Queensland University, Townsville Hospital, University of Canberra, Toowoomba Hospital	Hematological Oncology	https://doi.org/10.1002/hon.3164_191	0	article	True	Lymphoma Diagnosis and Treatment	False	True	False
Abstract P2-06-06: The Role of iNOS Inhibition in Enhancing Chemotherapy Efficacy by Modulating the Tumor Microenvironment in Obese TNBC Models	2025-06-13	Ivonne Uzair, Jenying Deng, Seán O. Hynes, Karina A. Ortega-Martinez, Kai Sun, Wei Qian, Jianying Zhou, Polina Matre, Jenny C. Chang		Clinical Cancer Research	https://doi.org/10.1158/1557-3265.sabcs24-p2-06-06	0	article	False	Tea Polyphenols and Effects	False	True	False
P799: SPATIAL ANALYSIS IDENTIFIES A SPECTRUM OF IMMUNE DYSREGULATION IN ACQUIRED BONE MARROW FAILURE CONDITIONS	2022-06-01	Rachel Koldej, Ashvind Prabahran, Cheng-Yun Tan, M. Davis, David Ritchie	Walter and Eliza Hall Institute of Medical Research, The Royal Melbourne Hospital, University of Melbourne	HemaSphere	https://doi.org/10.1097/01.hs9.0000846080.66816.a4	0	article	True	Hematological disorders and diagnostics	False	False	False
Abstract PR018: Spatially resolved epithelial and immune heterogeneity reveals distinct endometriosis-related precursors to ovarian cancer	2025-09-19	Valentina Iacobelli, Luca Mastrantoni, Stefano Alivernini, Giulia Scglione, Floriana Camarda, F. Mascilini, Francesca Sillano, Alessia Piermattei, Luciano Giacò, Giulia Mantini, Gian Franco Zannoni, Anna Fagotti, Camilla Nero	Università Cattolica del Sacro Cuore, Agostino Gemelli University Polyclinic	Cancer Research	https://doi.org/10.1158/1538-7445.ovarian25-pr018	0	article	False	Endometriosis Research and Treatment	False	False	False
Abstract PS2-11-29: Deciphering the tumor microenvironment related to immune regulation in triple-negative breast cancer	2026-02-17	Y. Cha, S. Bae, J. Kim, K. Kim, Y. Kook, A. Kim, S. G. Ahn, J. Jeon	Gangnam Severance Hospital	Clinical Cancer Research	https://doi.org/10.1158/1557-3265.sabcs25-ps2-11-29	0	article	False	Cancer Immunotherapy and Biomarkers	False	True	False
1264 Investigating the mechanisms of <i>Helicobacter hepaticus</i> mediated lymphangiogenesis and tertiary lymphoid structure formation	2024-11-01	Katelyn Wolfgang, Jessica A Jana, Kristin M. Morder, Dipyaman Patra, Kelsey Ertwine, Abigail E. Overacre-Delgoffe	University of Pittsburgh, UPMC Hillman Cancer Center	Regular and Young Investigator Award Abstracts	https://doi.org/10.1136/jitc-2024-sitc2024.1264	0	article	True	Liver Disease Diagnosis and Treatment	False	False	False
Abstract 6351: Characterizing the spatial heterogeneity of pregnancy-associated triple negative breast cancer	2025-04-21	Darya Veraksa, Kavitha Mukund, Jerneja Tomšič, David Frankhouser, Augusto C. Ochoa, Victoria L. Seewaldt, Shankar Subramaniam	University of California, San Diego, City of Hope	Cancer Research	https://doi.org/10.1158/1538-7445.am2025-6351	0	article	False	Cancer Risks and Factors	False	True	False
Abstract CT154: B-cell infiltration in lung cancer predicts response to neoadjuvant pembrolizumab	2022-06-15	Jair Bar, Iris Kamer, Oranit Zadok, Damien Urban, Marina Perelman, Ilanit Redinsky, Aliza Ackerstein, Sameh Daher, Efrat Ofek, Amir Onn, Nona Zeitlin, Alon Ben‐Nun, Ran Kremer, Inbal Daniel, Yossef Glantzspiegel, Irit Gat‐Viks	Sheba Medical Center, Tel Aviv University	Cancer Research	https://doi.org/10.1158/1538-7445.am2022-ct154	0	article	False	Cancer Immunotherapy and Biomarkers	False	True	False
Abstract A108: Spatial transcriptomic analysis of venous invasion in human pancreatic adenocarcinoma reveals widespread attenuation in features associated with aggression and mortality	2024-01-16	Alexander T.F. Bell, Peter Chianchiano, Katsuya Hirose, Doreen Gisder, Alexander Damanakis, Luciane T. Kagohara, Elana J. Fertig, Laura D. Wood	University of Baltimore, Johns Hopkins University	Cancer Research	https://doi.org/10.1158/1538-7445.panca2023-a108	0	article	False	Pancreatic and Hepatic Oncology Research	False	True	False
Abstract PR-14: Meta-analysis of spatial transcriptomics data from pancreatic cancer precursors proposes a common molecular framework for PanIN and IPMN	2024-09-15	Matthew K. Iyer, Ashley A. Fletcher, Elishama Kanu, Chanjuan Shi, Rosina Carr, Ahmed M. Elhossiny, Daniel P. Nussbaum, Eileen S. Carpenter, Marina Pasca di Magliano, Arul M. Chinnaiyan, Peter J. Allen, Timothy L. Frankel	Duke University, Michigan Center for Translational Pathology, University of Michigan–Ann Arbor, U-M Rogel Cancer Center	Cancer Research	https://doi.org/10.1158/1538-7445.pancreatic24-pr-14	0	article	False	Cancer Research and Treatments	False	True	False
Modulating Profibrotic Macrophages for Targeted Treatment of Fibrotic Lung Disease	2025-01-01	Naiel, Safaa		MacSphere (McMaster University)		0	dissertation	False	Interstitial Lung Diseases and Idiopathic Pulmonary Fibrosis	False	False	False
PD16-04 SPATIAL ANALYSIS OF PRIMARY AND METASTATIC LESIONS IN SARCOMATOID RENAL CELL CARCINOMA REVEALS INSIGHT TO TUMOR BIOLOGY AND IMMUNE MICROENVIRONMENT	2024-04-15	Allison M. May, Claire Williams, Shaye Hagler, Michael McNiff, Tyler Robinson, Simpa S. Salami, Aaron M. Udager, Evan T. Keller		The Journal of Urology	https://doi.org/10.1097/01.ju.0001009560.23593.56.04	0	article	False	Bladder and Urothelial Cancer Treatments	True	False	False
Figure 1 from Single-Cell Atlas of Lineage States, Tumor Microenvironment, and Subtype-Specific Expression Programs in Gastric Cancer	2025-12-09	Kumar Vikrant, Kalpana Ramnarayanan, Raghav Sundar, Nisha Padmanabhan, Supriya Srivastava, Mayu Koiwa, Tadahito Yasuda, Vivien Koh, Kie Kyon Huang, Su Ting Tay, Shamaine Wei Ting Ho, Angie Lay Keng Tan, Takatsugu Ishimoto, Guowei Kim, Asim Shabbir, Qingfeng Chen, Biyan Zhang, Shengli Xu, Kong‐Peng Lam, Huey Yew Jeffrey Lum, Ming Teh, Wei Peng Yong, Jimmy Bok Yan So, Patrick Tan		Unknown Journal	https://doi.org/10.1158/2159-8290.30834184	0	article	True	Unknown	False	True	False
Abstract 2320: Dissecting the effects of Smyd3 depletion in the tumor microenvironment of HPV-negative head and neck squamous cell carcinoma mouse models	2023-04-04	Malhar Patel, Daniel E. Tsai, Abdalla Abdelmaksoud, Noémi Kedei, Maria O. Hernandez, Baktiar Karim, Vassiliki Saloura	National Cancer Institute	Cancer Research	https://doi.org/10.1158/1538-7445.am2023-2320	0	article	False	Cancer-related molecular mechanisms research	False	False	False
LEVERAGING DIGITAL SPATIAL PROFILING TO IDENTIFY TRANSCRIPTIONAL SIGNATURES ASSOCIATED WITH UROTHELIAL CARCINOMA IN SITU	2024-03-01	Noah Frydenlund, Joshua J. Meeks, Xiatong Lu, Bonnie Choy, Rendong Yang, Kathy Mach, Joseph C. Liao, Hubert Lau	Stanford University	Urologic Oncology Seminars and Original Investigations	https://doi.org/10.1016/j.urolonc.2024.01.125	0	article	False	Molecular Biology Techniques and Applications	False	False	False
261 Synergistic antitumor effects of mouse mesothelin-directed CAR (mmeso-CAR) T cells and αCD40 in a syngeneic model of PDAC	2023-10-31	Giulia Golinelli, Ting–Jia Fan, Khatuna Gabunia, Jordan Reff, David Mai, Omar Johnson, Zachary Ferraro, Decheng Song, Aasha Gupta, Mansi Deshmukh, Charles‐Antoine Assenmacher, Enrico Radaelli, Daniel Martínez, Andrew J. Rech, Joseph A. Fraietta, He N. Xu, Wesley V. Wilson, Julia Tchou, Bruce L. Levine, Regina M. Young, John Scholler, Carl H. June	Children's Hospital of Philadelphia, University of Modena and Reggio Emilia, University of Pennsylvania, Parker Institute for Cancer Immunotherapy	Regular and Young Investigator Award Abstracts	https://doi.org/10.1136/jitc-2023-sitc2023.0261	0	article	True	CAR-T cell therapy research	False	True	False
Mapping spatial organization in ovarian cancer uncovers drivers of immune evasion	2023-09-07	Christine Y. Yeh, Karmen Aguirre, Olivia Laveroni, Subin Kim, Aihui Wang, Brooke Liang, Xiaoming Zhang, Lucy M. Han, Raeline Valbuena, Sylvia K. Plevritis, Michael C. Bassik, M Snyder, Brooke E. Howitt, Livnat Jerby‐Arnon	Stanford University, California Pacific Medical Center	Zenodo (CERN European Organization for Nuclear Research)	https://doi.org/10.5281/zenodo.8327118	0	dataset	True	Atherosclerosis and Cardiovascular Diseases	True	False	False
Spatial transcriptomic analysis of muscle biopsy from treatment-naive juvenile dermatomyositis patients reveals mitochondrial abnormalities despite disease-related interferon driven signature	2025-06-06	Aris E Syntakas, Melissa Kartawinata, N. Evans, Huong D. Nguyen, Charalampia Papadopoulou, Muthana Al Obaidi, Clarissa Pilkington, Yvonne Glackin, Christopher B. Mahony, Adam P. Croft, Simon Eaton, Mario Cortina‐Borja, Olumide Ogunbiyi, Ashirwad Merve, Lucy R. Wedderburn, Meredyth Wilkinson	Great Ormond Street Hospital for Children NHS Foundation Trust, Institut thématique Immunologie, inflammation, infectiologie et microbiologie, National Institute for Health Research, Great Ormond Street Hospital, Centre for Inflammation Research, Versus Arthritis, NIHR Birmingham Biomedical Research Centre, University of Birmingham, University College London	Unknown Journal	https://doi.org/10.1101/2025.06.03.657601	0	preprint	True	Inflammatory Myopathies and Dermatomyositis	False	False	False
Abstract 5484: Spatial transcriptomic profiling reveals characteristic gene expression patterns of cancer-associated fibroblasts in lung adenocarcinoma with interstitial pneumonia	2024-03-22	Chihiro Inoue, Yasuhiro Miki, Yayoi Aoyama, Saori Shibata, Yoshinori Okada, Takashi Suzuki	Tohoku University	Cancer Research	https://doi.org/10.1158/1538-7445.am2024-5484	0	article	False	Lung Cancer Diagnosis and Treatment	False	True	False
Abstract 4734: Alteration of tumor immune environment in metastatic and non-metastatic papillary thyroid microcarcinoma	2025-04-21	Rhitajit Sarkar, Shilpa Thakur, Gus Fridell, Noémi Kedei, Maria O. Hernandez, Sonam Kumari, Maria J. Merino, Joanna Kłubo-Gwieździńska	National Institute of Diabetes and Digestive and Kidney Diseases, University of Baltimore, Johns Hopkins University	Cancer Research	https://doi.org/10.1158/1538-7445.am2025-4734	0	article	False	Thyroid Cancer Diagnosis and Treatment	False	True	False
115 Utilization of a tissue-based PD1_PD-L1 in situ proximity ligation assay in lung adenocarcinoma (LUAD) and pleural mesothelioma	2024-11-01	Idania Lubo, Wei Lu, Sharia Hernandez, Khaja Khan, Ximing Tang, Junya Fujimoto, Edwin R. Parra, Jacqueline Oliva, Katarzyna Tomczak, Michael Stanford, A Koksoy, Minori Koshiji Rosales, Nejla Ozirmak Lermi, Maria Gabriela Raso, Stephanie Schmidt, Carmen Behrens, John V. Heymach, Jianjun Zhang, Boris Sepesi, Annikka Weissferdt, David C. Rice, Reza J. Mehran, Mehmet Altan, Anne S. Tsao, Tina Cascone, Don L. Gibbons, Ken Chen, Ignacio I. Wistuba, Cara Haymaker, Luisa M. Solis Soto	The University of Texas MD Anderson Cancer Center	Regular and Young Investigator Award Abstracts	https://doi.org/10.1136/jitc-2024-sitc2024.0115	0	article	True	Peptidase Inhibition and Analysis	False	False	False
Spatial transcriptomics uncovers unique tumor microenvironments in folliculotropic versus classic mycosis fungoides	2025-11-03	Madeline Williams, Daniel Joffe, Jenna Mandel, Molly Wallace, Samuel Schepps, Carla Portocarrero, Oliver Abinader, Ramkrishna Mitra, Anjali Mishra, Neda Nikbakht	Sidney Kimmel Cancer Center, Jefferson College, Thomas Jefferson University, Jefferson Institute	Blood	https://doi.org/10.1182/blood-2025-5326	0	article	False	Unknown	False	True	False
90 Utilizing spatial transcriptomics to define potential biomarkers of immune checkpoint blockade in appendiceal cancer – a proof of concept pilot study	2024-11-01	Eleanor A. Fallon, Brenda Melendez, Bharat Singh, Rossana Lazcano, Davis R. Ingram, Khalida Wani, Lon W. Fong, Ashish Damania, Vivian Orellana, Mohammad Mahdi Fanaeian, Nadim J. Ajami, Jillian Losh, Alexander J. Lazar, Kanwal Raghav, John Paul Shen, Melissa W. Taggart, Jennifer A. Wargo, Michael G. White, Beth A. Helmink	University of Houston System, The University of Texas MD Anderson Cancer Center	Regular and Young Investigator Award Abstracts	https://doi.org/10.1136/jitc-2024-sitc2024.0090	0	article	True	Intraperitoneal and Appendiceal Malignancies	False	True	False
Abstract C021: Characterizing the clinicopathological, genomic and spatial transcriptomic features of colibactin-induced colorectal cancers	2025-12-10	Peter Georgeson, Jihoon E. Joo, Alysha Prisc, Lochlan Fennell, Liam Skinner, Bernard J. Pope, Khalid Mahmood, Romy Walker, Mark Clendenning, Julia Como, Natalie Diepenhorst, Julie McDonald, Finlay Macrae, Christophe Rosty, Ingrid Winship, Amanda I. Phipps, Mark A. Jenkins, Annette Peters, Daniel D. Buchanan	University of the Sunshine Coast, University of Queensland, Monash University, University of Melbourne	Clinical Cancer Research	https://doi.org/10.1158/1557-3265.earlyonsetca25-c021	0	article	False	Unknown	True	False	False
Abstract PO3-23-11: Multiomics analysis of ER+ breast cancer with matched primaries, lymph node metastases and recurrent cancers on adjuvant endocrine therapy	2024-05-02	Carlos Martínez-Pérez, Charlene Kay, Rebecca Swan, Lorna Renshaw, J. Michael Dixon, Arran Turnbull	NHS Lothian, University of Edinburgh	Cancer Research	https://doi.org/10.1158/1538-7445.sabcs23-po3-23-11	0	article	False	Estrogen and related hormone effects	False	False	False
Abstract IA009: Immune suppression in the fallopian tube: Insights from the pre-cancer atlas	2025-09-19	Tanjina Kader, Jia-Ren Lin, Clemens Hug, Shannon Coy, Yuan Chen, Ino de. Bruijin, Clarence Yapp, Jeremy L. Muhlich, Nikolaus Schultz, Charles W. Drescher, Peter K. Sorger, Ronny Drapkin, Sandro Santagata	University of Pennsylvania, Memorial Sloan Kettering Cancer Center, Kettering University, Gynecologic Oncology Group, Harvard University	Cancer Research	https://doi.org/10.1158/1538-7445.ovarian25-ia009	0	article	False	Ovarian cancer diagnosis and treatment	False	True	False
Abstract 2705: Spatial profiling of tumor microenvironment uncovers potential novel therapeutic approach in pediatric neuroblastoma	2025-04-21	Cui Tu, Chin Wee Tan, James Monkman, Ana Clara Almeida, Gabrielle Antonio-Carreon, Natacha Omer, Giaan Hull, Kimberly Chung, Ahmed M. Mehdi, Antonietta Salerno, Orazio Vittorio, Aaron T. Mayer, Cleber Machado‐Souza, Fernanda de Almeida Brehm Pinhati, Selene Elífio-Esposito, Wayne Nicholls, Lúcia de Noronha, Arutha Kulasinghe, Fernando Souza-Fonseca-Guimarães	University of Queensland, Menlo School, Pontifícia Universidade Católica do Paraná, UNSW Sydney	Cancer Research	https://doi.org/10.1158/1538-7445.am2025-2705	0	article	False	Neuroblastoma Research and Treatments	False	True	False
Abstract 6391: Spatial proteomic profiling unveils pre-existing anti-tumor immunity as a hallmark of exceptional benefit from immunotherapy in NSCLC	2024-03-22	Sharia Hernandez, Rafael Bach, Mario Giner, Wei Lu, Larisa Kostousov, Sean Barnes, Khaja Khan, Laura Masfarré, Xavier Villanueva, Ignacio Sánchez, Nil Navarro, Álvaro Taus, Miguel Galindo, Max Hardy, R. Del Rey-Vergara, Albert Iñañez, Beatriz Sánchez‐Espiridión, Laura Moliner, Sergi Clavé, Beatríz Bellosillo, Ana Rovira, Júlia Perera‐Bel, Ignacio I. Wistuba, Edurne Arriola, Luisa M. Solis, Pedro Rocha	Hospital Del Mar, The University of Texas MD Anderson Cancer Center	Cancer Research	https://doi.org/10.1158/1538-7445.am2024-6391	0	article	False	Cancer Immunotherapy and Biomarkers	False	True	False
Primary central nervous system lymphoma reveals a pro-tumoral brain-specific myeloid landscape.	2025-11-03	Shalaka Joshi, María V. Revuelta, Nahuel Zamponi, Khouloud Kouidri, Federico Ruiz Moreno, Giorgio Inghirami, Ari Melnick, Leandro Cerchietti	Cornell University	Blood	https://doi.org/10.1182/blood-2025-145	0	article	True	Unknown	True	False	False
Abstract PS2-07-28: Immune microenvironment features of germline mutation-associated breast tumors revealed by single-molecule imaging in the Breast Cancer Family Registry	2026-02-17	M. B. McClure, Lise Mangiante, C. Weiss, Z. Ma, J. Koo, E. M. John, Christina N. Curtis, J. Caswell-Jin, A. W. Kurian	Stanford Medicine, National Cancer Institute	Clinical Cancer Research	https://doi.org/10.1158/1557-3265.sabcs25-ps2-07-28	0	article	False	Single-cell and spatial transcriptomics	True	False	False
Abstract PS2-11-25: Paracrine FGFR activation by stromal signals and its association with immune infiltration in breast cancer	2026-02-17	Lise Mangiante, Z. Ma, Clemens L G Weiss, M. Shaw, Brennan Simon, S. Mouron, Geoffrey Bean, Miguel Quintela-Fandiño, C. Curtis, Jennifer L. Caswell‐Jin	Stanford Medicine, Stanford University, Centro Nacional de Investigaciones Científicas	Clinical Cancer Research	https://doi.org/10.1158/1557-3265.sabcs25-ps2-11-25	0	article	False	Fibroblast Growth Factor Research	True	False	False
Spatial multi-omics reveal distinct immunosuppressive lipid-laden macrophages in primary CNS lymphoma compared to systemic DLBCL	2025-11-03	Hong Liang, Min Liu, Shruti Sridhar, Charmaine Ong, B. McClure Jennifer, Florian Hamberger, Brian J. Lane, Daniel L. Sanchez, Ranga Sudharshan, Ashley Tsang, Yanfen Peng, Chartsiam Tipgomut, Patrick Jaynes, Oliver Braubach, Evan T. Keller, Arvind Rao, Sanjay De Mel, Joanne Lee, Sita Jayalakshmi, Qiang Pan-Hammarstrom, Char Loo Tan, Song Shan, Siok‐Bian Ng, Claudio Tripodo, Anand D. Jeyasekharan	National University Health System, National University Cancer Institute, Singapore, CRC for Spatial information, Karolinska Institutet, University of Palermo, University of Michigan–Ann Arbor, Michigan Medicine, Chongqing Cancer Hospital, National University of Singapore, National Cancer Centre Singapore	Blood	https://doi.org/10.1182/blood-2025-146	0	article	True	Unknown	False	True	False
305 Technical considerations for normalizing digital spatial profiling data with multiple within-patient samples	2020-11-01	Tyler Hether, Tim Howes, Christine N. Spencer, Travis Hollman, Jason Reeves, Danny Wells, Claire F. Friedman, Theresa LaVallee, Jedd D. Wolchok, Sarah Warren	Cornell University, Parker Institute for Cancer Immunotherapy, Memorial Sloan Kettering Cancer Center, Nanostring Technologies (United States)	Regular and Young Investigator Award Abstracts	https://doi.org/10.1136/jitc-2020-sitc2020.0305	0	article	True	Single-cell and spatial transcriptomics	False	True	False
Abstract C117: Integrative multi-omics profiling in patients of African descent diagnosed with prostate cancer reveals distinct tumor-promoting immunosuppressive niches at a single-cell level and spatial resolution	2024-09-21	Isra Elhussin, Ezra Baraban, Ashley Kiemen, Tamara L. Lotan, Cathy Handy Marshall, Emmanuel S. Antonarakis, Moray J. Campbell, Melissa B. Davis, Michael Dixon, Isaac Kim, Stefan Ambs, Rick A. Kittles, Adam B. Murphy, Clayton Yates	Morehouse School of Medicine, Johns Hopkins Medicine, Northwestern University, Yale University, National Institutes of Health, National Cancer Institute, Northwestern Medicine, Johns Hopkins University, University of Minnesota, Cedars-Sinai Medical Center	Cancer Epidemiology Biomarkers & Prevention	https://doi.org/10.1158/1538-7755.disp24-c117	0	article	False	Cancer Genomics and Diagnostics	False	False	False
Abstract P2-11-01: Comprehensive spatially resolved single-cell analysis of immunotypes in triple-negative breast cancer revealed the central role of intratumoral MHC class II expressions	2025-06-13	Yi Liu		Clinical Cancer Research	https://doi.org/10.1158/1557-3265.sabcs24-p2-11-01	0	article	False	Immunotherapy and Immune Responses	False	False	False
Abstract B038: Inflammatory spatial niches distinguished by antigen presentation and interferon response programs explain the high immune response rate of desmoplastic melanoma: Comparison of biopsies from SWOG S1512 and S1616	2026-02-18	Daniel Chen, Amanda Truong, Nataly Naser Al Deen, Cynthia R. Gonzalez, Ignacio Baselga-Carretero, Jia Ming Chen, Kari Kendra, Zeynep Eroglu, Siwen Hu-Lieskovan, Ari M. Vanderwalde, David A. Wada, J.A. Plaza, Michael C. Wu, Philip O. Scumpia, A. Ribas, Katie M. Campbell	Cape Town HVTN Immunology Laboratory / Hutchinson Centre Research Institute of South Africa, Huntsman Cancer Institute, Fred Hutch Cancer Center, West Cancer Center, University of California, Los Angeles, The Ohio State University Wexner Medical Center, Los Angeles Medical Center, APLA Health, Moffitt Cancer Center, Parker Institute for Cancer Immunotherapy	Cancer Immunology Research	https://doi.org/10.1158/2326-6074.io2026-b038	0	article	False	Cancer Immunotherapy and Biomarkers	True	False	False
Abstract 1966: Evaluation of circulating tumor cells as a real-time biomarker in metastatic urothelial carcinoma	2025-04-21	Wadih Issa, Navneet Kaur, Qinhan Zhou, Andrew DeVilbiss, Ze Yu, Damla Günenç, Michael J. Poellmann, Changchuan Jiang, Qian Qin, Jue Wang, Suzanne Cole, Seungpyo Hong, Chao Xing, Andrew Z. Wang, Tian Zhang	University of Wisconsin–Madison, The University of Texas Southwestern Medical Center	Cancer Research	https://doi.org/10.1158/1538-7445.am2025-1966	0	article	False	Bladder and Urothelial Cancer Treatments	False	True	False
Abstract 5341: Duration of CDK4/6 inhibitor (CDKi) treatment in metastatic HR+ HER2- breast cancer (mHRBC) is associated with changes in AKT pathway protein expression	2025-04-21	Brie Chun, Allison Creason, Shaun M. Goodyear, Laura M. Heiser, Zahi Mitri	Oregon Health & Science University, BC Cancer Agency	Cancer Research	https://doi.org/10.1158/1538-7445.am2025-5341	0	article	False	Advanced Breast Cancer Therapies	False	True	False
Abstract 2028: Spatially resolved proteomic profiling identifies tumor cell CD44 as a novel indicative biomarker of sensitivity to PD-1 axis blockade in advanced non-small cell lung cancer (NSCLC)	2022-06-15	Myrto Moutafi, Magdalena Molero, Sandra Martínez-Morilla, Javier Baena Preysler, Ioannis Vathiotis, Niki Gavrielatou, Laura M. De Castro, Gorka Ruíz de Garibay, Vera Adradas, Daniel Orive, Karmele Valencia, Alfonso Galvo, Luis M. Montuenga, Santiago Ponce, Kurt A. Schalper, Luis Paz‐Ares, David L. Rimm, Jon Zugazagoitia	Yale University	Cancer Research	https://doi.org/10.1158/1538-7445.am2022-2028	0	article	False	Radiomics and Machine Learning in Medical Imaging	False	True	False
P03.05 Deep spatial profiling of the immune landscape of MSI and MSS colorectal tumors	2020-10-01	SE Church, Jason Reeves, DR Zollinger, Jill McKay-Fleisch, AJ Bahrami, Mathias Holpert, AM White, MD Bailey, CR Merritt, Margaret L. Hoang, Sarah Warren, JM Beechem	Nanostring Technologies (United States)	Unknown Journal	https://doi.org/10.1136/jitc-2020-itoc7.45	0	article	True	Cancer Immunotherapy and Biomarkers	False	False	False
Abstract PD10-09: PD10-09 Multiomics analysis of matched ER+ primary and recurrent breast cancers on or after adjuvant endocrine therapy	2023-03-01	Carlos Martínez-Pérez, Charlene Kay, James Meehan, J. Michael Dixon, Arran Turnbull	University of Edinburgh	Cancer Research	https://doi.org/10.1158/1538-7445.sabcs22-pd10-09	0	article	False	Advanced Breast Cancer Therapies	False	True	False
Abstract PO5-15-09: DNA damage induced necroptosis predicts response to radioimmunotherapy	2024-05-02	Anna M. Goddard, Qinhong Wang, Minguk Cho, Lynn M. Lerner, Gaorav P. Gupta	University of North Carolina at Chapel Hill	Cancer Research	https://doi.org/10.1158/1538-7445.sabcs23-po5-15-09	0	article	False	Radiopharmaceutical Chemistry and Applications	False	True	False
238 Molecular dissection of tumor-immune microenvironment factors associated with response to checkpoint inhibitor therapy in non-small cell lung cancer patients using nanostring digital spatial profiling	2020-11-01	Omar Jabado, Suzana S. Couto, Jordan Blum, Patrick Franken, Patrícia Coutinho de Souza, Maria Jure‐Kunkel, Nora Pencheva, Brandon W. Higgs, Kate Sasser, Mark Fereshteh	Genmab (United States)	Regular and Young Investigator Award Abstracts	https://doi.org/10.1136/jitc-2020-sitc2020.0238	0	article	True	Cancer Genomics and Diagnostics	False	True	False
256. Characterization of the Placental Proteome during Congenital CMV Infection	2023-11-27	Sheila Farnan, Elise Sintim-Aboagye, Huy Quang Quach, Sohan Punia, Maria Mejia-Plazas, N Verma, Dawn Littlefield, Erica L. Johnson, Cosnet L. Rametse, Clive M. Gray, Andrew P. Norgan, Jerid Robison, Elizabeth Ann L. Enninga, Rana Chakraborty, Mark R. Schleiss	Morehouse School of Medicine, Charles University, Miami Children's Hospital, Nanostring Technologies (United States), Mayo Clinic, University of Minnesota, UPMC Health System, University of Cape Town, Stellenbosch University	Open Forum Infectious Diseases	https://doi.org/10.1093/ofid/ofad500.328	0	article	True	Cytomegalovirus and herpesvirus research	False	True	False
Abstract P2-21-02: Longitudinal tumor-immune microenvironment changes in patients with clinical luminal A early breast cancer treated with neoadjuvant palbociclib and endocrine therapy: results from the Swedish randomized PREDIX Luminal A trial	2023-03-01	Ioannis Zerdes, Dimitrios Salgkamis, Alexios Matikas, Lars Selander, Kang Wang, Evangelos Tzoras, Emmanouil G. Sifakis, Susanne Agartz, Xinsong Chen, Mats Hellström, Johan Hartman, Jonas Bergh, Theodoros Foukakis, Thomas Hatschek	Karolinska University Hospital, Svenska Örtmedicinska Institute, Karolinska Institutet	Cancer Research	https://doi.org/10.1158/1538-7445.sabcs22-p2-21-02	0	article	False	Advanced Breast Cancer Therapies	False	False	False
Single Cell Multi Omics and Spatial Analysis Reveals Plasmablast Signature Malignant Cells As a Key of Intratumor Heterogeneity in Primary Central Nervous System Lymphoma	2023-11-02	Hiroki Kobayashi, Ryota Chijimatsu, Ryo Mizuta, Kentaro Fujii, Yoshihiro Otani, Joji Ishida, Yusuke Naoi, Hiroyuki Murakami, Hideki Ujiie, Kazuhiro Ikeuchi, Tomohiro Urata, Katsuma Tani, Akira Yamamoto, Keisuke Seike, Hideaki Fujiwara, Noboru Asada, Hisakazu Nishimori, Keiko Fujii, Nobuharu Fujii, Ken‐ichi Matsuoka, Yasuharu Sato, Tadashi Yoshino, Yoshinobu Maeda, Daisuke Ennishi	Okayama University Hospital, Okayama University	Blood	https://doi.org/10.1182/blood-2023-174410	0	article	False	CNS Lymphoma Diagnosis and Treatment	False	True	False
Down to the coronary arteries: When spatial multiomics open up a narrow path	2024-03-19	Alessandro Alessandrini, Ivy A. Rosales	Massachusetts General Hospital	American Journal of Transplantation	https://doi.org/10.1016/j.ajt.2024.02.033	0	editorial	True	Transplantation: Methods and Outcomes	False	False	False
Abstract PR009: Bugs in Space: Spatial Analysis of the Immune-Microbial Axis in Rectal Cancer Reveals a Unique Interface in Young Onset Rectal Cancers	2025-12-10	Ryan B. Morgan, Reed I. Ayabe, Brenda Melendez, Taylor Neilson, Laurence P. Diggs, Norman Galbraith, Ashish Damania, Bharat Singh, Matthew C. Wong, Pranoti Sahasrabhojane, Yasmine Hoballah, Melissa W. Taggart, Alexander J. Lazar, Khalida Wani, Davis R. Ingram, Diana Shamsutdinova, Jumanah Alshenaifi, Zuzana Lutter-Berka, David G. Menter, Ramy Behman, Paula Marincola Smith, George J. Chang, Nadim J. Ajami, Susan Bullman, Christopher D. Johnston, Scott Kopetz, J. Joshua Smith, Jennifer A. Wargo, Y. Nancy You, Michael G. White	University of California, Irvine, University of Glasgow, The University of Texas MD Anderson Cancer Center	Clinical Cancer Research	https://doi.org/10.1158/1557-3265.earlyonsetca25-pr009	0	article	False	Unknown	False	True	False
Abstract CT128: RADIANT: A window of opportunity trial exploring preoperative immunomodulatory radiotherapy and durvalumab prior to radical cystectomy in patients with cisplatin-ineligible muscle-invasive bladder carcinoma	2025-04-25	Megan Hopkins, Deepak Dinakaran, Aly‐Khan A. Lalani, Naveen S. Basappa, Melissa Huynh, Drashti Jain, Vida Talebian, Michael T. Walsh, Gregory R. Pond, Ricardo Ferandes, Ilias Cagiannos, Scott C. Morgan, Mark T. Corkum, Dominick Bossé, M. Neil Reaume, Ana-Alicia Beltran-Bless, Christina Canil, Melanie Spears, Michael Ong	Juravinski Cancer Centre, Ontario Institute for Cancer Research, Alberta Cancer Foundation	Cancer Research	https://doi.org/10.1158/1538-7445.am2025-ct128	0	article	False	Bladder and Urothelial Cancer Treatments	False	True	False
Ruxolitinib increases immunogenicity and primes the tumor microenvironment for immune checkpoint blockade in 9p24.1 amplified lymphomas	2025-11-03	Seda S. Tolu, Ted B. Piorczynski, Manuel Pazos, Brian Estrella, Aleksandar Obradović, Hua‐Jay J. Cherng, Barbara Pro, Jennifer E. Amengual	Columbia University Irving Medical Center	Blood	https://doi.org/10.1182/blood-2025-3558	0	article	True	Unknown	False	False	False
Abstract 5486: Spatial profiling reveals unique immune-transcriptomic features of tertiary lymphoid structures in melanoma	2024-03-22	Manoj Chelvanambi, Brenda Melendez, Elise F. Nassif, Rossana Lazcano, Matthew Lastrapes, Bharat Bhushan, Sarah B. Johnson, Khalida Wani, Davis R. Ingram, Yongwoo David Seo, Beth A. Helmink, Michael G. White, Russell G. Witt, Laurence P. Diggs, Golnaz Morad, Monika A. Zelazowska, Somnath Paul, Florentia Dimitriou, Ashish Damania, Matthew C. Wong, Neeta Somaiah, Nadim J. Ajami, Emily Z. Keung, Wolf H. Fridman, James P. Allison, Padmanee Sharma, Kevin M. McBride, Tina Cascone, Christina L. Roland, Alexander J. Lazar, Jennifer A. Wargo	University of Virginia, The University of Texas MD Anderson Cancer Center	Cancer Research	https://doi.org/10.1158/1538-7445.am2024-5486	0	article	False	Cancer Immunotherapy and Biomarkers	False	True	False
Aberrant thymic architecture and enhanced interferon signaling in down syndrome	2025-11-03	Trent Hall, A Schild, Lie Li, Heather Sheppard, Yutian Liu, Anitria Cotton, Rashid Mehmood, Hannah DuBose, Felipe Segato Dezem, Jason Hodges, Matthew Lear, Bailey Fountain, Yiping Fan, Gabriela Gheorghe, Jeremy Chase Crawford, Paul G. Thomas, Yongqiang Feng, Gang Wu, Jasmine Plummer, Umar S. Boston, John D. Crispino	Children's Hospital of The King's Daughters, Le Bonheur Children's Hospital, St. Jude Children's Research Hospital	Blood	https://doi.org/10.1182/blood-2025-3010	0	article	True	Unknown	False	True	False
Abstract 4460: Spatial profiling of immune biomarkers in resected treatment-naïve early stage lung adenocarcinoma	2023-04-04	Sharia Hernandez, Wei Lü, Alejandra G. Serrano, Claudio J. Arrechedera, Beatriz Sánchez‐Espiridión, Nejla Ozirmak, Max Molina, Larisa Kostousov, Sean Barnes, Khaja Khan, Ximing Tang, Junya Fujimoto, Edwin R. Parra, Gabriela Raso, Stephanie Schmidt, Carmen Behrens, John V. Heymach, Jianjun Zhang, Ken Chen, Boris Sepesi, Tina Cascone, Don L. Gibbons, Ignacio I. Wistuba, Cara Haymaker, Luisa M. Solis	The University of Texas MD Anderson Cancer Center	Cancer Research	https://doi.org/10.1158/1538-7445.am2023-4460	0	article	False	Cancer Immunotherapy and Biomarkers	False	True	False
Abstract A023: Differential Patterns of Immune Infiltration in the Tumor Immune Microenvironment Associate with Therapeutic Response in Primary Prostate Cancer Following Chemohormonal Therapy	2026-01-20	Erika Héninger, Jamie M. Sperger, Kristin Weinstein, Brian P. Johnson, Peter Geiger, Shane A. Wells, Steve Y. Cho, Wei Huang, Philippos K. Tsourkas, Sean J. McIlwain, Irene Ong, David Quigley, David F. Jarrard, Sheena C. Kerr, D. Beebe, Joshua M. Lang	University of California, San Francisco, University of San Francisco, Madison Group (United States), University of Michigan, University of Wisconsin–Madison, University of Wisconsin System, Michigan State University	Cancer Research	https://doi.org/10.1158/1538-7445.prostateca26-a023	0	article	False	Cancer Immunotherapy and Biomarkers	False	True	False
655 Dissecting pancreatic cancer tumor-immune microenvironment crosstalk using spatial transcriptomics	2023-10-31	Amaya Pankaj, Arnav Mehta, Michael J. Raabe, Julie L. Koenig, Bidish K. Patel, Evan R. Lang, Joshua R. Kocher, Katherine Xu, Linda T. Nieman, Alec C. Kimmelman, David P. Ryan, William L. Hwang, Martin J. Aryee, Theodore S. Hong, Aparna R. Parikh, David T. Ting	Dana-Farber Cancer Institute, New York University, Massachusetts General Hospital, Harvard University	Regular and Young Investigator Award Abstracts	https://doi.org/10.1136/jitc-2023-sitc2023.0655	0	article	True	Pancreatic and Hepatic Oncology Research	False	True	False
Integrative combination of high-plex digital profiling techniques and cluster analysis to reveal complex immune biology in the tumour microenvironment of mesothelioma	2019-10-01	Carmen Ballesteros‐Merino, Thomas Herz, S. Church, Moritz Widmaier, Alexei Budco, Das Medrikova, Ivan Kanchev, Andreas Spitzmueller, A. Shaepe, Andrew White, Jason Reeves, Amy Sullivan, Michael Bailey, Shawn M. Jensen, John R. Handy, Rachel E. Sanborn, Carlo Bifulco, Sarah Warren, Joe Beechem, Bernard A. Fox		Annals of Oncology	https://doi.org/10.1093/annonc/mdz239.042	0	article	True	Occupational and environmental lung diseases	False	False	False
P0055 Novel KRT17+ epithelium-neutrophil interactions emerge in inflamed IBD mucosa	2026-01-01	I Dotti, Marisol Veny, A Sanzo Machuca, Victòria Gudiño, M Moro Buendia, Lori Robbins, E Melón-Ardanaz, A Carrasco, Sandra Lopez-Prades, M Cuatrecasas, E Ricart Gomez, A Salas	Hospital Clínic de Barcelona, Sant Joan de Déu Research Foundation, Institute for Research in Biomedicine, Centro de Investigación Biomédica en Red de Enfermedades Hepáticas y Digestivas, Consorci Institut D'Investigacions Biomediques August Pi I Sunyer, Universitat de Barcelona, Institut d'Investigacions Biomèdiques de Barcelona	Journal of Crohn s and Colitis	https://doi.org/10.1093/ecco-jcc/jjaf231.236	0	article	True	Skin and Cellular Biology Research	False	False	False
Abstract A105: Induction of an anti-tumor immune response following intratumoral injection of oncolytic virus CF33-hNIS-antiPD-L1 in patients with metastatic triple negative breast cancer (mTNBC)	2025-02-23	Colt A. Egelston, Shyambabu Chaurasiya, Jianying Zhang, Raju Pillai, Leslie Chong, Amanda Seiz, W. Hans Meisen, Yuan Yuan, Yuman Fong, Jamie Rand	Cedars-Sinai Medical Center, City of Hope	Cancer Immunology Research	https://doi.org/10.1158/2326-6074.io2025-a105	0	article	False	Virus-based gene therapy research	False	True	False
Abstract PD2-04: Tumor Heterogeneity in the transATAC Breast Cancer Spatial Single Cell Atlas	2026-02-17	E. F. Schuster, I. T. Kleijn, Kathryn Dunne, R. Sardinha, E. O'Neill, G. Latifi, C. Kennedy-Dietrich, N. B. Jamieson, Jack Cuzick, A. R. Brentnall, Ian E. Smith, S. R. Johnston, N. C. Turner	University of Glasgow, Royal Marsden NHS Foundation Trust, Queen Mary University of London, Breast Cancer Now	Clinical Cancer Research	https://doi.org/10.1158/1557-3265.sabcs25-pd2-04	0	article	False	Single-cell and spatial transcriptomics	True	False	False
1456 Characterization of inter and intra tumor heterogeneity in primary melanoma and melanoma brain metastases	2022-11-01	Alberto Mendoza Valderrey, Daria M. Kessler, Sierra Thompson, Xinmin Li, Kai Rau, Stacey L. Stern, Nicole Rudkin, Kim Margolin, Steven Kolker, Maria Libera Ascierto	Saint John's Health Center, UCLA Health	Regular and Young Investigator Award Abstracts	https://doi.org/10.1136/jitc-2022-sitc2022.1456	0	article	True	Brain Metastases and Treatment	False	True	False
83 Tumor immune microenvironment characterization from pre- and post-dose tumors collected from a phase 1/2 study of NDI-101150, a hematopoietic progenitor kinase 1 (HPK1) inhibitor	2024-11-01	Scott R. Daigle, GiNell Elliott, Scott Boiko, David Sommerhalder, Marcus Smith Noel, Sunil Sharma, Rama Balaraman, Martin Gutierrez, Kurt Demel, Ryan H. Moy, David Ciccone, Xinyan Zhang, Anita Scheuber, Pavan Kumar	Frauenshuh Cancer Center, Translational Genomics Research Institute, Texas Oncology, Hackensack University Medical Center, Columbia University Irving Medical Center, HealthPartners, Georgetown University Medical Center, Georgetown University	Regular and Young Investigator Award Abstracts	https://doi.org/10.1136/jitc-2024-sitc2024.0083	0	article	True	Cancer Genomics and Diagnostics	False	False	False
COVID-19 mRNA-Vaccines During Pregnancy Are Safe Based on Postpartum Placental Immune Profiles in Both Maternal and Fetal Compartments	2024-12-20	Lotte E. van der Meeren, Michelle Broekhuizen, T. Van den Bosch, Disha Vadgama, Dana A. M. Mustafa, Irwin Reiss, Pieter L. A. Fraaij, Sam Schoenmakers	Leiden University Medical Center, Erasmus University Rotterdam, Erasmus MC	Journal of Patient Safety	https://doi.org/10.1097/pts.0000000000001304	0	article	True	COVID-19 Impact on Reproduction	False	False	False
Abstract PS03-03: The spatially resolved single-cell atlas of the tumor immune architecture revealed the central role of IFN-alpha and plasmacytoid dendritic cells in triple-negative breast cancer in the Mayo Clinic cohort and FinXX trial	2024-05-02	Saranya Chumsri, Yi Liu, Yaohua Ma, Jodi M. Carter, Mark Gregory, S. Church, Jason Reeves, Heather Ann Brauer, Sarah Warren, Heikki Joensuu, Edith Perez, Roberto A. Leon‐Ferre, David W. Hillman, Judy C. Boughey, James N. Ingle, Krishna R. Kalari, Fergus J. Couch, Matthew P. Goetz, Keith L. Knutson, E. Aubrey Thompson	Helsinki University Hospital, Nemours Children's Clinic, Mayo Clinic in Arizona, University of Helsinki, Mayo Clinic, University of Alberta	Cancer Research	https://doi.org/10.1158/1538-7445.sabcs23-ps03-03	0	article	False	Immunotherapy and Immune Responses	False	False	False
Abstract PS17-01: Spatial transcriptomics identifies molecular patterns predictive of response to neoadjuvant chemotherapy in triple-negative breast cancer	2025-06-13	Isobelle Wall, Jelmar Quist, Sarah E. Pinder, KCL Biobank, Sheeba Irshad, Cheryl Gillet, Victoria L. Seewaldt, David Frankhouser, Shankar Subramanium, Maddy Parsons, Anita Grigoriadis		Clinical Cancer Research	https://doi.org/10.1158/1557-3265.sabcs24-ps17-01	0	article	False	Breast Cancer Treatment Studies	False	True	False
<scp>JAK</scp> Inhibition Restores Epidermal Homeostasis and Modulates Immune Responses in Dermatomyositis Skin: A Spatial Transcriptomic Pilot Study	2026-01-16	Sung Bin Bae, Ji Won Heo, Beom Keun Cho, Hyun Je Kim, Miji Lee, Y. Kim, Youngkyoung Lim, Chung‐Gyu Park	Seoul National University of Science and Technology, Cancer Research Institute, Seoul National University Hospital, Veterans Health Service Medical Center, New Generation University College, Seoul National University	The Journal of Dermatology	https://doi.org/10.1111/1346-8138.70149	0	article	False	Inflammatory Myopathies and Dermatomyositis	False	True	False
10.04 Spatial transcriptomics identifies metabolic dysregulation as a key driver of T cell exclusion in esophageal adenocarcinoma	2024-03-01	Joyce Sanders, EN Bos, Nicole Hahn, Isaäc J. Nijman, H. van Laarhoven, DL van der Peet, Jan Van den Bossche, TD de Gruijl, Sarah Derks	Oncode Institute, Cancer Center Amsterdam, Amsterdam University Medical Centers, University of Amsterdam	Oral Presentations	https://doi.org/10.1136/jitc-2024-itoc10.9	0	article	True	Esophageal Cancer Research and Treatment	False	True	False
OP0062 MULTI-MODAL ANALYSIS OF SYNOVIAL TISSUE MACROPHAGES INFORMS ON TREATMENT RESPONSE IN NAIVE TO TREATMENT RHEUMATOID ARTHRITIS	2024-06-01	Stefano Alivernini, Simone Perniola, B. Tolusso, Aziza Elmesmari, Marco Gessi, C. DI Mario, L. A. Coletto, M. R. Gigante, L. Petricca, Viviana Antonella Pacucci, D. Bruno, D. Somma, L. Macdonald, Roberta Benvenuto, Laura Bui, Maria Antonietta D’Agostino, E. Gremese, Jaume Bacardit, Mariola Kurowska‐Stolarska	University of Verona, Agostino Gemelli University Polyclinic, Versus Arthritis, Newcastle University, Istituti di Ricovero e Cura a Carattere Scientifico, University of Glasgow	Annals of the Rheumatic Diseases	https://doi.org/10.1136/annrheumdis-2024-eular.2383	0	article	False	Rheumatoid Arthritis Research and Therapies	False	False	False
Abstract 5867: Uncovering T-cell receptor clones and immunogenic targets in HER2DX-defined HER2-positive breast cancer	2025-04-21	Víctor Albarrán, Carlota Rubio-Pérez, Patricia Galván, Oleguer Castillo, Paula Blasco, Esther Sanfeliu, Anabel Martínez-Romero, Mercedes Marín‐Aguilera, Patricia Villagrasa, Francisco Pardo, Laia Paré, Isabel García-Fructuoso, Raquel Gómez, Elia Seguí, Bárbara Adamo, Benjamín Walbaum, Olga Martínez‐Sáez, Tomás Pascual, María Vidal, Montserrat Muñoz-Mateu, Sònia Guedan, Fara Brasó, Laura Angelats, Aleix Prat	Hospital Clínic de Barcelona	Cancer Research	https://doi.org/10.1158/1538-7445.am2025-5867	0	article	False	HER2/EGFR in Cancer Research	False	False	False
OP0088 ENTHESEAL TISSUE SIGNATURE IN RESPONSE TO IL-17 BLOCKADE IN PSORIATIC ARTHRITIS - RESULTS FROM THE EBIO ENTHESIAL BIOPSY STUDY	2024-06-01	Maria Gabriella Raimondo, H. Mohammadian, Stefano Alivernini, Vladyslav Fedorchenko, Simon Rauber, H. Labinsky, Marc Angeli, Filippo Fagni, Giuseppina Della Corte, Koray Taşçılar, L. Bräuer, Maria Antonietta D’Agostino, Georg Schett, Arnd Kleyer, Milena Pachowsky, Andreas Ramming	Universitätsklinikum Erlangen, Friedrich-Alexander-Universität Erlangen-Nürnberg	Annals of the Rheumatic Diseases	https://doi.org/10.1136/annrheumdis-2024-eular.4138	0	article	False	Psoriasis: Treatment and Pathogenesis	False	False	False
Race-related molecular differences in SLAMF7 expression drive disparities in multiple myeloma outcomes	2025-11-03	Terrell Coring, Jian Wu, Shaima Jabbar, Xiaobei Wang, Cristina Gasparetto, Ken H. Young, Yubin Kang	Durham University, Duke University	Blood	https://doi.org/10.1182/blood-2025-7485	0	article	False	Unknown	False	False	False
Increased type I interferon signaling is a hallmark of idiopathic multicentric castleman disease	2025-11-03	Katherine S. Forsyth, Michael Gonzalez, Joseph Zinski, Melanie Mumau, David C. Fajgenbaum	University of Pennsylvania	Blood	https://doi.org/10.1182/blood-2025-4786	0	article	True	Unknown	False	True	False
27 Evaluating the impact of age on biomarkers for and efficacy of neoadjuvant immune checkpoint inhibitor therapy for head and neck squamous cell carcinoma	2024-11-01	Praneet C. Kaki, Pablo Llerena, Jennifer A. Goldfarb, Kathryn Nunes, Kelly Bridgham, Eric V. Mastrolonardo, Samuel R. Shing, Diana Menezes, Alban J. Linnenbach, Ubaldo Martinez‐Outschoorn, Jennifer Johnson, Adam Luginbuhl, Joseph Curry	Thomas Jefferson University Hospital, Thomas Jefferson University	Regular and Young Investigator Award Abstracts	https://doi.org/10.1136/jitc-2024-sitc2024.0027	0	article	True	Cancer Immunotherapy and Biomarkers	False	False	False
924 Novel immune checkpoint interactions in Medulloblastoma and the TME	2023-10-31	Allison Martin, Kirsten Moziak, N Pérez, Phillip M. Galbo, Élodie Picarda, Robert D. Bell, Charles G. Eberhart, Deyou Zheng, Xingxing Zang	Albert Einstein College of Medicine, Indiana University School of Medicine, Indiana University – Purdue University Indianapolis, Johns Hopkins University	Regular and Young Investigator Award Abstracts	https://doi.org/10.1136/jitc-2023-sitc2023.0924	0	article	True	Glioma Diagnosis and Treatment	False	True	False
600 Differential gene enrichment in response to durvalumab and metformin in head and neck cancer patients: the role of the neutrophil to lymphocyte ratio (NLR) and epithelial mesenchymal transition (EMT)	2024-11-01	Sonali Persaud, Trinh Duong, Kathryn Nunes, Pablo Llerena, Kelly Bridgham, Eric V. Mastrolonardo, Alban J. Linnenbach, Samuel R. Shing, Joseph Curry	Thomas Jefferson University	Regular and Young Investigator Award Abstracts	https://doi.org/10.1136/jitc-2024-sitc2024.0600	0	article	True	Head and Neck Cancer Studies	False	False	False
Inflammatory and metabolic gene signatures predict overall survival and response to venetoclax-based therapy in TP53 mutant AML	2025-11-03	Sarah Skuli, Jayakumar Vadakekolathu, Elena M. Fenu, Kate Bennett, Jack A. Di Palma, Jaryse Harris, Olivia Leung, Eesha Balar, Olga Pozdnyakova, Adam Bagg, Andrew Matthews, Martin Carroll, Catherine Lai, Sergio Rutella	Nottingham Trent University, University of Pennsylvania, Philadelphia University, Palo Alto University, Duke University Hospital	Blood	https://doi.org/10.1182/blood-2025-1734	0	article	True	Unknown	False	True	False
Abstract P2-07-03: Correlation of immune-related protein expression with hormone receptor (HR) status and pathologic response to neoadjuvant paclitaxel/trastuzumab/pertuzumab (THP) among patients with early-stage HER2+ breast cancer	2022-02-15	Adrienne G. Waks, Ying Huang, Tyler Hether, Esther R. Ogayo, Sapana Kadel, Jillian Alberti, Sara M. Tolaney, Ian E. Krop, Prajan Divakar, Otto Metzger, Madison L. O'Donnell, S. Church, Eric P. Winer, Jennifer L. Guerriero, Elizabeth A. Mittendorf	Dana-Farber Cancer Institute, Nanostring Technologies (United States), Brigham and Women's Hospital	Cancer Research	https://doi.org/10.1158/1538-7445.sabcs21-p2-07-03	0	article	False	Radiopharmaceutical Chemistry and Applications	False	False	False
Abstract P2-01-20: Impact of Exercise on Immune Biomarkers in Benign Breast Tissue from Women with High Mammographic Breast Density (MBD)	2025-06-13	Jennifer A. Ligibel, Douglas Russo, Kun Huang, Anita Giobbie‐Hurder, Anna Tanasijevic, Tari A. King, Judy E. Garber, Myles Brown, Stuart J. Schnitt, Kornelia Polyak, Rinath Jeselsohn		Clinical Cancer Research	https://doi.org/10.1158/1557-3265.sabcs24-p2-01-20	0	article	False	Infrared Thermography in Medicine	False	True	False
PD16-02 INCREASED SPATIAL COUPLING OF INTEGRIN AND COLLAGEN IV IN THE IMMUNORESISTANT CLEAR CELL RENAL CELL CARCINOMA TUMOR MICROENVIRONMENT	2024-04-15	Mitchell Hayes, Alex C. Soupir, Taylor Peak, Oscar E. Ospina, Jonathan V. Nguyen, Nicholas H. Chakiryan, Natasha Francis, Paola Ramos Echevarria, Kenneth Y. Tsai, Jodi Balasi, Y. PERES, Jasremon Dhillon, Lindsey A. Martinez, Warren E. Gloria, James J. Mulé, Brooke L. Fridley, Brandon J. Manley		The Journal of Urology	https://doi.org/10.1097/01.ju.0001009560.23593.56.02	0	article	False	Renal cell carcinoma treatment	True	False	False
Abstract PS3-12-09: Spatial immune profiling and pathological response after neoadjuvant therapy in early HER2-positive breast cancer	2026-02-17	C. Gullotta, S. Cobo, V. Albarràn Fernàndez, C. Rubio-Perez, E. Sanfeliu, P. Galván, A. Aguirre, Oleguer Castillo, P. Blasco, A. Martínez- Romero, M. Marín-Anguilera, B. Walbaum, Claudette Falato, M. Bergamino, M. Vidal, M. Muñoz, T. Pascual, B. Adamo, F. Brasó-Maristany, A. Prat, L. Angelats	ID Genomics (United States), Hospital Clínic de Barcelona	Clinical Cancer Research	https://doi.org/10.1158/1557-3265.sabcs25-ps3-12-09	0	article	False	Advanced Breast Cancer Therapies	False	True	False
Caractérisation de l’hétérogénéité des sous-populations macrophagiques dans l’artérite à cellules géantes	2025-11-25	Léa Dionet, Francesco Pallotti, Martine Poux, Amine Majdi, Q. Delcros, Nader Yatim, Bing‐Wen Soong, Paul Breillat, K. Chevalier, C. Cladiere, Patrick Bruneval, Benoît Terris, A. Régent, X. Puéchal, Luc Mouthon, Mansouria Merad, Olivia Lenoir, Pierre‐Louis Tharaux, M. Samson, B. Terrier	Sorbonne Université, Hôpital Cochin, Centre Hospitalier Universitaire Dijon Bourgogne, Icahn School of Medicine at Mount Sinai, Centre de Recherche des Cordeliers, Université de Caen Normandie, Hôpital Européen, Centre Hospitalier Universitaire de Caen, Université Paris Cité, Paris Cardiovascular Research Center	La Revue de Médecine Interne	https://doi.org/10.1016/j.revmed.2025.10.083	0	article	False	Unknown	False	False	False
Multiomic dissection of immune-privileged DLBCL reveals divergent immune subtypes in testicular and primary central nervous system lymphoma	2025-11-03	Melinda Burgess, Zachary Hawula, Nella Tuczko, S. Kempe, Valentine Murigneux, Fiona Swain, Rakin Chowdhury, L Bradbury, Magdalena Antczak, Ahmed M. Mehdi, Eliza A. Hawkes, Joel Wight, Andrea Henden, Joshua Sheehy, Maher K. Gandhi, Sizun Jiang, Colm Keane	Metrogiprotrans (Russia), QIMR Berghofer Medical Research Institute, Beth Israel Deaconess Medical Center, Olivia Newton-John Cancer Wellness & Research Centre, Monash University, Cancer Care Services, Australia Bioinformatics Resource, The University of Queensland, Mater Research, Princess Alexandra Hospital, Boston Medical Center, Townsville Hospital, James Cook University	Blood	https://doi.org/10.1182/blood-2025-147	0	article	False	Unknown	False	False	False
Spatial transcriptomic analysis of chronic lymphocytic leukemia lymph nodes reveals tumor microenvironment evolution during disease progression	2025-11-03	Maria Carmela Vegliante, Benedetta Apollonio, A Bucci, Giulia Notarpietro, Susanna Anita Pappagallo, Paolo Mondelli, Rossana Daprile, Anna Scattone, Michela Frenquelli, Attilio Guarini, Giancarlo Castellano, Alessia Ciarrocchi, Benedetta Donati, Maurilio Ponzoni, Paolo Ghia, Carla Minoia	San Raffaele University of Rome, Istituto Tumori Bari, IRCCS Ospedale San Raffaele, Vita-Salute San Raffaele University, Azienda Sanitaria Unità Locale di Reggio Emilia, Consorci Institut D'Investigacions Biomediques August Pi I Sunyer	Blood	https://doi.org/10.1182/blood-2025-3880	0	article	True	Unknown	False	False	False
Spatial multiomics reveal a critical role for TIM4-expressing macrophages in blast transformation of chronic myelomonocytic leukemia	2025-11-03	Abhishek A. Mangaonkar, Justin C. Boysen, Terra Lasho, Christy M. Finke, Jenna Fernandez, José C. Villasboas, Mehrdad Hefazi, Pankaj Pradeep, W.B. Sherman, Christy E. Trussoni, Tamás Ördög, Maha K. Rahim, Alejandro Tiana Ferrer, Kaaren K. Reichard, Mrinal M. Patnaik	ATUM (United States), CRC for Spatial information, Quantitative BioSciences, Mayo Clinic	Blood	https://doi.org/10.1182/blood-2025-3831	0	article	True	Unknown	False	True	False
Multiomics Analysis of Paired Diagnosis and Relapse DLBCL Biopsies Shows a Reduction in T Cell Infiltration and Function at Relapse	2024-11-05	Fiona Swain, Melinda Burgess, S. Kempe, Muhammed B. Sabdia, Andrea Henden, Joel Wight, Eliza A. Hawkes, Howard Mutsando, Dipti Talaulikar, Lilia Merida de Long, Simone Birch, Penelope Wyche, Zachary Hawula, Rakin Chowdhury, Maher K. Gandhi, Colm Keane	QIMR Berghofer Medical Research Institute, Olivia Newton-John Cancer Wellness & Research Centre, Mater Research, Monash University, The University of Queensland, Australian National University, Princess Alexandra Hospital, Queensland Health, Townsville Hospital, Toowoomba Hospital, Royal Brisbane and Women's Hospital, James Cook University	Blood	https://doi.org/10.1182/blood-2024-199352	0	article	True	Lymphoma Diagnosis and Treatment	False	True	False
OP26 Spatial Characterization of Isolated lymphoid follicles and Granulomas in Inflammatory Bowel Disease	2026-01-01	M Moro Buendia, A Sanzo Machuca, Marisol Veny, S Sabate, I Dotti, Victòria Gudiño, A Carrasco, Sandra Lopez-Prades, M Acera, Elisabetta Mereu, M Cuatrecasas, E Ricart Gomez, A Salas	Hospital Clínic de Barcelona, Josep Carreras Leukaemia Research Institute, Centro de Investigación Biomédica en Red de Enfermedades Hepáticas y Digestivas, Institute for Research in Biomedicine, Consorci Institut D'Investigacions Biomediques August Pi I Sunyer, Universitat de Barcelona, Institut d'Investigacions Biomèdiques de Barcelona	Journal of Crohn s and Colitis	https://doi.org/10.1093/ecco-jcc/jjaf231.026	0	article	False	Single-cell and spatial transcriptomics	False	False	False
Biological determinants of immune exclusion in non-small cell lung cancer: An analysis of the precision medicine BIP study.	2025-05-28	Jean‐Philippe Guégan, Florent Peyraud, Christophe Rey, Sophie Cousin, Sofiane Taleb, Natalie O. Karpinich, Jaegil Kim, Raouf El Cheikh, Sapna Yadavilli, Alban Bessede, Antoîne Italiano	Institut Bergonié, GlaxoSmithKline (Canada), GlaxoSmithKline (United States), Institut Gustave Roussy, Université de Bordeaux, Providence College	Journal of Clinical Oncology	https://doi.org/10.1200/jco.2025.43.16_suppl.2636	0	article	False	Cancer Immunotherapy and Biomarkers	False	True	False
OP0205 SPATIAL OMICS ANALYSIS REVEALS DISTINCT INFLAMMATORY PATHWAYS AND CELLULAR INTERACTIONS IN KIDNEY BIOPSIES FROM LUPUS NEPHRITIS RESPONDERS AND NON-RESPONDERS	2025-06-01	Sara Moreno, C. Solé-Marcé, Magí Passols, Irene Agraz Pamplona, María Alejandra Gabaldón, Josefina Cortés-Hernández	Vall d'Hebron Hospital Universitari, Vall d'Hebron Institut de Recerca	Annals of the Rheumatic Diseases	https://doi.org/10.1016/j.ard.2025.05.217	0	article	True	Systemic Lupus Erythematosus Research	False	True	False
1375 Functional spatial profiling of CIVO® intratumoral responses to checkpoint inhibitors in the intact human tumor microenvironment reveals signatures consistent with patient treatment outcomes	2024-11-01	Kenneth R. Gundle, Jonathan M.J. Derry, Angela Merrell, Kate C. Gillespie, Bre Mills, Marc Grenley, Hanrong Sang, Jason P. Frazier, Jessica A. Bertout, Atticus Turner, Connor Burns	Oregon Health & Science University, Presage Biosciences (United States)	Regular and Young Investigator Award Abstracts	https://doi.org/10.1136/jitc-2024-sitc2024.1375	0	article	True	Medical Imaging Techniques and Applications	False	False	False
DOP076 Spatially and functionally uncoupled cytokine responses differentially activate wound healing and keratinisation responses in a prognostically relevant manner in perianal fistulising Crohn’s disease	2026-01-01	Aamir Saifuddin, Domenico Cozzetto, L Hanna, Saeed Abdurahiman, Nusrat Iqbal, Sulak Anandabaskaran, A Martinez, Hiromi Kudo, N Lambie, Katerina Rekopoulou, N Panneer Selvam, N Matthews, R Goldin, S Sebastian, Bram Verstock, A Hart, P Tozer, N Powell	St Vincent's Clinic, KU Leuven, St Mark's Hospital, NIHR Imperial Biomedical Research Centre, University of Hull, Imperial College London	Journal of Crohn s and Colitis	https://doi.org/10.1093/ecco-jcc/jjaf231.113	0	article	False	Anorectal Disease Treatments and Outcomes	True	False	False
Abstract P1-04-01: Digital spatial profiling of immune-related proteins in luminal androgen receptor (LAR) vs non-LAR triple-negative breast cancer (TNBC)	2022-02-15	Roberto A. Leon‐Ferre, Jodi M. Carter, David M. Zahrieh, David W. Hillman, Saranya Chumsri, Yaohua Ma, Jennifer M. Kachergus, Xue Wang, Judy C. Boughey, Minetta C. Liu, James N. Ingle, Krishna R. Kalari, José C. Villasboas, Fergus J. Couch, E. Aubrey Thompson, Matthew P. Goetz	Mayo Clinic in Arizona	Cancer Research	https://doi.org/10.1158/1538-7445.sabcs21-p1-04-01	0	article	False	Breast Cancer Treatment Studies	False	True	False
127 Spatial-specific gene signatures outperform bulk-mRNA signatures to define resistance to immunotherapy in melanoma patients	2022-11-01	Thazin Nwe Aung, Jonathan Warrell, Sandra Martínez-Morilla, Niki Gavrielatou, Loannis Vathiotis, Nay Chan, Harriet M. Kluger, David L. Rimm	Yale University	Regular and Young Investigator Award Abstracts	https://doi.org/10.1136/jitc-2022-sitc2022.0127	0	article	True	Single-cell and spatial transcriptomics	False	True	False
Abstract 4172: Pathology supervised approaches for ROI placement and segmentation to overcome caveats and pitfalls in high-plex spatial profiling	2024-03-22	Sharia Hernandez, Claudio J. Arrechedera, Pedro Rocha, Larisa Kostousov, Sean Barnes, Khan Khaja, Luisa M. Solis‐Soto	Hospital Del Mar, The University of Texas MD Anderson Cancer Center	Cancer Research	https://doi.org/10.1158/1538-7445.am2024-4172	0	article	False	Radiomics and Machine Learning in Medical Imaging	False	True	False
934 Biological mechanisms in the different etiologies of Merkel cell carcinoma patients: polyomavirus or UV exposure	2021-11-01	Domenico Mallardo, Giosuè Scognamiglio, Khrystyna North, Mariaelena Capone, Michael Bailey, Luigi Scarpato, S. Church, Gabriele Madonna, Jason Reeves, Marcello Curvietto, Marilena Tuffanelli, Grazia D’Angelo, Ester Simeone, Lucia Festino, Vito Vanella, Claudia Trojaniello, Maria Grazia Vitale, Salvatore Tafuto, Corrado Caracò, Anna Maria Anniciello, Nicola Normanno, Maurizio Di Bonito, Sarah Warren, Paolo A. Ascierto	"Istituto Nazionale Tumori IRCCS ""Fondazione G. Pascale"", Nanostring Technologies (United States)"	Regular and Young Investigator Award Abstracts	https://doi.org/10.1136/jitc-2021-sitc2021.934	0	article	True	Polyomavirus and related diseases	False	True	False
OP23 PLA2G2D+ and SPP1+ macrophages tailor lymphoid and granuloma niche architecture in Inflammatory Bowel Disease	2026-01-01	A Sanzo Machuca, M Moro Buendia, S Sabate, Marisol Veny, Victòria Gudiño, M Acera, I Dotti, E Melón-Ardanaz, A Garrido Trigo, Sandra Lopez-Prades, A Carrasco, A Fernandez Clotet, I Ordás Jiménez, A Martin Cardona, Carme Loras, M Esteve Comas, Elisabetta Mereu, M Cuatrecasas, E Ricart Gomez, A Salas	Roche (Switzerland), Hospital Clínic de Barcelona, Josep Carreras Leukaemia Research Institute, Sant Joan de Déu Research Foundation, Institute for Research in Biomedicine, Centro de Investigación Biomédica en Red de Enfermedades Hepáticas y Digestivas, Mútua Terrassa, Consorci Institut D'Investigacions Biomediques August Pi I Sunyer, Universitat de Barcelona, Institut d'Investigacions Biomèdiques de Barcelona	Journal of Crohn s and Colitis	https://doi.org/10.1093/ecco-jcc/jjaf231.023	0	article	False	Immune cells in cancer	False	False	False
ABS0077 MOLECULARLY DIVERSE PR3+ CELLS CHARACTERIZE LUPUS NEPHRITIS: A SPATIALLY RESOLVED MULTI-OMICS APPROACH	2025-06-01	Alessandra Ida Celia, Chin‐Yun Lee, Taiwen Li, Eugene Shenderov, Kelly Casella, Afonso José Pereira Cortez, Sarah Louis, Xiaoping Yang, C. Alessandri, Fabrizio Conti, Michelle Petri, T. Accelerating Medicines Partnership in RA SLE Network, Sladjana Skopelja‐Gardner, Avi Z. Rosenberg, Alexandre Favà	Multiconsult (Norway), Johns Hopkins Medicine, Johns Hopkins University, Sapienza University of Rome, Dartmouth College	Annals of the Rheumatic Diseases	https://doi.org/10.1016/j.ard.2025.06.1803	0	article	True	Systemic Lupus Erythematosus Research	False	True	False
CoSMIM: a covariance-based multi-scale framework for integrated spatial microenvironment analysis	2025-12-01	Bairui Du, Hisanori Kiryu	The University of Tokyo	Briefings in Bioinformatics	https://doi.org/10.1093/bib/bbaf631.003	0	article	True	Single-cell and spatial transcriptomics	False	False	False
1448 Altered myeloid memory function by BMP signaling in breast cancer bone metastases	2022-11-01	Claire L. Ihle, Desiree Straign, Johana A Canari, Kathleen C. Torkko, Kathryn L. Zolman, Erin Smith, Philip Owens	University of Colorado Anschutz Medical Campus, Case Western Reserve University	Regular and Young Investigator Award Abstracts	https://doi.org/10.1136/jitc-2022-sitc2022.1448	0	article	True	Immune responses and vaccinations	False	True	False
Decision letter: Spatial determination and prognostic impact of the fibroblast transcriptome in pancreatic ductal adenocarcinoma	2023-02-28	Marina Pasca di Magliano	University of Michigan–Ann Arbor	Unknown Journal	https://doi.org/10.7554/elife.86125.sa1	0	peer-review	True	Pancreatic and Hepatic Oncology Research	False	True	False
Editor's evaluation: Spatial determination and prognostic impact of the fibroblast transcriptome in pancreatic ductal adenocarcinoma	2023-02-28	Kay F. Macleod	University of Chicago	Unknown Journal	https://doi.org/10.7554/elife.86125.sa0	0	peer-review	True	Pancreatic and Hepatic Oncology Research	False	True	False
Author response: Spatial determination and prognostic impact of the fibroblast transcriptome in pancreatic ductal adenocarcinoma	2023-06-13	Wayne Croft, Hayden Pearce, Sandra Margielewska‐Davies, Lindsay Lim, Samantha M. Nicol, Fouzia Zayou, Daniel Blakeway, Francesca Marcon, Sarah Powell‐Brett, Brinder S. Mahon, Reena Merard, Jianmin Zuo, Gary Middleton, Keith Roberts, Rachel M. Brown, Paul Moss	University Hospitals Birmingham NHS Foundation Trust, Queen Elizabeth Hospital Birmingham, The Francis Crick Institute, University of Birmingham, Institute of Immunology	Unknown Journal	https://doi.org/10.7554/elife.86125.sa2	0	peer-review	True	Pancreatic and Hepatic Oncology Research	False	True	False
Blind Spots in HLA Class II Detection Generate Challenges for Antibody and RNA-based Assays	2025-12-05	Joey Lockhart, Connor Lantz, Anat R. Tambur	Northwestern University	Transplantation	https://doi.org/10.1097/tp.0000000000005592	0	article	True	Unknown	False	False	False
Spatial transcriptomics in epilepsy research: Early successes, opportunities, and challenges	2026-01-03	Donald J. Phillips, Autumn S. Ivy, Samuel Guzman, Saman Hazany, X Xu	University of California, Irvine, VA Greater Los Angeles Healthcare System, University of California, Los Angeles, Children's Hospital of Orange County, Johns Hopkins Medicine, Keck Hospital of USC, Kennedy Krieger Institute, Johns Hopkins University, University of Colorado Anschutz Medical Campus	Epilepsia	https://doi.org/10.1002/epi.70079	0	article	True	Single-cell and spatial transcriptomics	False	False	False
The Impact of Tumor-Infiltrating B Cells in Lung Adenocarcinoma	2023-01-20	Lindsey Nolen		Oncology Times	https://doi.org/10.1097/01.cot.0000918300.99901.f5	0	article	False	Cancer Immunotherapy and Biomarkers	False	True	False
labsyspharm/CRC_atlas_2022	2023-01-19	Jia‐Ren Lin, Shu Wang, Shannon Coy, Yu‐An Chen, Clarence Yapp, Madison Tyler, Maulik K. Nariya, Cody N. Heiser, Ken S. Lau, Sandro Santagata, Peter K. Sorger		Zenodo (CERN European Organization for Nuclear Research)	https://doi.org/10.5281/zenodo.7506942	0	dataset	True	Radiomics and Machine Learning in Medical Imaging	False	True	False
labsyspharm/CRC_atlas_2022	2023-01-19	Jia‐Ren Lin, Shu Wang, Shannon Coy, Yu‐An Chen, Clarence Yapp, Madison Tyler, Maulik K. Nariya, Cody N. Heiser, Ken S. Lau, Sandro Santagata, Peter K. Sorger		Zenodo (CERN European Organization for Nuclear Research)	https://doi.org/10.5281/zenodo.7554924	0	dataset	True	Radiomics and Machine Learning in Medical Imaging	False	True	False
Decision letter: Treatment with tumor-treating fields (TTFields) suppresses intercellular tunneling nanotube formation in vitro and upregulates immuno-oncologic biomarkers in vivo in malignant mesothelioma	2023-02-21			Unknown Journal	https://doi.org/10.7554/elife.85383.sa1	0	peer-review	True	Molecular Communication and Nanonetworks	False	False	False
Author response: Treatment with tumor-treating fields (TTFields) suppresses intercellular tunneling nanotube formation in vitro and upregulates immuno-oncologic biomarkers in vivo in malignant mesothelioma	2023-07-06	Akshat Sarkari, Sophie Korenfeld, Karina Deniz, Katherine J. Ladner, Phillip Wong, Sanyukta Padmanabhan, Rachel I. Vogel, Laura A Sherer, Naomi Courtemanche, Clifford J. Steer, Kerem Wainer-Katsir, Emil Lou	University of Minnesota, Novocure (United States), Integra (United States)	Unknown Journal	https://doi.org/10.7554/elife.85383.sa2	0	peer-review	True	Molecular Communication and Nanonetworks	False	False	False
Editor's evaluation: Treatment with tumor-treating fields (TTFields) suppresses intercellular tunneling nanotube formation in vitro and upregulates immuno-oncologic biomarkers in vivo in malignant mesothelioma	2023-02-21	Sean Lawler	John Brown University	Unknown Journal	https://doi.org/10.7554/elife.85383.sa0	0	peer-review	True	Graphene and Nanomaterials Applications	False	False	False
