OpenAlex_ID	Title	Publication Date	Authors	Institutions	Journal	DOI	Cited By	Type	Open Access	Primary Topic	Subfield	Field	Domain	All Topics	Has_CellScape	Has_CosMx	Has_GeoMx	Has_AtoMx	Has_nCounter
W4302362633	High-plex imaging of RNA and proteins at subcellular resolution in fixed tissue by spatial molecular imaging	2022-10-06	Shanshan He, Ruchir Bhatt, Carl Brown, Emily  A. Brown, Derek L. Buhr, Kan Chantranuvatana, Patrick J. Danaher, Dwayne L. Dunaway, Ryan G. Garrison, Gary K. Geiss, Mark Gregory, Margaret L. Hoang, Rustem Khafizov, Emily E. Killingbeck, Dae Joon Kim, Tae Kyoung Kim, Young‐Mi Kim, Andrew Klock, Mithra Korukonda, Alecksandr J. Kutchma, Zachary Lewis, Yan Mei Liang, Jeffrey S. Nelson, Giang T. Ong, Evan P. Perillo, Joseph C. Phan, Tien Phan-Everson, Erin Piazza, Tushar D. Rane, Zachary Reitz, Michael J.C. Rhodes, Alyssa B. Rosenbloom, David Ross, Hiromi Sato, Aster W. Wardhani, Corey A. Williams-Wietzikoski, Lidan Wu, Joseph Beechem	Nanostring Technologies (United States)	Nature Biotechnology	https://doi.org/10.1038/s41587-022-01483-z	844	article	False	Single-cell and spatial transcriptomics	Molecular Biology	Biochemistry, Genetics and Molecular Biology	Life Sciences	Single-cell and spatial transcriptomics; Molecular Biology Techniques and Applications; Advanced Fluorescence Microscopy Techniques	False	True	False	False	False
W4385295765	Macrophage and neutrophil heterogeneity at single-cell spatial resolution in human inflammatory bowel disease	2023-07-26	Alba Garrido-Trigo, Ana Maria Corraliza, Marisol Veny, Isabella Dotti, Elisa Melón-Ardanaz, Aina Rill, Helena Lucia Crowell, Angel Luis Corbí, Victòria Gudiño, Míriam Esteller, Iris Teubel, Daniel Aguilar, Maria Carme Masamunt, Emily E. Killingbeck, Young‐Mi Kim, Michael Leon, Sudha Visvanathan, Doménica Marchese, Ginevra Caratù, Albert Martín‐Cardona, María Esteve, Íngrid Ordás, Julián Panés, Elena Ricart, Elisabetta Mereu, Holger Heyn, Azucena Salas	Centro de Investigación Biomédica en Red de Enfermedades Hepáticas y Digestivas, Universitat de Barcelona, University of Zurich, Barcelona Institute of Science and Technology, Centre for Genomic Regulation, SIB Swiss Institute of Bioinformatics, Josep Carreras Leukaemia Research Institute, Nanostring Technologies (United States), Consorci Institut D'Investigacions Biomediques August Pi I Sunyer, Consejo Superior de Investigaciones Científicas, University Hospital Mútua de Terrassa, Mútua Terrassa, Universitat Pompeu Fabra, Hospital Clínic de Barcelona, Boehringer Ingelheim (United States)	Nature Communications	https://doi.org/10.1038/s41467-023-40156-6	330	article	True	Single-cell and spatial transcriptomics	Molecular Biology	Biochemistry, Genetics and Molecular Biology	Life Sciences	Single-cell and spatial transcriptomics; Inflammatory Bowel Disease; Immune responses and vaccinations	False	True	True	False	False
W4400956442	Single-cell multi-omic and spatial profiling of human kidneys implicates the fibrotic microenvironment in kidney disease progression	2024-07-24	Amin Abedini, Jonathan L. Levinsohn, Konstantin A. Klötzer, Bernhard Dumoulin, Ziyuan Ma, Julia Frederick, Poonam Dhillon, Michael S. Balzer, Rojesh Shrestha, Hongbo Liu, Steven Vitale, Andi M. Bergeson, Kishor B. Devalaraja-Narashimha, Paola Grandi, Tanmoy Bhattacharyya, Erding Hu, Steven S. Pullen, Carine M. Boustany‐Kari, Paolo Guarnieri, Anil K. Karihaloo, Daniel Traum, Hanying Yan, Kyle Coleman, Matthew R. Palmer, Lea Sarov‐Blat, Lori G. Morton, Christopher A. Hunter, Klaus H. Kaestner, Mingyao Li, Katalin Suszták	GlaxoSmithKline (United States), Children's Hospital of Philadelphia, GlaxoSmithKline (Germany), University of Pennsylvania, Regeneron (United States), Charité - Universitätsmedizin Berlin, Boehringer Ingelheim (United States)	Nature Genetics	https://doi.org/10.1038/s41588-024-01802-x	190	article	True	Single-cell and spatial transcriptomics	Molecular Biology	Biochemistry, Genetics and Molecular Biology	Life Sciences	Single-cell and spatial transcriptomics; Renal and Vascular Pathologies; Health, Environment, Cognitive Aging	False	True	False	False	False
W4393858351	Spatial transcriptomics reveals discrete tumour microenvironments and autocrine loops within ovarian cancer subclones	2024-04-03	Елена Дмитриевна Денисенко, Leanne de Kock, Adeline L. Y. Tan, Aaron B. Beasley, Maria Beilin, Matthew E. Jones, Rui Hou, Dáithí Ó Muirí, Sanela Bilic, G. Raj K. A. Mohan, Stuart G. Salfinger, Simon A. Fox, Khaing Pann Witt Hmon, Yen Ling Yeow, Youngmi Kim, Rhea John, Tami S. Gilderman, Emily E. Killingbeck, Elin Solomonovna Gray, Paul Andrew Cohen, Yu Yu, Alistair R. R. Forrest	The University of Western Australia, Curtin University, Queen Elizabeth II Medical Centre, Nanostring Technologies (United States), Harry Perkins Institute of Medical Research, Children's Hospital of Eastern Ontario, Edith Cowan University, The University of Notre Dame Australia, St John of God Subiaco Hospital	Nature Communications	https://doi.org/10.1038/s41467-024-47271-y	158	article	True	Single-cell and spatial transcriptomics	Molecular Biology	Biochemistry, Genetics and Molecular Biology	Life Sciences	Single-cell and spatial transcriptomics; Cancer Genomics and Diagnostics; Cancer-related molecular mechanisms research	False	True	False	False	False
W4399167645	Microglia-astrocyte crosstalk in the amyloid plaque niche of an Alzheimer’s disease mouse model, as revealed by spatial transcriptomics	2024-05-30	Anna Mallach, Magdalena Zielonka, Veerle van Lieshout, Yanru An, Jia Hui Khoo, Marisa Vanheusden, Wei-Ting Chen, Daan Moechars, I. Lorena Arancibia‐Cárcamo, Mark W. E. J. Fiers, Bart De Strooper	VIB-KU Leuven Center for Brain & Disease Research, KU Leuven, The Francis Crick Institute, UK Dementia Research Institute, University College London	Cell Reports	https://doi.org/10.1016/j.celrep.2024.114216	135	article	True	Neuroinflammation and Neurodegeneration Mechanisms	Neurology	Neuroscience	Life Sciences	Neuroinflammation and Neurodegeneration Mechanisms; Single-cell and spatial transcriptomics; Immune cells in cancer	False	True	False	False	False
W4389722402	A Comparative Analysis of Imaging-Based Spatial Transcriptomics Platforms	2023-12-14	David P. Cook, Kirk B. Jensen, Kellie Wise, Michael J. Roach, Felipe Segato Dezem, Natalie K. Ryan, Michel Zamojski, Ioannis S. Vlachos, Simon Knott, Lisa M. Butler, Jeffrey L. Wrana, Nicholas E. Banovich, Jasmine Plummer, Luciano Gastón Martelotto	Cedars-Sinai Medical Center, Translational Genomics Research Institute, AGRF Ltd, St. Jude Children's Research Hospital, Beth Israel Deaconess Medical Center, South Australian Health and Medical Research Institute, Lunenfeld-Tanenbaum Research Institute, The University of Adelaide, Broad Institute, Harvard University, University of Toronto	bioRxiv (Cold Spring Harbor Laboratory)	https://doi.org/10.1101/2023.12.13.571385	73	preprint	True	Single-cell and spatial transcriptomics	Molecular Biology	Biochemistry, Genetics and Molecular Biology	Life Sciences	Single-cell and spatial transcriptomics; Molecular Biology Techniques and Applications; Extracellular vesicles in disease	False	True	False	False	False
W4312094047	spaCI: deciphering spatial cellular communications through adaptive graph model	2022-11-21	Ziyang Tang, Tonglin Zhang, Baijian Yang, Jing Su, Qianqian Song	Wake Forest Baptist Comprehensive Cancer Center, Wake Forest University, Wake Forest University Health Sciences, Atrium Health Wake Forest Baptist, Indiana University School of Medicine, Purdue University West Lafayette	Briefings in Bioinformatics	https://doi.org/10.1093/bib/bbac563	79	article	True	Advanced MIMO Systems Optimization	Electrical and Electronic Engineering	Engineering	Physical Sciences	Advanced MIMO Systems Optimization; Opportunistic and Delay-Tolerant Networks; Cooperative Communication and Network Coding	False	True	False	False	False
W4416410593	Systematic benchmarking of imaging spatial transcriptomics platforms in FFPE tissues	2025-11-20	Huan Wang, Ruixu Huang, Jack Nelson, Ce Gao, Miles Tran, Anna H. Yeaton, Sachi Krishna, Kristen D. Felt, Kathleen Lindahl Pfaff, Teri J. Bowman, Scott J. Rodig, Kevin S. Wei, Brittany A. Goods, Samouil L. Farhi	Massachusetts Institute of Technology, Dartmouth College, Dana-Farber Cancer Institute, Harvard University, Brigham and Women's Hospital, Broad Institute, Immunai (United States), Dana-Farber Brigham Cancer Center	Nature Communications	https://doi.org/10.1038/s41467-025-64990-y	36	article	True	Single-cell and spatial transcriptomics	Molecular Biology	Biochemistry, Genetics and Molecular Biology	Life Sciences	Single-cell and spatial transcriptomics; Cell Image Analysis Techniques; Gene expression and cancer classification	False	True	False	False	False
W4200362915	High-plex Multiomic Analysis in FFPE at Subcellular Level by Spatial Molecular Imaging	2021-11-04	Shanshan He, Ruchir Bhatt, Carl Brown, Emily  A. Brown, Derek L. Buhr, Kan Chantranuvatana, Patrick J. Danaher, Dwayne L. Dunaway, Ryan G. Garrison, Gary K. Geiss, Mark Gregory, Margaret L. Hoang, Rustem Khafizov, Emily E. Killingbeck, Dae Joon Kim, Tae Kyoung Kim, Youngmi Kim, Andrew Klock, Mithra Korukonda, Alecksandr J. Kutchma, Zachary Lewis, Yan Mei Liang, Jeffrey S. Nelson, Giang T. Ong, Evan P. Perillo, Joseph C. Phan, Tien Phan-Everson, Erin Piazza, Tushar D. Rane, Zachary Reitz, Michael J.C. Rhodes, Alyssa B. Rosenbloom, David Ross, Hiromi Sato, Aster W. Wardhani, Corey A. Williams-Wietzikoski, Lidan Wu, Joseph Beechem	Nanostring Technologies (United States)	bioRxiv (Cold Spring Harbor Laboratory)	https://doi.org/10.1101/2021.11.03.467020	75	preprint	True	Single-cell and spatial transcriptomics	Molecular Biology	Biochemistry, Genetics and Molecular Biology	Life Sciences	Single-cell and spatial transcriptomics; Molecular Biology Techniques and Applications; Advanced Fluorescence Microscopy Techniques	False	True	False	False	False
W4399467638	Spatial transcriptomics in cancer research and potential clinical impact: a narrative review	2024-06-08	Michael A. Cilento, Christopher J. Sweeney, Lisa M. Butler	South Australian Health and Medical Research Institute, Queen Elizabeth Hospital, The University of Adelaide	Journal of Cancer Research and Clinical Oncology	https://doi.org/10.1007/s00432-024-05816-0	72	review	True	Single-cell and spatial transcriptomics	Molecular Biology	Biochemistry, Genetics and Molecular Biology	Life Sciences	Single-cell and spatial transcriptomics; Cancer Genomics and Diagnostics; Molecular Biology Techniques and Applications	False	True	True	False	False
W4415308605	Systematic benchmarking of high-throughput subcellular spatial transcriptomics platforms across human tumors	2025-10-17	Pengfei Ren, Rui Zhang, Yunfeng Wang, Peng Zhang, Ce Luo, Suyan Wang, Xiaohong Li, Zongxu Zhang, Zongxu Zhang, Yanping Zhao, Yufeng He, Haorui Zhang, Yufeng Li, Zhidong Gao, Xiuping Zhang, Yahui Zhao, Zhihua Liu, Yuanguang Meng, Zexian Zeng, Zheng Zhang, Zexian Zeng	Peking University, State Key Laboratory of Molecular Oncology, Peking University People's Hospital, Chinese PLA General Hospital, Chinese Academy of Medical Sciences & Peking Union Medical College, Tsinghua University, Center for Life Sciences, Chinese People's Liberation Army	Nature Communications	https://doi.org/10.1038/s41467-025-64292-3	69	article	True	Single-cell and spatial transcriptomics	Molecular Biology	Biochemistry, Genetics and Molecular Biology	Life Sciences	Single-cell and spatial transcriptomics; Molecular Biology Techniques and Applications; RNA modifications and cancer	False	True	False	False	False
W4414556954	Comparison of imaging based single-cell resolution spatial transcriptomics profiling platforms using formalin-fixed paraffin-embedded tumor samples	2025-09-26	Nejla Ozirmak Lermi, Max Molina Ayala, Sharia D. Hernandez, Wei Lu, Khaja B. Khan, Alejandra G. Serrano, Idania Carolina Lubo Julio, Leticia Hamana, Katarzyna J. Tomczak, Sean Barnes, Jinzhuang Dou, Qingnan Liang, RTI Team, Ahmed Al-Rawi, Claudio A. Arrechedera, Kimberly S. Ayers, Claudia Bedoya, Elizabeth M. Burton, Connie A. Chon, Randy Aaron Chu, Shadarra D. Crosby, Jonathan Do, Cibelle Freitas Pinto Lima, Fu Szu-Chin, Andy Futreal, Ana Lineth García, Celia Garica-Prieto, Swati Gite, Curtis E. Gumbs, Kristin J. Hargraves, Meng He, Chacha Horombe, Heladio P. Ibarguen, Stacy Jackson, Jeena J. Jacob, Isha Khanduri, Walter K. Kinyua, Mark Knafl, Wenhua Lang, Latasha Little, Saradhi Mallampati, Mary GT Mendoza, Funda Meric‐Bernstam, Mohammad M. Mohammad, Mario Luiz Marques Piubelli, Sabitha Prabhakaran, Kenna R Mills Shaw, Xiaofei Song, Sandesh Subramanya, Baohua Sun, Shumaila Virani, Wanlin Wang, Scott Eric Woodman, Mingchu Xu, Jianhua Zhang, Qingxiu C. Zhang, Shanyu Zhang, Maria Gabriela Raso, Ximing Tang, Mei Jiang, Beatriz Sánchez‐Espiridión, Annikka Weissferdt, John Victor Heymach, Jianjun J. Zhang, Boris Sepesi, Tina Cascone, Anne S. Tsao, Mehmet Altan, Reza John Mehran, Don Lynn Gibbons, Ignacio Wistuba, Cara Haymaker, Ken Chen, Luisa M. Solis Soto	The University of Texas MD Anderson Cancer Center	Nature Communications	https://doi.org/10.1038/s41467-025-63414-1	32	article	True	Single-cell and spatial transcriptomics	Molecular Biology	Biochemistry, Genetics and Molecular Biology	Life Sciences	Single-cell and spatial transcriptomics; Immune cells in cancer; Biosensors and Analytical Detection	False	True	True	False	False
W4399535153	Sopa: a technology-invariant pipeline for analyses of image-based spatial omics	2024-06-11	Quentin Blampey, Kevin Mulder, Margaux Gardet, Stergios Christodoulidis, Charles‐Antoine Dutertre, Fabrice André, Florent Ginhoux, Paul-Henry Cournède	CentraleSupélec, Université Paris-Saclay, Institut Gustave Roussy, Fondation Gustave Roussy	Nature Communications	https://doi.org/10.1038/s41467-024-48981-z	54	article	True	Single-cell and spatial transcriptomics	Molecular Biology	Biochemistry, Genetics and Molecular Biology	Life Sciences	Single-cell and spatial transcriptomics; Cell Image Analysis Techniques; Bioinformatics and Genomic Networks	False	True	False	False	False
W4388409309	Spatial architecture of high-grade glioma reveals tumor heterogeneity within distinct domains	2023-01-01	Joel J D Moffet, Ebenezer O. Fatunla, Lutz Freytag, Jurgen Kriel, Jordan Jones, Samuel J. Roberts-Thomson, Anna Pavenko, David Scoville, Liang N. Zhang, Yan Mei Liang, Andrew P. Morokoff, James Richard Whittle, Saskia Freytag, Sarah A. Best	Peter MacCallum Cancer Centre, The University of Melbourne, The Royal Melbourne Hospital, Nanostring Technologies (United States), Walter and Eliza Hall Institute of Medical Research	Neuro-Oncology Advances	https://doi.org/10.1093/noajnl/vdad142	57	article	True	Glioma Diagnosis and Treatment	Genetics	Medicine	Health Sciences	Glioma Diagnosis and Treatment; Mathematical Biology Tumor Growth; Single-cell and spatial transcriptomics	False	True	True	False	False
W4402171757	Mapping cellular interactions from spatially resolved transcriptomics data	2024-09-03	James J. Zhu, Yunguan Wang, Woo Yong Chang, Alicia Malewska, Fabiana Napolitano, Jeffrey C. Gahan, Nisha Unni, Min Zhao, Rongqing Yuan, Fangjiang Wu, Lauren Yue, Lei Ming Guo, Zhuo Zhao, Danny Z. Chen, Raquibul Hannan, Siyuan Zhang, Guanghua Xiao, Ping Mu, Ariella B. Hanker, Douglas W. Strand, Carlos L. Arteaga, Neil Bipinchandra Desai, Xinlei Wang, Yang  Jin Xie, Tao Wang	The University of Texas at Arlington, The University of Texas Southwestern Medical Center, Cincinnati Children's Hospital Medical Center, Harold C. Simmons Comprehensive Cancer Center, University of Notre Dame, University of Cincinnati	Nature Methods	https://doi.org/10.1038/s41592-024-02408-1	65	article	False	Single-cell and spatial transcriptomics	Molecular Biology	Biochemistry, Genetics and Molecular Biology	Life Sciences	Single-cell and spatial transcriptomics; Cell Image Analysis Techniques; Gene expression and cancer classification	False	True	False	False	False
W4382776828	Trackable Intratumor Microdosing and Spatial Profiling Provide Early Insights into Activity of Investigational Agents in the Intact Tumor Microenvironment	2023-06-30	Jonathan M.J. Derry, Connor Burns, Jason P. Frazier, Emily Beirne, Marc O. Grenley, Christopher C. DuFort, Emily E. Killingbeck, Michael Leon, Claire Williams, Mark Gregory, Jeffrey J. Houlton, Daniel R. Clayburgh, Paul Loren Swiecicki, Dennis Huszar, Allison Berger, Richard A. Klinghoffer	University of Washington, Takeda (United States), University of Michigan, Nanostring Technologies (United States), Oregon Health & Science University, Presage Biosciences (United States)	Clinical Cancer Research	https://doi.org/10.1158/1078-0432.ccr-23-0827	26	article	True	interferon and immune responses	Immunology	Immunology and Microbiology	Life Sciences	interferon and immune responses; Immune cells in cancer; Ferroptosis and cancer prognosis	False	True	True	False	False
W4307514733	Spatially resolved human kidney multi-omics single cell atlas highlights the key role of the fibrotic microenvironment in kidney disease progression	2022-10-26	Amin Abedini, Jonathan L. Levinsohn, Konstantin A. Klötzer, Bernhard Dumoulin, Ziyuan Ma, Julia Frederick, Poonam Dhillon, Michael S. Balzer, Rojesh Shrestha, Hongbo Liu, Steven Vitale, Kishor B. Devalaraja-Narashimha, Paola Grandi, Tanmoy Bhattacharyya, Erding Hu, Steven S. Pullen, Carine M. Boustany‐Kari, Paolo Guarnieri, Anil K. Karihaloo, Daniel Traum, Hanying Yan, Kyle Coleman, Matthew R. Palmer, Lea Sarov‐Blat, Lori G. Morton, Christopher A. Hunter, Klaus H. Kaestner, Mingyao Li, Katalin Suszták	GlaxoSmithKline (United States), GlaxoSmithKline (Germany), University of Pennsylvania, Regeneron (United States), Novo Nordisk (United States), Boehringer Ingelheim (United States)	bioRxiv (Cold Spring Harbor Laboratory)	https://doi.org/10.1101/2022.10.24.513598	43	preprint	True	Single-cell and spatial transcriptomics	Molecular Biology	Biochemistry, Genetics and Molecular Biology	Life Sciences	Single-cell and spatial transcriptomics; Renal and Vascular Pathologies; Health, Environment, Cognitive Aging	False	True	False	False	False
W4387381575	SpaRx: elucidate single-cell spatial heterogeneity of drug responses for personalized treatment	2023-09-22	Ziyang Tang, Xiang Liu, Zuotian Li, Tonglin Zhang, Baijian Yang, Jing Su, Qianqian Song	Wake Forest University, University of Florida, Purdue University West Lafayette, Indiana University School of Medicine	Briefings in Bioinformatics	https://doi.org/10.1093/bib/bbad338	41	article	True	Single-cell and spatial transcriptomics	Molecular Biology	Biochemistry, Genetics and Molecular Biology	Life Sciences	Single-cell and spatial transcriptomics; Immune cells in cancer; Cancer Genomics and Diagnostics	False	True	False	False	False
W4362524568	Abstract 6765: Spatial insights into tumor immune evasion illuminated with 1000-plex RNA profiling with CosMx Spatial Molecular Imager	2023-04-04	Claire Michelle Williams, Jason Reeves, Patrick J. Danaher, Shanshan He, Sean T. Kim, Michael J. Patrick, Julian Preciado, Mark Gregory, Zach Reitz, Justin Jenkins, Rachel Liu, Sarah R. Murphy, Christine Kang, Byron H. Hartman, Vikram Devgan, Michael J.C. Rhodes, Joseph Beechem	Nanostring Technologies (United States)	Cancer Research	https://doi.org/10.1158/1538-7445.am2023-6765	8	conference-abstract	False	Single-cell and spatial transcriptomics	Molecular Biology	Biochemistry, Genetics and Molecular Biology	Life Sciences	Single-cell and spatial transcriptomics; Nanoplatforms for cancer theranostics; Immune cells in cancer	False	True	False	False	False
W4398160694	Benchmarking of spatial transcriptomics platforms across six cancer types	2024-05-21	Sergi Cervilla, Daniela Grases, Elena Pérez, Francisco X. Real, Eva Musulén, Julieta Aprea, Manel Esteller, Eduard Porta‐Pardo	Josep Carreras Leukaemia Research Institute, Spanish National Cancer Research Centre	bioRxiv (Cold Spring Harbor Laboratory)	https://doi.org/10.1101/2024.05.21.593407	27	preprint	True	Molecular Biology Techniques and Applications	Molecular Biology	Biochemistry, Genetics and Molecular Biology	Life Sciences	Molecular Biology Techniques and Applications	False	True	False	False	False
W4282983793	Abstract 3878: Subcellular characterization of over 100 proteins in FFPE tumor biopsies with CosMx Spatial Molecular Imager	2022-06-15	Zachary Lewis, Tien Phan-Everson, Gary K. Geiss, Mithra Korukonda, Ruchir Bhatt, Carl Brown, Dwayne L. Dunaway, Joseph C. Phan, Alyssa B. Rosenbloom, Brian Filanoski, Rhonda K. Meredith, Kan Chantranuvatana, Yan Liang, Emily  A. Brown, Brian Birditt, Giang T. Ong, Hye Son Yi, Erin Piazza, Vikram Devgan, Nicole Ortogero, Patrick J. Danaher, Sarah E. Warren, Michael J.C. Rhodes, Joseph Beechem	Nanostring Technologies (United States)	Cancer Research	https://doi.org/10.1158/1538-7445.am2022-3878	6	conference-abstract	False	Single-cell and spatial transcriptomics	Molecular Biology	Biochemistry, Genetics and Molecular Biology	Life Sciences	Single-cell and spatial transcriptomics; Advanced Biosensing Techniques and Applications; Cell Image Analysis Techniques	False	True	False	False	False
W4390195487	A complete pipeline for high‐plex spatial proteomic profiling and analysis of neural cell phenotypes on the CosMx™ Spatial Molecular Imager and AtoMx™ Spatial Informatics Platform	2023-12-01	Alyssa B. Rosenbloom, Shilah A. Bonnett, Mark Conner, Tien Phan-Everson, Zachary Lewis, Giang T. Ong, Yan Liang, Emily  A. Brown, Liuliu Pan, Aster W. Wardhani, Mithra Korukonda, Carl Brown, Dwayne L. Dunaway, Edward J. Zhao, Dan McGuire, Sangsoon Woo, Brian Filanoski, Rhonda K. Meredith, Kan Chantranuvatana, Brian Birditt, Hye Son Yi, Erin Piazza, Jason Reeves, Christine Kang, Gary K. Geiss, Joseph Beechem	Nanostring Technologies (United States)	Alzheimer s & Dementia	https://doi.org/10.1002/alz.076665	5	article	True	Single-cell and spatial transcriptomics	Molecular Biology	Biochemistry, Genetics and Molecular Biology	Life Sciences	Single-cell and spatial transcriptomics; Cell Image Analysis Techniques; Neuroinflammation and Neurodegeneration Mechanisms	False	True	False	False	False
W4416943551	Standardized metrics for assessment and reproducibility of imaging-based spatial transcriptomics datasets	2025-12-03	Jasmine Plummer, Felipe Segato Dezem, David P. Cook, Jiwoon Park, Luke Zhang, Yutian Liu, Maycon Marção, Hannah DuBose, Wani Arjumand, Kellie Wise, Michael J. Roach, Kate Harvey, Taopeng Wang, Kirk B. Jensen, Natalia S. Morosini, Roberto De Gregorio, Alicia Alonso, Shauna Lee Houlihan, Robert E. Schwartz, Erika Marie. Hissong, Catherine Snopkowski, Jeffrey L. Wrana, Natalie K. Ryan, Lisa M. Butler, George Church, Alexander Swarbrick, Christopher E. Mason, Luciano Gastón Martelotto	Garvan Institute of Medical Research, Memorial Sloan Kettering Cancer Center, Wyss Institute for Biologically Inspired Engineering, University of Ottawa, UNSW Sydney, Ottawa Hospital Research Institute, St. Jude Children's Research Hospital, AGRF Ltd, South Australian Health and Medical Research Institute, Lunenfeld-Tanenbaum Research Institute, Harvard University, Weill Cornell Medicine, The University of Adelaide, University of Toronto	Nature Biotechnology	https://doi.org/10.1038/s41587-025-02811-9	27	article	True	Single-cell and spatial transcriptomics	Molecular Biology	Biochemistry, Genetics and Molecular Biology	Life Sciences	Single-cell and spatial transcriptomics; Cell Image Analysis Techniques; Gene expression and cancer classification	False	True	False	False	False
W4413440711	Spatial transcriptomics elucidates localized immune responses in atherosclerotic coronary artery	2025-08-22	Joana Campos, Jack L. McMurray, Michelangelo Certo, Ketaki Hardikar, Christopher Ian Morse, C. Russell Corfield, Bettina M. Weigand, Kun Yang, Mohsen Shoaran, Thomas D. Otto, Desley Neil, Pasquale Maffia, Claudio Mauro	University of Glasgow, University Hospitals Birmingham NHS Foundation Trust, Federico II University Hospital, University of Birmingham, Laboratory of Pathogens and Host Immunity, Université de Montpellier, Centre National de la Recherche Scientifique, Inserm, University of Naples Federico II	EMBO Molecular Medicine	https://doi.org/10.1038/s44321-025-00280-w	14	article	True	Atherosclerosis and Cardiovascular Diseases	Immunology	Immunology and Microbiology	Life Sciences	Atherosclerosis and Cardiovascular Diseases; Single-cell and spatial transcriptomics; T-cell and B-cell Immunology	False	True	True	False	False
W4409149530	SpaGRN: Investigating spatially informed regulatory paths for spatially resolved transcriptomics data	2025-04-01	Yao Li, Xiaobin Liu, Lidong Guo, Kai Han, Shuangsang Fang, Xinjiang Wan, Dantong Wang, Xun Xu, Ling Jiang, Guangyi Fan, Mengyang Xu	BGI Research, Sanya, University of Chinese Academy of Sciences, Chinese Academy of Sciences, Institute of Oceanology, BGI Research, BGI Group (China), BGI Research, Wuhan, State Key Laboratory of Materials-Oriented Chemical Engineering, Nanjing Tech University	Cell Systems	https://doi.org/10.1016/j.cels.2025.101243	15	article	False	Single-cell and spatial transcriptomics	Molecular Biology	Biochemistry, Genetics and Molecular Biology	Life Sciences	Single-cell and spatial transcriptomics; Gene Regulatory Network Analysis; Gene expression and cancer classification	False	True	False	False	False
W4404869328	NoButter: An R package for reducing transcript dispersion in CosMx Spatial Molecular Imaging Data	2024-11-28	Beibhinn O'Hora, Roman Laddach, Rosamond A. Nuamah, Elena Alberts, Isobelle Wall, Joseph A. Bell, David Annandale Johnston, Sonya James, Jeanette Norman, Mark G. Jones, Ciro Chiappini, Anita Grigoriadis, Jelmar Quist	London Centre for Nanotechnology, The Francis Crick Institute, NIHR Southampton Biomedical Research Centre, University of Southampton, Breast Cancer Now, King's College London	bioRxiv (Cold Spring Harbor Laboratory)	https://doi.org/10.1101/2024.11.25.625243	2	preprint	True	Molecular Biology Techniques and Applications	Molecular Biology	Biochemistry, Genetics and Molecular Biology	Life Sciences	Molecular Biology Techniques and Applications; Gene expression and cancer classification; RNA modifications and cancer	False	True	False	False	False
W7203453506	Raw morphology images for mouse upper urinary tract CosMx SMI (20250410TMA1) — linked to GEO GSE342118	2025-04-10	Yuki Horibe, Atsunari Kawashima	The University of Osaka	Zenodo (CERN European Organization for Nuclear Research)	https://doi.org/10.5281/zenodo.21913726	2	other	True	Unknown	Unknown	Unknown	Unknown	Unknown	False	True	False	False	False
W7156319107	Spatial transcriptomics atlas of inflammatory bowel disease to guide implementation in research consortiums and clinical trials	2026-04-28	Yiming Li, Cenfu Wei, Wenjing Yang, Hai Wang, Alan Robinson, Isabella Marie Peshek, Tianming Yu, Jiwoon Park, Jenny Yanyi Ding, Stephen B. Hanauer, Emanuelle Bellaguarda, Laura H. Yun, Ronen Sumagin, Guang‐Yu Yang, Christopher E. Mason, James D. Lewis, Deyu Fang, Yingzi Cong, Yuan Luo, Parambir Singh Dulai	Northwestern Medicine, University of Pennsylvania, Weill Cornell Medicine, Northwestern University	Nature Communications	https://doi.org/10.1038/s41467-026-72482-w	6	article	True	Single-cell and spatial transcriptomics	Molecular Biology	Biochemistry, Genetics and Molecular Biology	Life Sciences	Single-cell and spatial transcriptomics; Inflammatory Bowel Disease; Immune responses and vaccinations	False	True	False	False	False
W4408911891	SIMVI disentangles intrinsic and spatial-induced cellular states in spatial omics data	2025-03-27	Mingze Dong, David G. Su, Harriet M. Kluger, Rong Liang Fan, Yuval Kluger	Yale University, Yale Cancer Center	Nature Communications	https://doi.org/10.1038/s41467-025-58089-7	18	article	True	Single-cell and spatial transcriptomics	Molecular Biology	Biochemistry, Genetics and Molecular Biology	Life Sciences	Single-cell and spatial transcriptomics; Health, Environment, Cognitive Aging	False	True	False	False	False
W7116976300	A technical comparison of spatial transcriptomics platforms across six cancer types - Xenium & CosMx	2026-01-01	Sergi Cervilla, Daniela Grases Mendoza, Eduard Porta‐Pardo	Josep Carreras Leukaemia Research Institute, Barcelona Supercomputing Center	Zenodo (CERN European Organization for Nuclear Research)	https://doi.org/10.5281/zenodo.17986017	1	dataset	True	Unknown	Unknown	Unknown	Unknown	Unknown	False	True	False	False	False
W4403217856	Single cell spatial profiling of FFPE splenic tissue from a humanized mouse model of HIV infection	2024-10-08	Guoxin Wu, Samuel H. Keller, Luca Sardo, Brian C. Magliaro, Paul D. Zuck, Carl J. Balibar, Claire Williams, Liuliu Pan, Mark Gregory, Kathy Ton, Jill W. Maxwell, Carol A. Cheney, Tom Rush, Bonnie J. Howell	Nanostring Technologies (United States), Merck & Co., Inc., Rahway, NJ, USA (United States)	Biomarker Research	https://doi.org/10.1186/s40364-024-00658-x	7	article	True	HIV Research and Treatment	Virology	Immunology and Microbiology	Life Sciences	HIV Research and Treatment; Single-cell and spatial transcriptomics; Immune cells in cancer	False	True	False	False	False
W4405529280	Spatial transcriptome profiling identifies DTX3L and BST2 as key biomarkers in esophageal squamous cell carcinoma tumorigenesis	2024-12-18	Rutao Li, Na Li, Qianqian Yang, Xing Tong, Wei J. Wang, Chang Li, Jun Zhao, Dong Jiang, Haitao Huang, Fang Chen, Kai Xie, Jiamin Yuan, Shaomu Chen, Guangbin Li, Haitao Luo, Zhibo Gao, Dongfang Wu, Xiaoli Cui, Wei Jiang, Lingchuan Guo, Haitao Ma, Yu Feng	Soochow University, The Fourth Affiliated Hospital of Soochow University (Suzhou Dushu Lake Hospital), First Affiliated Hospital of Soochow University	Genome Medicine	https://doi.org/10.1186/s13073-024-01422-4	28	article	True	Macrophage Migration Inhibitory Factor	Immunology	Immunology and Microbiology	Life Sciences	Macrophage Migration Inhibitory Factor; Immune cells in cancer; Esophageal Cancer Research and Treatment	False	True	False	False	False
W4409656197	AI-based phenotyping of hepatic fiber morphology to inform molecular alterations in metabolic dysfunction–associated steatotic liver disease	2025-04-22	Naoto Fujiwara, Yuki Matsushita, Mina Tempaku, Yutaro Tachi, Genki Kimura, Kiyora Izuoka, Yuki Hayata, Satoshi Kawamura, Akiko E. Eguchi, Takuma Nakatsuka, Masaya Sato, Atsushi Ono, Eisuke Murakami, Masataka Tsuge, Shiro Oka, Akinobu Hayashi, YOSHIFUMI S. HIROKAWA, Masatoshi Watanabe, Neehar D. Parikh, Amit G. Singal, Jorge A. Marrero, Yujin Hoshida, Shugo Mizuno, Ryosuke Tateishi, Kazuhiko Koike, Mitsuhiro Fujishiro, Hayato Nakagawa	Michigan Medicine, Hiroshima University, The University of Texas Southwestern Medical Center, Mie University, University of Pennsylvania, Hiroshima University Hospital, University of Michigan, Kanto Central Hospital, The University of Tokyo	Hepatology	https://doi.org/10.1097/hep.0000000000001360	7	article	True	Liver Disease Diagnosis and Treatment	Epidemiology	Medicine	Health Sciences	Liver Disease Diagnosis and Treatment; Liver physiology and pathology; Liver Diseases and Immunity	False	True	False	False	False
W4406115631	UCS: A Unified Approach to Cell Segmentation for Subcellular Spatial Transcriptomics	2025-01-07	Yuheng Chen, Xinyue Xu, Xiaomeng Wan, Jiashun Xiao, Can Yang	Hong Kong University of Science and Technology, Shenzhen Research Institute of Big Data	Small Methods	https://doi.org/10.1002/smtd.202400975	11	article	True	Single-cell and spatial transcriptomics	Molecular Biology	Biochemistry, Genetics and Molecular Biology	Life Sciences	Single-cell and spatial transcriptomics; Molecular Biology Techniques and Applications; Extracellular vesicles in disease	False	True	False	False	False
W4386285117	SIMVI reveals intrinsic and spatial-induced states in spatial omics data	2023-08-30	Mingze Dong, David G. Su, Harriet M. Kluger, Rong Liang Fan, Yuval Kluger	Yale University, Yale Cancer Center	bioRxiv (Cold Spring Harbor Laboratory)	https://doi.org/10.1101/2023.08.28.554970	5	preprint	True	Single-cell and spatial transcriptomics	Molecular Biology	Biochemistry, Genetics and Molecular Biology	Life Sciences	Single-cell and spatial transcriptomics; Bioinformatics and Genomic Networks; Epigenetics and DNA Methylation	False	True	False	False	False
W4393633547	CosMx SMI data of one HGSOC tumour reveals ovarian cancer subclones with distinct tumour microenvironments and autocrine circuits	2023-01-01	Елена Дмитриевна Денисенко, Rui Hou, Paul Andrew Cohen, Yu Yu, Alistair R. R. Forrest	Harry Perkins Institute of Medical Research, Curtin University, St John of God Subiaco Hospital	Zenodo (CERN European Organization for Nuclear Research)	https://doi.org/10.5281/zenodo.10048057	1	dataset	True	Ovarian cancer diagnosis and treatment	Reproductive Medicine	Medicine	Health Sciences	Ovarian cancer diagnosis and treatment	False	True	False	False	False
W4375954697	vissE.cloud: a webserver to visualise higher order molecular phenotypes from enrichment analysis	2023-05-09	Ahmed Mohamed, Dharmesh D. Bhuva, Sam Lee, Ning Liu, Chin Wee Tan, Melissa J. Davis	The University of Melbourne, The University of Queensland, The University of Adelaide, Walter and Eliza Hall Institute of Medical Research, Colonial Foundation	Nucleic Acids Research	https://doi.org/10.1093/nar/gkad337	12	article	True	Bioinformatics and Genomic Networks	Molecular Biology	Biochemistry, Genetics and Molecular Biology	Life Sciences	Bioinformatics and Genomic Networks; Gene expression and cancer classification; Single-cell and spatial transcriptomics	False	True	False	False	False
W4405777339	Systematic Benchmarking of High-Throughput Subcellular Spatial Transcriptomics Platforms	2024-12-25	Pengfei Ren, Rui Zhang, Yunfeng Wang, Peng Zhang, Ce Luo, Suyan Wang, Xiaohong Li, Zongxu Zhang, Yanping Zhao, Yufeng He, Haorui Zhang, Yufeng Li, Zhidong Gao, Xiuping Zhang, Yahui Zhao, Zhihua Liu, Yuanguang Meng, Zheng Zhang, Zexian Zeng	Peking University, State Key Laboratory of Molecular Oncology, Peking University People's Hospital, Chinese PLA General Hospital, Chinese Academy of Medical Sciences & Peking Union Medical College, Tsinghua University, Center for Life Sciences, Chinese People's Liberation Army	bioRxiv (Cold Spring Harbor Laboratory)	https://doi.org/10.1101/2024.12.23.630033	9	preprint	True	Single-cell and spatial transcriptomics	Molecular Biology	Biochemistry, Genetics and Molecular Biology	Life Sciences	Single-cell and spatial transcriptomics; Molecular Biology Techniques and Applications; Cancer Genomics and Diagnostics	False	True	False	False	False
W4380986163	An information theoretic approach to detecting spatially varying genes	2023-06-01	Daniel C. Jones, Patrick J. Danaher, Young‐Mi Kim, Joseph Beechem, Raphaël Gottardo, Evan William Newell	Centre Hospitalier Universitaire Vaudois, Fred Hutch Cancer Center, University of Lausanne, SIB Swiss Institute of Bioinformatics, Ludwig Cancer Research, Nanostring Technologies (United States)	Cell Reports Methods	https://doi.org/10.1016/j.crmeth.2023.100507	6	article	True	Single-cell and spatial transcriptomics	Molecular Biology	Biochemistry, Genetics and Molecular Biology	Life Sciences	Single-cell and spatial transcriptomics; Gene expression and cancer classification; Statistical Methods and Inference	False	True	False	False	False
W7158882689	Spatial atlas of diabetic kidney disease reveals a B cell-rich subgroup	2026-04-29	Bernhard Dumoulin, Jonathan L. Levinsohn, Konstantin A. Klötzer, Chenyu Li, Liran Mao, Eunji Ha, Samer Mohandes, Thao Nguyen, Luca Paruzzo, Daigoro Hirohama, Victoria B. Fang, Vijay G. Bhoj, Hamideh Parhiz, Magaiver Andrade-Silva, Amin Abedini, Andi Bergeson, Daniel Traum, Michael J. May, Klaus H. Kaestner, Marco Ruella, Fiona Elizabeth McAllister, A. Ari Hakimi, Mingyao Li, Matthew Palmer, E. John Wherry, Christopher A. Hunter, MP Cancro, Raymond Townsend, Gaia Coppock, Manisha Singh, Michael Ross, James Tumlin, Kirk Nicholas Campbell, Amy K. Mottl, Christos Argyropoulos, Tamara Isakova, Salem J. Almaani, Rupali S. Avasare, Richard Lafayette, Julia J. Scialla, Randy Luciano, Shweta Bansal, Frank Chip Brosius, Ankit Mehta, Oliver Lenz, Nelson P. Kopyt, Piettro Canetta, Matthias Kretzler, Jeffrey Schelling, Alexis Hofherr, Steven S. Pullen, Andrew J. Thorley, Ching Shang, Erding Hu, Anil K. Karihaloo, Kishor B. Devalaraja-Narashimha, Katalin Suszták	Stanford University, Children's Hospital of Philadelphia, The Ohio State University Wexner Medical Center, Baylor University Medical Center, Regeneron (United States), Stanford Medicine, Case Western Reserve University, The University of Texas at San Antonio Health Science Center, Emory University, Northwestern University, Columbia University, Boehringer Ingelheim (United States), Michigan Medicine, Teikyo University, Albert Einstein College of Medicine, Gilead Sciences (United States), Medical University of Graz, Yale University, Oregon Health & Science University, Calico Life Sciences, University of Arizona, University of Pennsylvania, University of Michigan, University of North Carolina Health Care, University of Arkansas for Medical Sciences, GlaxoSmithKline (United States), Memorial Sloan Kettering Cancer Center, Lehigh Valley Hospital, University of Virginia, Kyungpook National University, University of Miami, Abramson Cancer Center, University of North Carolina at Chapel Hill, University of New Mexico, Lehigh Valley Health Network, Genentech, AstraZeneca (Sweden)	Nature	https://doi.org/10.1038/s41586-026-10363-4	9	article	True	Single-cell and spatial transcriptomics	Molecular Biology	Biochemistry, Genetics and Molecular Biology	Life Sciences	Single-cell and spatial transcriptomics; Chronic Kidney Disease and Diabetes; Neutrophil, Myeloperoxidase and Oxidative Mechanisms	False	True	False	False	False
W7122426096	A technical comparison of spatial transcriptomics platforms across six cancer types	2026-01-12	Sergi Cervilla, Daniela Grases, Elena Pérez, F. Real, Eva Musulén, Julieta Aprea, Manel Esteller, Eduard Porta‐Pardo	DRESDEN-concept Genome Center, IDCQ Hospitales y Sanidad, S.L.U., Centro de Investigación Biomédica en Red de Cáncer, Institució Catalana de Recerca i Estudis Avançats, Universitat de Barcelona, Josep Carreras Leukaemia Research Institute, Hospital General de Catalunya, Centro de Investigación Biomédica en Red, Universitat Pompeu Fabra, Spanish National Cancer Research Centre, Barcelona Supercomputing Center, Technische Universität Dresden	Genome biology	https://doi.org/10.1186/s13059-026-03937-y	14	article	True	Single-cell and spatial transcriptomics	Molecular Biology	Biochemistry, Genetics and Molecular Biology	Life Sciences	Single-cell and spatial transcriptomics; Cancer Genomics and Diagnostics; Ferroptosis and cancer prognosis	False	True	False	False	False
W4412825820	Artifacts in spatial transcriptomics data: their detection, importance, prevalence, and prevention	2025-07-01	Erich Kummerfeld, Leland Williams, Yinzhao Wang, Sam Peters, Elizabeth K. Schmidt, Mickayla DuFresne-To, David Bernlohr, Paul F. Robbins, Sayeed Ikramuddin, Oyedele Adewale Adeyi, Linshan Laux, Grant M Barthel, Steve Johnson, Jinhua Wang, Laura Niedernhofer, Andy Nelson, Constantin Aliferis	Masonic Cancer Center, University of Minnesota	Briefings in Bioinformatics	https://doi.org/10.1093/bib/bbaf306	6	article	True	Single-cell and spatial transcriptomics	Molecular Biology	Biochemistry, Genetics and Molecular Biology	Life Sciences	Single-cell and spatial transcriptomics; Gene expression and cancer classification; Molecular Biology Techniques and Applications	False	True	False	False	False
W7126245862	RNA2seg: a generalist model for cell segmentation in image-based spatial transcriptomics	2026-01-30	Thomas Defard, Alice Blondel, Sebastien Bellow, Anthony Coléon, Guilherme Dias de Melo, Florian Mueller, Thomas Walter	Institut Pasteur, Institut Curie, Université Paris Cité, Centre de Bio-Informatique, École Nationale Supérieure des Mines de Paris, Inserm, Université Paris Sciences et Lettres	Genome biology	https://doi.org/10.1186/s13059-025-03908-9	3	article	True	Single-cell and spatial transcriptomics	Molecular Biology	Biochemistry, Genetics and Molecular Biology	Life Sciences	Single-cell and spatial transcriptomics; RNA regulation and disease; Cell Image Analysis Techniques	False	True	False	False	False
W4416021256	Artificial Intelligence–driven spatial transcriptomics in OSCC: Mapping the tumor microenvironment and personalizing therapy	2025-11-01	Soundharya Manogaran, Ramya Ramadoss, Suganya Panneer Selvam, Sandhya Sundar, Nitya Krishnasamy, Hema Shree K, Karunya Krishnakumar, Preethi Shankar	Saveetha University	Journal of Oral Biology and Craniofacial Research	https://doi.org/10.1016/j.jobcr.2025.10.015	7	article	True	Single-cell and spatial transcriptomics	Molecular Biology	Biochemistry, Genetics and Molecular Biology	Life Sciences	Single-cell and spatial transcriptomics; Ferroptosis and cancer prognosis; Cancer Immunotherapy and Biomarkers	False	True	True	False	False
W4404945088	Sub-cellular Imaging of the Entire Protein-Coding Human Transcriptome (18933-plex) on FFPE Tissue Using Spatial Molecular Imaging	2024-12-03	Rustem Khafizov, Erin Piazza, Yi Cui, Michael J. Patrick, Evelyn Metzger, Daniel McGuire, Dwayne L. Dunaway, Patrick J. Danaher, Margaret L. Hoang, Andrew Grootsky, Megan E. Grout, Shanshan He, Rachel Liu, Michael McKean, Michael Rhodes, Joseph Beechem		bioRxiv (Cold Spring Harbor Laboratory)	https://doi.org/10.1101/2024.11.27.625536	19	preprint	True	Advanced Biosensing Techniques and Applications	Molecular Biology	Biochemistry, Genetics and Molecular Biology	Life Sciences	Advanced Biosensing Techniques and Applications; Molecular Biology Techniques and Applications	False	True	False	False	False
W4379283575	Multiplexed trackable intratumor microdosing of the investigational STING agonist TAK-676 alone and in combination in the native tumor microenvironment of patients with head and neck cancer: A phase 0 trial.	2023-06-01	Karthik Rajasekaran, Thomas Julian Ow, Cherie‐Ann O. Nathan, Alice L. Tang, Vikas Mehta, Bradley A. Schiff, John Pang, Annemieke van Zante, Atticus Turner, Marc O. Grenley, Connor Burns, Angela Merrell, Emily Beirne, Jonathan M.J. Derry, Nathan J. Schauer, Jason P. Frazier, Wendy Jenkins, Richard C. Gregory, Neil B. Lineberry, Richard A. Klinghoffer	Albert Einstein College of Medicine, University of Pennsylvania, University of Cincinnati Medical Center, Montefiore Medical Center, Louisiana State University Health Sciences Center Shreveport, Presage Biosciences (United States), University of California, San Francisco	Journal of Clinical Oncology	https://doi.org/10.1200/jco.2023.41.16_suppl.2579	6	conference-abstract	False	Cancer Immunotherapy and Biomarkers	Oncology	Medicine	Health Sciences	Cancer Immunotherapy and Biomarkers; Lung Cancer Research Studies; Cancer Research and Treatments	False	True	True	False	False
W4362535559	Abstract 4617: A complete pipeline for high-plex spatial proteomic profiling and analysis on the cosmxtm spatial molecular imager and atomtm spatial informatics platform	2023-04-04	Tien Phan-Everson, Zachary Lewis, Giang T. Ong, Yan Liang, Emily  A. Brown, Liuliu Pan, Aster W. Wardhani, Mithra Korukonda, Carl Brown, Dwayne L. Dunaway, Edward J. Zhao, Dan McGuire, Sangsoon Woo, Alyssa B. Rosenbloom, Brian Filanoski, Rhonda K. Meredith, Kan Chantranuvatana, Brian Birditt, Hye Son Yi, Erin Piazza, Jason Reeves, John Sverre Lyssand, Vik Devgan, Michael J.C. Rhodes, Gary K. Geiss, Joseph Beechem	Nanostring Technologies (United States)	Cancer Research	https://doi.org/10.1158/1538-7445.am2023-4617	1	conference-abstract	False	Advanced Biosensing Techniques and Applications	Molecular Biology	Biochemistry, Genetics and Molecular Biology	Life Sciences	Advanced Biosensing Techniques and Applications; Advanced Proteomics Techniques and Applications; Biosensors and Analytical Detection	False	True	False	False	False
W4292348744	SiGra: Single-cell spatial elucidation through image-augmented graph transformer	2022-08-19	Ziyang Tang, Tonglin Zhang, Baijian Yang, Jing Su, Qianqian Song	Wake Forest Baptist Comprehensive Cancer Center, Wake Forest University, Wake Forest University Health Sciences, Atrium Health Wake Forest Baptist, Indiana University School of Medicine, Purdue University West Lafayette	bioRxiv (Cold Spring Harbor Laboratory)	https://doi.org/10.1101/2022.08.18.504464	6	preprint	False	Single-cell and spatial transcriptomics	Molecular Biology	Biochemistry, Genetics and Molecular Biology	Life Sciences	Single-cell and spatial transcriptomics; Immune cells in cancer; Cell Image Analysis Techniques	False	True	False	False	False
W4405058556	spatialGE Is a User-Friendly Web Application That Facilitates Spatial Transcriptomics Data Analysis	2024-12-05	Oscar E. Ospina, Roberto Manjarres-Betancur, Guillermo Gonzalez-Calderon, Alex C. Soupir, Inna Smalley, Kenneth Yee Tsai, Joseph Markowitz, Mariam L. Khaled, Ethan J. Vallebuona, Anders Berglund, Steven A. Eschrich, Xiaoqing Yu, Brooke L. Fridley	Moffitt Cancer Center, Children's Mercy Hospital, Cairo University	Cancer Research	https://doi.org/10.1158/0008-5472.can-24-2346	6	article	True	Single-cell and spatial transcriptomics	Molecular Biology	Biochemistry, Genetics and Molecular Biology	Life Sciences	Single-cell and spatial transcriptomics; Advanced biosensing and bioanalysis techniques; interferon and immune responses	False	True	False	False	False
W4390139767	Sopa: a technology-invariant pipeline for analyses of image-based spatial-omics	2023-12-23	Quentin Blampey, Kevin Mulder, Charles‐Antoine Dutertre, Margaux Gardet, Fabrice André, Florent Ginhoux, Paul-Henry Cournède	Université Paris-Saclay, Institut Gustave Roussy, Fondation Gustave Roussy, CentraleSupélec, Inserm	bioRxiv (Cold Spring Harbor Laboratory)	https://doi.org/10.1101/2023.12.22.571863	4	preprint	True	Single-cell and spatial transcriptomics	Molecular Biology	Biochemistry, Genetics and Molecular Biology	Life Sciences	Single-cell and spatial transcriptomics; Cell Image Analysis Techniques; Bioinformatics and Genomic Networks	False	True	False	False	False
W4404052814	1448 Comparison of spatial transcriptomic platforms in FFPE TMA samples	2024-11-01	Nejla Ozirmak Lermi, Max Molina, Sharia D. Hernandez, Alejandra G. Serrano, Katarzyna J. Tomczak, Wei Lu, Khaja B. Khan, Sean Barnes, Jinzhuang Duo, Qingnan Liang, Mei Jiang, Beatriz Sánchez Espiridión, Annikka Weissferdt, John Victor Heymach, Jianjun Zhang, Boris Sepesi, Tina Cascone, Anne S. Tsao, Mehmet Altan, Reza John Mehran, Don Lynn Gibbons, Ignacio Ivan Wistuba, Cara Haymaker, Ken Chen, Luisa M. Solis Soto	Swedish Medical Center, The University of Texas MD Anderson Cancer Center	Regular and Young Investigator Award Abstracts	https://doi.org/10.1136/jitc-2024-sitc2024.1448	1	conference-abstract	True	Single-cell and spatial transcriptomics	Molecular Biology	Biochemistry, Genetics and Molecular Biology	Life Sciences	Single-cell and spatial transcriptomics	False	True	True	False	False
W4362595385	Abstract 5637: Path to the holy grail of spatial biology: Spatial single-cell whole transcriptomes using 6000-plex spatial molecular imaging on FFPE tissue	2023-04-04	Shanshan He, Michael J. Patrick, Jason Reeves, Patrick J. Danaher, Julian Preciado, Joseph C. Phan, Erin Piazza, Zachary Reitz, Lidan Wu, Rustem Khafizov, Haiyan Zhai, Michael J.C. Rhodes, David Ruff, Joseph Beechem	Nanostring Technologies (United States)	Cancer Research	https://doi.org/10.1158/1538-7445.am2023-5637	7	conference-abstract	False	Single-cell and spatial transcriptomics	Molecular Biology	Biochemistry, Genetics and Molecular Biology	Life Sciences	Single-cell and spatial transcriptomics; Molecular Biology Techniques and Applications; interferon and immune responses	False	True	False	False	False
W4399153366	CellsFromSpace: a fast, accurate, and reference-free tool to deconvolve and annotate spatially distributed omics data	2024-01-01	Corentin Thuilliez, Gaël Moquin‐Beaudry, Pierre Khneisser, Maria Eugénia Marques Da Costa, Slim Karkar, Hanane Boudhouche, Damien Drubay, Baptiste Audinot, Birgit Geoerger, Jean‐Yves Scoazec, Nathalie Gaspar, Antonin Marchais	Université Paris-Saclay, Institut Gustave Roussy, Institut de Biochimie et Génétique Cellulaires, Université de Bordeaux, Centre de recherche en Epidémiologie et Santé des Populations, Centre National de la Recherche Scientifique, Inserm, Immunologie anti-tumorale et immunothérapie des cancers	Bioinformatics Advances	https://doi.org/10.1093/bioadv/vbae081	6	article	True	Single-cell and spatial transcriptomics	Molecular Biology	Biochemistry, Genetics and Molecular Biology	Life Sciences	Single-cell and spatial transcriptomics; Cell Image Analysis Techniques; Gene expression and cancer classification	False	True	False	False	False
W4411707977	Applications of Spatial Transcriptomics in Veterinary Medicine: A Scoping Review of Research, Diagnostics, and Treatment Strategies	2025-06-26	Rachael M. Weiderman, Mahamudul Hasan, Laura C. Miller	Kansas State University	International Journal of Molecular Sciences	https://doi.org/10.3390/ijms26136163	6	article	True	Single-cell and spatial transcriptomics	Molecular Biology	Biochemistry, Genetics and Molecular Biology	Life Sciences	Single-cell and spatial transcriptomics; Molecular Biology Techniques and Applications; Mycobacterium research and diagnosis	False	True	True	False	False
W4414797199	Spatial transcriptomic profiling of metastatic renal cell carcinoma identifies chemokine-driven macrophage and CD8+ T-cell interactions predictive of immunotherapy response	2025-10-01	Charis Kalogirou, Markus Krebs, Andreas Steven Kunz, Oliver Hahn, Hubert R Kübler, Marcel Schwinger, Arndt Hartmann, Astrid Schmieder, Markus Eckstein	Friedrich-Alexander-Universität Erlangen-Nürnberg, Universitätsklinikum Würzburg, University of Würzburg, Comprehensive Cancer Center Erlangen, National Center for Tumor Diseases, Universitätsklinikum Erlangen, University of Augsburg	Journal for ImmunoTherapy of Cancer	https://doi.org/10.1136/jitc-2025-012991	11	article	True	Single-cell and spatial transcriptomics	Molecular Biology	Biochemistry, Genetics and Molecular Biology	Life Sciences	Single-cell and spatial transcriptomics; Cancer Immunotherapy and Biomarkers; Renal cell carcinoma treatment	False	True	False	False	False
W4378648463	Pan-cancer T cell atlas links a cellular stress response state to immunotherapy resistance	2023-05-29	Yanshuo Chu, Enyu Dai, Yating Li, Guangchun Han, Guangsheng Pei, Davis R. Ingram, Krupa Thakkar, Jiang‐Jiang Qin, Minghao Dang, Xiuning Le, Can Hu, Qing Deng, Ansam F. Sinjab, Pravesh Gupta, Ruiping Wang, Dapeng Hao, Fuduan Peng, Xinmiao Yan, Yunhe Liu, Shumei Song, Shaojun Zhang, John Victor Heymach, Alexandre Reuben, Yasir Y. Elamin, Melissa Pool Pizzi, Yang Lü, Rossana Lazcano, JIAN LI HU, Mingyao Li, Michael A. Curran, P. Andrew Futreal, Anirban Maitra, Amir Anthony Jazaeri, Jaffer A. Ajani, Charles Swanton, Xiangdong Cheng, Hussein A. Abbas, Maura L. Gillison, Krishna Bhat, Alexander J. Lazar, Michael Richard Green, Kevin Litchfield, Humam N. Kadara, Cassian Yee, Linghua Wang	The University of Texas Health Science Center at Houston, University of Pennsylvania, University of Chinese Academy of Sciences, Chinese Academy of Sciences, The Francis Crick Institute, The University of Texas MD Anderson Cancer Center, Emory University, University College London, Zhejiang Cancer Hospital	Nature Medicine	https://doi.org/10.1038/s41591-023-02371-y	524	article	True	Single-cell and spatial transcriptomics	Molecular Biology	Biochemistry, Genetics and Molecular Biology	Life Sciences	Single-cell and spatial transcriptomics; CAR-T cell therapy research; Immune Cell Function and Interaction	False	True	False	False	False
W4412695620	A Human Immuno‐Lung Organoid Model to Study Macrophage‐Mediated Lung Cell Senescence Upon SARS‐CoV‐2 Infection	2025-07-25	Yuling Han, Dongliang Leng, Tuo Zhang, Jian Ge, Yinshan Fang, Tiankun Lu, Xue Dong, Manoj S. Nair, Neranjan de Silva, Zhaowei Han, Tiancheng Jiao, Yuanhao Huang, Meiqi Zhao, Anjali Saqi, Hanina H. Hibshoosh, Zihe Meng, Jenny Xiang, Chendong Pan, Yanjie Sun, David D. Ho, Todd Evans, Jie Liu, Liuliu Yang, Jianwen Que, Shuibing Chen	Columbia University Irving Medical Center, University of Michigan, Weill Cornell Medicine, Aaron Diamond AIDS Research Center, Columbia University	Advanced Science	https://doi.org/10.1002/advs.202503932	4	article	True	Single-cell and spatial transcriptomics	Molecular Biology	Biochemistry, Genetics and Molecular Biology	Life Sciences	Single-cell and spatial transcriptomics; Immune responses and vaccinations; Immune cells in cancer	False	True	False	False	False
W7117960968	ST-Community Detection Methods for Spatial Transcriptomics Data Analysis	2026-01-01	Charles Zhao, Jian-Jian Ren	University of Maryland, College Park, University of North Carolina at Chapel Hill	Stats	https://doi.org/10.3390/stats9010004	1	article	True	Single-cell and spatial transcriptomics	Molecular Biology	Biochemistry, Genetics and Molecular Biology	Life Sciences	Single-cell and spatial transcriptomics; Ferroptosis and cancer prognosis; Cancer Immunotherapy and Biomarkers	False	True	False	False	False
W7116119042	Robust integration and annotation of single-cell and spatial omics data using interpretable gene programs	2025-12-19	Yuelei Zhang, Wenxuan Ming, Bianjiong Yu, Lele Wang, Kaiyan Lu, Lei Xu, Yanhong Ni, Runzhi Deng, Dijun Chen	Nanjing Drum Tower Hospital, Nanjing University, Sichuan University, State Key Laboratory of Pharmaceutical Biotechnology	Cell Genomics	https://doi.org/10.1016/j.xgen.2025.101105	4	article	True	Single-cell and spatial transcriptomics	Molecular Biology	Biochemistry, Genetics and Molecular Biology	Life Sciences	Single-cell and spatial transcriptomics; Gene Regulatory Network Analysis; Cell Image Analysis Techniques	False	True	False	False	False
W4410347430	Popari: Modeling multisample variation in spatial transcriptomics	2025-05-13	Shahul Alam, Tianming Zhou, E. El Haber, Benjamin Chidester, Sophia Liu, Fei Chen, Jian Ma	Massachusetts Institute of Technology, Ragon Institute of MGH, MIT and Harvard, Carnegie Mellon University, Harvard University, Broad Institute, Harvard–MIT Division of Health Sciences and Technology	bioRxiv (Cold Spring Harbor Laboratory)	https://doi.org/10.1101/2025.05.08.652741	3	preprint	True	Single-cell and spatial transcriptomics	Molecular Biology	Biochemistry, Genetics and Molecular Biology	Life Sciences	Single-cell and spatial transcriptomics; Gene expression and cancer classification; Molecular Biology Techniques and Applications	False	True	False	False	False
W4310967227	Macrophage and neutrophil heterogeneity at single-cell spatial resolution in inflammatory bowel disease	2022-11-29	Alba Garrido-Trigo, Ana Maria Corraliza, Marisol Veny, Isabella Dotti, E Melón-Ardanaz, Aina Rill, Helena Lucia Crowell, Angel Luis Corbí, Victòria Gudiño, Míriam Esteller, Iris Álvarez-Teubel, Daniel Aguilar, Maria Carme Masamunt, Emily E. Killingbeck, Youngmi Kim, Michael Leon, Sudha Visvanathan, Doménica Marchese, Ginevra Caratù, Albert Martín‐Cardona, María Esteve, Julián Panés, Elena Ricart, Elisabetta Mereu, Holger Heyn, Azucena Salas	Centro de Investigación Biomédica en Red de Enfermedades Hepáticas y Digestivas, Universitat de Barcelona, University of Zurich, Barcelona Institute of Science and Technology, Centre for Genomic Regulation, SIB Swiss Institute of Bioinformatics, Josep Carreras Leukaemia Research Institute, Nanostring Technologies (United States), Consorci Institut D'Investigacions Biomediques August Pi I Sunyer, Consejo Superior de Investigaciones Científicas, University Hospital Mútua de Terrassa, Mútua Terrassa, Universitat Pompeu Fabra, Hospital Clínic de Barcelona, Boehringer Ingelheim (United States)	bioRxiv (Cold Spring Harbor Laboratory)	https://doi.org/10.1101/2022.11.28.518139	3	preprint	True	Immune cells in cancer	Immunology	Immunology and Microbiology	Life Sciences	Immune cells in cancer; Single-cell and spatial transcriptomics; Inflammatory Bowel Disease	False	True	False	False	False
W4411390487	The Spatial Atlas of Human Anatomy (SAHA): A Multimodal Subcellular-Resolution Reference Across Human Organs	2025-06-16	Jiwoon Park, Roberto De Gregorio, Erika Hissong, Elif Ozcelik, Nicholas Bartelo, Felipe Segato Dezem, Luke Zhang, Maycon Marção, Hannah Chasteen, Yi-Min Zheng, Ernesto Abila, Junbum Kim, Theodore M. Nelson, Jacqueline Proszynski, Akua A. Agyemang, Mohith Reddy Arikatla, Arjumand Wani, Yutian Liu, Evelyn Metzger, Stefan Rogers, Prajan Divakar, Parambir S. Dulai, Jason Reeves, Yan Liang, Liuliu Pan, Sayani Bhattacharjee, Michael J. Patrick, Kimberly Young, Ashley Heck, Mithra Korukonda, Dan McGuire, Lidan Wu, Aster Wardhani, Joseph Beechem, George Church, Steven M. Lipkin, Aaron Berliner, Sanjay Patel, Fabio Socciarelli, Jan Krumsiek, Rohit Chandwani, Sébastien Monette, Brian Robinson, Massimo F. Loda, Olivier Elemento, Luciano Martelotto, Jasmine Plummer, André F. Rendeiro, Alicia Alonso, Robert E. Schwartz, Shauna Lee Houlihan, Christopher E. Mason	Memorial Sloan Kettering Cancer Center, St. Jude Children's Research Hospital, Cornell University, CeMM Research Center for Molecular Medicine, The University of Adelaide, Harvard University, Weill Cornell Medicine, Northwestern University, Ludwig Boltzmann Institute for Network Medicine at the University of Vienna, Austrian Academy of Sciences	bioRxiv (Cold Spring Harbor Laboratory)	https://doi.org/10.1101/2025.06.16.658716	4	preprint	True	Single-cell and spatial transcriptomics	Molecular Biology	Biochemistry, Genetics and Molecular Biology	Life Sciences	Single-cell and spatial transcriptomics; Cell Image Analysis Techniques; Gene expression and cancer classification	False	True	True	False	False
W4388588472	EPCO-27. RECONSTRUCTION OF THE SPATIAL ECOSYSTEM OF GLIOBLASTOMA REVEALS RECURRENT RELATIONSHIPS BETWEEN TUMOR CELL STATES AND TUMOR MICROENVIRONMENT	2023-11-01	Bruno Adabbo, Simona Migliozzi, Luciano Garofano, Young Taek Oh, Sakir Humayun Gultekin, Fulvio D’Angelo, Evan R. Roberts, Daniel Bilbao, Pedro Davila, Siôn Ll. Williams⁎, Benjamin Currall, Michele Ceccarelli, Anna Lasorella, Antonio Iavarone	University of Miami	Neuro-Oncology	https://doi.org/10.1093/neuonc/noad179.0490	1	conference-abstract	True	Single-cell and spatial transcriptomics	Molecular Biology	Biochemistry, Genetics and Molecular Biology	Life Sciences	Single-cell and spatial transcriptomics	False	True	True	False	False
W7143530954	Single-cell spatial transcriptomics reveals tumor microenvironment heterogeneity in primary and lymph node-metastatic small cell lung cancer	2026-03-30	Zicheng Zhang, Dongfang Wu, Ruanqi Chen, Modi Zhai, Fan Yang, Jiaqian Wang, Lei Guo, Li Liu, Jianming Ying, Lin Yang, Meng Zhou	Sun Yat-sen University, Chinese Academy of Medical Sciences & Peking Union Medical College, Cancer Hospital of Chinese Academy of Medical Sciences, Wenzhou Medical University	Cell Reports Medicine	https://doi.org/10.1016/j.xcrm.2026.102713	4	article	True	Single-cell and spatial transcriptomics	Molecular Biology	Biochemistry, Genetics and Molecular Biology	Life Sciences	Single-cell and spatial transcriptomics; Cancer Immunotherapy and Biomarkers; Ferroptosis and cancer prognosis	False	True	False	False	False
W4362595236	Abstract 5641: Single cell spatial molecular imaging of 76-plex proteins in clinical cancer samples in response to personalized treatment	2023-04-04	Zachary Lewis, Brian Birditt, Emily  A. Brown, Kan Chantranuvatana, Brian Filanoski, C. L. Corless, Tien Phan-Everson, Gary K. Geiss, TYLER D. HETHER, Evthokia A. Hobbs, Brett Johnson, Taylor Kelley, Charles D. Lopez, Rhonda K. Meredith, Anastasiya Olson, Giang T. Ong, Mithra Korukonda, Erin Piazza, Jason Reeves, Alyssa B. Rosenbloom, Kiara Siex, Hye Son Yi, Edward J. Zhao, Joseph Beechem, Gordon Brent Mills	Nanostring Technologies (United States), Oregon Health & Science University	Cancer Research	https://doi.org/10.1158/1538-7445.am2023-5641	1	conference-abstract	False	Single-cell and spatial transcriptomics	Molecular Biology	Biochemistry, Genetics and Molecular Biology	Life Sciences	Single-cell and spatial transcriptomics; Advanced Proteomics Techniques and Applications; Advanced Biosensing Techniques and Applications	False	True	False	False	False
W4393697215	Library size confounds biology in spatial transcriptomics data	2024-01-31	Dharmesh D. Bhuva, Chin Wee Tan, Claire Marceaux, Pickering, Marie, Salim, Agus, Jinjin Chen, Malvika Kharbanda, Xinyi Jin, Ning Liu, Kristen Feher, Givanna Haryono Putri, Tilley, Wayne D, Hickey, Theresa E, Marie-Liesse Asselin-Labat, Belinda Phipson, Melissa J. Davis	Walter and Eliza Hall Institute of Medical Research, The University of Melbourne, The University of Adelaide	Zenodo (CERN European Organization for Nuclear Research)	https://doi.org/10.5281/zenodo.7959786	1	dataset	True	Molecular Biology Techniques and Applications	Molecular Biology	Biochemistry, Genetics and Molecular Biology	Life Sciences	Molecular Biology Techniques and Applications; Single-cell and spatial transcriptomics; Gene expression and cancer classification	False	True	False	False	False
W4308631129	An information theoretic approach to detecting spatially varying genes	2022-11-03	Daniel C. Jones, Patrick J. Danaher, Young‐Mi Kim, Joseph Beechem, Raphaël Gottardo, Evan William Newell	Centre Hospitalier Universitaire Vaudois, Fred Hutch Cancer Center, University of Lausanne, SIB Swiss Institute of Bioinformatics, Ludwig Cancer Research, Nanostring Technologies (United States)	bioRxiv (Cold Spring Harbor Laboratory)	https://doi.org/10.1101/2022.11.02.514777	2	preprint	True	Single-cell and spatial transcriptomics	Molecular Biology	Biochemistry, Genetics and Molecular Biology	Life Sciences	Single-cell and spatial transcriptomics; Statistical Methods and Inference; Gene expression and cancer classification	False	True	False	False	False
W7125935207	IL-17 Cytokines Induce IκBζ in Dermal Fibroblasts to Promote Pro-Inflammatory Gene Expression in Psoriasis	2026-01-28	Lejla Svraka, Anna Skarnvad Andersen, Toke Touborg, Thomas Emmanuel, Udayaraja GK, Haja N. Kadarmideen, Trine Bertelsen, Christian L. Vestergaard, Claus Johansen	Aarhus University Hospital, Aarhus University	International Journal of Molecular Sciences	https://doi.org/10.3390/ijms27031297	4	article	True	Psoriasis: Treatment and Pathogenesis	Immunology	Immunology and Microbiology	Life Sciences	Psoriasis: Treatment and Pathogenesis; NF-κB Signaling Pathways; Dermatology and Skin Diseases	False	True	False	False	False
W7116827579	A technical comparison of spatial transcriptomics platforms across six cancer types - Visium/VisiumCytAssist/VisiumHD	2026-01-01	Sergi Cervilla, Daniela Grases Mendoza, Eduard Porta‐Pardo	Josep Carreras Leukaemia Research Institute, Barcelona Supercomputing Center	Zenodo (CERN European Organization for Nuclear Research)	https://doi.org/10.5281/zenodo.17999961	1	dataset	True	Unknown	Unknown	Unknown	Unknown	Unknown	False	True	False	False	False
W4411718402	Tracing colorectal malignancy transformation from cell to tissue scale	2025-06-27	Helena Lucia Crowell, Irene Ruano, Zedong Hu, Yourae Hong, Ginevra Caratù, Hubert H. Piessevaux, Ashley Heck, Rachel Liu, Max Walter, Megan Vandenberg, Kim Young, Dan McGuire, Evelyn Metzger, Margaret L. Hoang, Joseph Beechem, Sabine Tejpar, Anna Pascual Reguant, Holger Heyn	Universitat de Barcelona, Centro Nacional de Análisis Genómico, KU Leuven, Institució Catalana de Recerca i Estudis Avançats	bioRxiv (Cold Spring Harbor Laboratory)	https://doi.org/10.1101/2025.06.23.660674	8	preprint	True	Colorectal Cancer Treatments and Studies	Oncology	Medicine	Health Sciences	Colorectal Cancer Treatments and Studies	False	True	False	False	False
W4400937167	Rapid and memory-efficient analysis and quality control of large spatial transcriptomics datasets	2024-07-24	Bence Kövér, Alessandra Vigilante	King's College London	bioRxiv (Cold Spring Harbor Laboratory)	https://doi.org/10.1101/2024.07.23.604776	2	preprint	True	Single-cell and spatial transcriptomics	Molecular Biology	Biochemistry, Genetics and Molecular Biology	Life Sciences	Single-cell and spatial transcriptomics; Gene expression and cancer classification; Immune cells in cancer	False	True	False	False	False
W4382793947	Applying high-resolution spatial transcriptomics to characterize the amyloid plaque cell niche in Alzheimer’s Disease	2023-07-01	Anna Mallach, Magdalena Zielonka, Veerle van Lieshout, Yanru An, Jia Hui Khoo, Marisa Vanheusden, Wei-Ting Chen, Daan Moechars, I. Lorena Arancibia‐Cárcamo, Mark W. E. J. Fiers, Bart De Strooper	VIB-KU Leuven Center for Brain & Disease Research, KU Leuven, The Francis Crick Institute, BGI Research, BGI Group (China), UK Dementia Research Institute, University College London	bioRxiv (Cold Spring Harbor Laboratory)	https://doi.org/10.1101/2023.06.29.546675	2	preprint	True	Single-cell and spatial transcriptomics	Molecular Biology	Biochemistry, Genetics and Molecular Biology	Life Sciences	Single-cell and spatial transcriptomics; Neuroinflammation and Neurodegeneration Mechanisms; Immune cells in cancer	False	True	False	False	False
W4416808274	Genomic heterogeneity drives distinct infiltration patterns in glioblastoma	2025-11-29	Dylan Scott Lykke Harwood, Sara Blaabjerg Artzi, Vilde Pedersen, Alessio Locallo, Maya Jeje Schuang Lü, David Scheie, Dorte Schou Nørøxe, Nadine Margaretha Hammouda, Ulrik Lassen, Joachim Weischenfeldt, Bjarne Winther Kristensen	University of Copenhagen, Rigshospitalet, Copenhagen University Hospital	Acta Neuropathologica Communications	https://doi.org/10.1186/s40478-025-02106-9	6	article	True	Glioma Diagnosis and Treatment	Genetics	Medicine	Health Sciences	Glioma Diagnosis and Treatment; Single-cell and spatial transcriptomics; Cancer Genomics and Diagnostics	False	True	False	False	False
W7116922975	A technical comparison of spatial transcriptomics platforms across six cancer types - XeniumMT & Xenium5K	2026-01-01	Sergi Cervilla, Daniela Grases Mendoza, Eduard Porta‐Pardo	Josep Carreras Leukaemia Research Institute, Barcelona Supercomputing Center	Zenodo (CERN European Organization for Nuclear Research)	https://doi.org/10.5281/zenodo.18000256	1	dataset	True	Unknown	Unknown	Unknown	Unknown	Unknown	False	True	False	False	False
W4406986984	Graph contrastive learning of subcellular-resolution spatial transcriptomics improves cell type annotation and reveals critical molecular pathways	2024-11-22	Qiaolin Lu, Jiayuan Ding, Lingxiao Li, Yi Chang	Jilin University, Boston University, Michigan State University	Briefings in Bioinformatics	https://doi.org/10.1093/bib/bbaf020	4	article	True	Single-cell and spatial transcriptomics	Molecular Biology	Biochemistry, Genetics and Molecular Biology	Life Sciences	Single-cell and spatial transcriptomics; Molecular Biology Techniques and Applications; Gene expression and cancer classification	False	True	False	False	False
W4283704002	An introduction to spatial transcriptomics for biomedical research	2022-06-27	Cameron G. Williams, Hyun Jae Lee, Takahiro Asatsuma, Roser Vento Tormo, Ashraful Haque	The University of Melbourne, Peter Doherty Institute, Wellcome Sanger Institute	Genome Medicine	https://doi.org/10.1186/s13073-022-01075-1	932	article	True	Single-cell and spatial transcriptomics	Molecular Biology	Biochemistry, Genetics and Molecular Biology	Life Sciences	Single-cell and spatial transcriptomics; Molecular Biology Techniques and Applications; Immune cells in cancer	False	True	True	False	False
W4392198237	BANKSY unifies cell typing and tissue domain segmentation for scalable spatial omics data analysis	2024-02-27	Vipul Singhal, Nigel Chou, Joseph Lee, Yifei Yue, Jinyue Liu, Wan Kee Chock, Li Lin, Yun‐Ching Chang, Erica Mei Ling Teo, Jonathan Aow, Hwee Kuan Lee, Kok Hao Chen, Shyam Prabhakar	Singapore Institute for Clinical Sciences, Agency for Science, Technology and Research, Bioinformatics Institute, Singapore Eye Research Institute, National University of Singapore, Genome Institute of Singapore, Nanyang Technological University, Cancer Science Institute of Singapore	Nature Genetics	https://doi.org/10.1038/s41588-024-01664-3	272	article	True	Single-cell and spatial transcriptomics	Molecular Biology	Biochemistry, Genetics and Molecular Biology	Life Sciences	Single-cell and spatial transcriptomics; Health, Environment, Cognitive Aging; Bioinformatics and Genomic Networks	False	True	False	False	False
W4413318082	GRIDGENE: Guided Region Identification based on Density of GENEs – a transcript density-based approach to characterize tissues by spatial transcriptomics	2025-08-19	Ana Marta Sequeira, Marieke E. Ijsselsteijn, Miguel Rocha, Jessica P Roelands, Noel F.C.C. de Miranda	University of Minho, Leiden University Medical Center	bioRxiv (Cold Spring Harbor Laboratory)	https://doi.org/10.1101/2025.08.14.670318	3	preprint	True	Single-cell and spatial transcriptomics	Molecular Biology	Biochemistry, Genetics and Molecular Biology	Life Sciences	Single-cell and spatial transcriptomics	False	True	False	False	False
W4415231435	Ectopic expression of MUC5B in the respiratory bronchiole initiates endoplasmic reticulum stress in the IPF lung	2025-10-15	Rachel Z. Blumhagen, Jonathan S. Kurche, Carlyne D. Cool, David E. Heinz, Xiaoqian Ma, Elizabeth Davidson, Tasha E. Fingerlin, Jonathan P. Huber, Evgenia Dobrinskikh, David A. Schwartz, Ivana V. Yang	Colorado School of Public Health, National Jewish Health, Veterans Health Administration, University of Colorado Denver, University of Colorado Anschutz	American Journal of Respiratory Cell and Molecular Biology	https://doi.org/10.1165/rcmb.2025-0261oc	3	article	True	Interstitial Lung Diseases and Idiopathic Pulmonary Fibrosis	Pulmonary and Respiratory Medicine	Medicine	Health Sciences	Interstitial Lung Diseases and Idiopathic Pulmonary Fibrosis; Medical Imaging and Pathology Studies; Neonatal Respiratory Health Research	False	True	False	False	False
W4381548118	Spatial transcriptomics: Technologies, applications and experimental considerations	2023-06-21	Ye Wang, Bin Liu, Gexin Zhao, Yoojin Lee, Anton A. Buzdin, Xiaofeng Mu, Joseph Jonathan Zhao, Hong Chen, Xinmin Li	University of California, Los Angeles, Russian Academy of Sciences, Sechenov University, Moscow Institute of Physics and Technology, Liaoning Cancer Hospital & Institute, Affiliated Hospital of Qingdao University, Qingdao University, Institute of Bioorganic Chemistry, China Medical University	Genomics	https://doi.org/10.1016/j.ygeno.2023.110671	209	article	True	Single-cell and spatial transcriptomics	Molecular Biology	Biochemistry, Genetics and Molecular Biology	Life Sciences	Single-cell and spatial transcriptomics; Cell Image Analysis Techniques; Gene Regulatory Network Analysis	False	True	True	False	False
W4411358292	Cranial radiotherapy profoundly affects glia without inducing widespread cellular senescence	2025-06-14	Laura E. Kuil, Roan H van Scheppingen, Yoran M Leter, Berend H Röring, Mark C. de Gooijer, Caroline L. Van Heijningen, Stefan Preković, Annette Compter, Olaf van Tellingen, Sanne B. Schagen	Utrecht University, University of Manchester, University Medical Center Utrecht, The Netherlands Cancer Institute	Neuro-Oncology	https://doi.org/10.1093/neuonc/noaf146	3	article	True	Telomeres, Telomerase, and Senescence	Physiology	Medicine	Health Sciences	Telomeres, Telomerase, and Senescence; Glioma Diagnosis and Treatment; Cancer-related cognitive impairment studies	False	True	False	False	False
W4386416922	CellsFromSpace: A fast, accurate and reference-free tool to deconvolve and annotate spatially distributed Omics data	2023-09-04	Corentin Thuilliez, Gaël Moquin‐Beaudry, Pierre Khneisser, Maria Eugénia Marques Da Costa, Slim Karkar, Hanane Boudhouche, Damien Drubay, Baptiste Audinot, Birgit Geoerger, Jean‐Yves Scoazec, Nathalie Gaspar, Antonin Marchais	Université Paris-Saclay, Institut Gustave Roussy, Institut de Biochimie et Génétique Cellulaires, Université de Bordeaux, Centre de recherche en Epidémiologie et Santé des Populations, Centre National de la Recherche Scientifique, Inserm, Immunologie anti-tumorale et immunothérapie des cancers	bioRxiv (Cold Spring Harbor Laboratory)	https://doi.org/10.1101/2023.08.30.555558	2	preprint	True	Single-cell and spatial transcriptomics	Molecular Biology	Biochemistry, Genetics and Molecular Biology	Life Sciences	Single-cell and spatial transcriptomics; Gene expression and cancer classification; Cell Image Analysis Techniques	False	True	False	False	False
W4366088138	373 Identification of immune cell pathways in acne vs. rosacea by single-cell RNA sequencing and single-cell spatial imaging	2023-04-17	T.H. Do, Jonathan Perrie, M. Pellegrini, J. Gudjonsson, F. Ma, R.L. Modlin	University of California, Los Angeles, Southampton Hospital, University of Michigan	Journal of Investigative Dermatology	https://doi.org/10.1016/j.jid.2023.03.378	1	article	True	Acne and Rosacea Treatments and Effects	Dermatology	Medicine	Health Sciences	Acne and Rosacea Treatments and Effects; Atherosclerosis and Cardiovascular Diseases; melanin and skin pigmentation	False	True	False	False	False
W4408300361	Learning directed acyclic graphs for ligands and receptors based on spatially resolved transcriptomic data of ovarian cancer	2025-03-01	Shrabanti Chowdhury, Sammy Ferri Borgogno, Yang Peng, Wenyi Wang, Jie Peng, Samuel C. Mok, Pei Wang	University of California, Davis, Icahn School of Medicine at Mount Sinai, The University of Texas MD Anderson Cancer Center	Briefings in Bioinformatics	https://doi.org/10.1093/bib/bbaf085	3	article	True	Single-cell and spatial transcriptomics	Molecular Biology	Biochemistry, Genetics and Molecular Biology	Life Sciences	Single-cell and spatial transcriptomics; Gene Regulatory Network Analysis; Bioinformatics and Genomic Networks	False	True	False	False	False
W4405664221	Comparison of imaging-based single-cell resolution spatial transcriptomics profiling platforms using formalin-fixed, paraffin-embedded tumor samples	2024-12-17	Nejla Ozirmak Lermi, Max Molina Ayala, Sharia D. Hernandez, Wei Lu, Khaja B. Khan, Alejandra G. Serrano, Idania Carolina Lubo Julio, Leticia Hamana, Katarzyna J. Tomczak, Sean Barnes, Jinzhuang Dou, Qingnan Liang, RTI Team, Maria Gabriela Raso, Ximing Tang, Mei Jiang, Beatriz Sánchez‐Espiridión, Annikka Weissferdt, John Victor Heymach, Jianjun Zhang, Boris Sepesi, Tina Cascone, Anne S. Tsao, Mehmet Altan, Reza John Mehran, Don Lynn Gibbons, Ignacio Wistuba, Cara Haymaker, Ken Chen, Luisa M. Solis Soto	The University of Texas MD Anderson Cancer Center	bioRxiv (Cold Spring Harbor Laboratory)	https://doi.org/10.1101/2024.12.13.628390	2	preprint	True	Single-cell and spatial transcriptomics	Molecular Biology	Biochemistry, Genetics and Molecular Biology	Life Sciences	Single-cell and spatial transcriptomics; Cell Image Analysis Techniques; Advanced Biosensing Techniques and Applications	False	True	True	False	False
W4390656854	SORBET: Automated cell-neighborhood analysis of spatial transcriptomics or proteomics for interpretable sample classification via GNN	2024-01-02	Shay Shimonov, Joseph M. Cunningham, Ronen Talmon, Lilach Aizenbud, Shruti Desai, David L. Rimm, Kurt Alex Schalper, Harriet M. Kluger, Yuval Kluger	Yale University, Yale Cancer Center, Technion – Israel Institute of Technology	bioRxiv (Cold Spring Harbor Laboratory)	https://doi.org/10.1101/2023.12.30.573739	4	preprint	True	Single-cell and spatial transcriptomics	Molecular Biology	Biochemistry, Genetics and Molecular Biology	Life Sciences	Single-cell and spatial transcriptomics; Cell Image Analysis Techniques; Gene expression and cancer classification	False	True	False	False	False
W4403629957	Spatial transcriptomic profiling of ovarian clear cell carcinoma reveals heterogeneity in OXPHOS and EMT gradients	2024-10-22	Thang Truong Le, Duncan Yi-Te Wang, Sebastian Rui-Gu Yan, Yi-Cian Chen, Ko-Chen Chen, Tuan Zea Tan, Pei‐Yu Chu, Denis Ting-Hsian Chen, Yi-Chia Chiu, Jia-Yuh Sheu, Sydney Rechie Necesario, Chen-Hao Huang, Jieru Ye, Ya-Ting Tai, Hsueh-Fen Juan, Feng-Chiao Tsai, Wei‐Chou Lin, Ying-Cheng Chiang, Lin‐Hung Wei, Ruby Yun‐Ju Huang	National Taiwan University, Keele University, National University of Singapore, National Taiwan University Hospital, Cancer Science Institute of Singapore	bioRxiv (Cold Spring Harbor Laboratory)	https://doi.org/10.1101/2024.10.19.619181	2	preprint	False	Cancer Research and Treatments	Biotechnology	Biochemistry, Genetics and Molecular Biology	Life Sciences	Cancer Research and Treatments; Molecular Biology Techniques and Applications	False	True	False	False	False
W4415654027	Single-cell spatial transcriptomics reveal intraglomerular cell activation and ligand-receptor relationships in chronic, active antibody mediated rejection	2025-10-29	Alessia Giarraputo, Evelyn Metzger, Nicole Lauren Brousaides, Jeremy Marcin, Claire Trivin-Avillach, Rex Neal Smith, Joseph Beechem, Ivy A. Rosales, Robert B. Colvin	Massachusetts General Hospital, Harvard University	Kidney International	https://doi.org/10.1016/j.kint.2025.08.042	4	article	False	Immune Cell Function and Interaction	Immunology	Immunology and Microbiology	Life Sciences	Immune Cell Function and Interaction; Single-cell and spatial transcriptomics; T-cell and B-cell Immunology	False	True	False	False	False
W7214067838	Aged Mouse Brain Spatial Transcriptomics Collection	2026-05-08	Chase Matthew Carver, Marissa J. Schafer	Mayo Clinic	Cellular Senescence Network (SenNet)	https://doi.org/10.60586/snt249.tpcd.565	1	other	True	Unknown	Unknown	Unknown	Unknown	Unknown	False	True	True	False	False
W7161943818	Single-Cell Spatial Transcriptomics Reveals Sex-Specific Differences Driving Carotid Atherosclerotic Plaque Instability	2026-05-21	Jae Hyun Byun, Helena Papacostas Quintanilla, Karina Gasbarrino, Ioanna Gianopoulos, Ashot S. Harutyunyan, Spyros Oikonomopoulos, John P. Veinot, Huaien Zheng, Jiannis Ragoussis, Stella Styliani Daskalopoulou	McGill University Health Centre, University of Ottawa, Research Institute of the McGill University Health Centre, McGill University	Arteriosclerosis Thrombosis and Vascular Biology	https://doi.org/10.1161/atvbaha.125.323505	4	article	False	Single-cell and spatial transcriptomics	Molecular Biology	Biochemistry, Genetics and Molecular Biology	Life Sciences	Single-cell and spatial transcriptomics; Atherosclerosis and Cardiovascular Diseases; Cerebrovascular and Carotid Artery Diseases	False	True	False	False	False
W4400477001	UCS: a unified approach to cell segmentation for subcellular spatial transcriptomics	2024-07-08	Yuheng Chen, Xin Xu, Xiaomeng Wan, Jiashun Xiao, Can Yang	Hong Kong University of Science and Technology, Shenzhen Research Institute of Big Data	bioRxiv (Cold Spring Harbor Laboratory)	https://doi.org/10.1101/2024.07.08.601384	2	preprint	True	Single-cell and spatial transcriptomics	Molecular Biology	Biochemistry, Genetics and Molecular Biology	Life Sciences	Single-cell and spatial transcriptomics	False	True	False	False	False
W4393305607	Spatially Segregated Macrophage Populations Predict Distinct Outcomes in Colon Cancer	2024-03-27	Magdalena Matusiak, John W. Hickey, David G.P. van IJzendoorn, Guolan Lu, Łukasz Kidziński, Shirley Zhu, Deana R.C. Colburg, Bogdan A. Luca, Darci J. Phillips, Sky W. Brubaker, Gregory W. Charville, Jeanne Shen, Kyle M. Loh, Derick K. Okwan-Duodu, Garry P. Nolan, Aaron M. Newman, Robert B. West, Matt van de Rijn	Stanford University, Cedars-Sinai Medical Center, Stanford Cancer Institute, Stanford Medicine, Institute for Stem Cell Biology and Regenerative Medicine	Cancer Discovery	https://doi.org/10.1158/2159-8290.cd-23-1300	165	article	True	Immune cells in cancer	Immunology	Immunology and Microbiology	Life Sciences	Immune cells in cancer; Inflammasome and immune disorders; IL-33, ST2, and ILC Pathways	False	True	False	False	False
W4386916082	Mapping Cellular Interactions from Spatially Resolved Transcriptomics Data	2023-09-21	James J. Zhu, Yunguan Wang, Woo Yong Chang, Alicia Malewska, Fabiana Napolitano, Jeffrey C. Gahan, Nisha Unni, Min Zhao, Rongqing Yuan, Fangjiang Wu, Lauren Yue, Lei Ming Guo, Zhuo Zhao, Danny Z. Chen, Raquibul Hannan, Siyuan Zhang, Guanghua Xiao, Ping Mu, Ariella B. Hanker, Douglas W. Strand, Carlos L. Arteaga, Neil Bipinchandra Desai, Xinlei Wang, Yang Xie, Tao Wang	The University of Texas at Arlington, The University of Texas Southwestern Medical Center, Cincinnati Children's Hospital Medical Center, Harold C. Simmons Comprehensive Cancer Center, University of Notre Dame, University of Cincinnati	bioRxiv (Cold Spring Harbor Laboratory)	https://doi.org/10.1101/2023.09.18.558298	3	preprint	True	Single-cell and spatial transcriptomics	Molecular Biology	Biochemistry, Genetics and Molecular Biology	Life Sciences	Single-cell and spatial transcriptomics; Gene expression and cancer classification; Molecular Biology Techniques and Applications	False	True	False	False	False
W4409086971	HISSTA: a human in situ single-cell transcriptome atlas	2025-03-29	Jiwon Yu, Jiwoo Moon, Minseo Kim, Gye Won Han, Insu Jang, Jinyoung Lim, Seungmook Lee, Seungmook Lee, Seok-Hwan Yoon, Woong-Yang Park, Sanghyuk Lee, Sanghyuk Lee, Sanghyuk Lee	Korea Bioinformation Center, Ewha Womans University, Korea Research Institute of Bioscience and Biotechnology	Bioinformatics	https://doi.org/10.1093/bioinformatics/btaf142	2	article	True	Single-cell and spatial transcriptomics	Molecular Biology	Biochemistry, Genetics and Molecular Biology	Life Sciences	Single-cell and spatial transcriptomics; Cell Image Analysis Techniques; Ferroptosis and cancer prognosis	False	True	False	False	False
W4399303767	SpaNorm: spatially-aware normalisation for spatial transcriptomics data	2024-06-03	Agus Salim, Dharmesh D. Bhuva, Carissa Chen, Pengyi Yang, Melissa J. Davis, Jean Yee Hwa Yang	The University of Melbourne, The University of Adelaide, The University of Sydney, Children's Medical Research Institute	bioRxiv (Cold Spring Harbor Laboratory)	https://doi.org/10.1101/2024.05.31.596908	3	preprint	True	Single-cell and spatial transcriptomics	Molecular Biology	Biochemistry, Genetics and Molecular Biology	Life Sciences	Single-cell and spatial transcriptomics; Gene expression and cancer classification; Cancer-related molecular mechanisms research	False	True	False	False	False
W4410707839	Spatial Biology and Organoid Technologies Reveal a Potential Therapy-Resistant Cancer Stem Cell Population in Pancreatic Ductal Adenocarcinoma	2025-05-24	Pritha Adhikary, Jayati L. Chakrabarti, Jiang Wang, Ugonna Ezuma-Igwe, Xi Sun, Willian C. Bastian, Nicolas Braissand, Megan P. Corbett, Eugene F. Douglass, Sangmin Kim, Rohan Kanakamedala, Abigail G. Branch, Saptarshi Mallick, Meenu Priya Resmi, Payton D. Stevens, Marco Padilla‐Rodriguez, Maga Sanchez, Gregory Lawrence Beatty, James I. Griffin, Petros G. Nikolinankos, Kellen Chen, Taylor Sohn Riall, Syed Arif Ahmad, Rachna T. Shroff, Frédéric Hollande, Davendra P. S. Sohal, Yana Zavros	The University of Melbourne, University of Pennsylvania, University Cancer and Blood Center, University of Arizona Cancer Center, University of Cincinnati, Victorian Comprehensive Cancer Centre, University of Arizona, Miami University, University of Georgia	bioRxiv (Cold Spring Harbor Laboratory)	https://doi.org/10.1101/2025.05.22.655586	1	preprint	True	Pancreatic and Hepatic Oncology Research	Oncology	Medicine	Health Sciences	Pancreatic and Hepatic Oncology Research; Cancer Genomics and Diagnostics; Cancer Cells and Metastasis	False	True	False	False	False
W4407272261	Φ-Space ST: A platform-agnostic method to identify cell states in spatial transcriptomics studies	2026-06-12	Jiadong Mao, Jarny Choi, Kim‐Anh Lê Cao	The University of Melbourne, St Vincents Institute of Medical Research	Cell Reports Methods	https://doi.org/10.1016/j.crmeth.2026.101483	1	article	True	Single-cell and spatial transcriptomics	Molecular Biology	Biochemistry, Genetics and Molecular Biology	Life Sciences	Single-cell and spatial transcriptomics	False	True	False	False	False
W4313591752	Spatial molecular imaging of the human type 2 diabetic islet	2023-01-04	Grant R. Kolar, David Ross, Emily E. Killingbeck, Willis K. Samson, Gina L. C. Yosten	Nanostring Technologies (United States), Saint Louis University	bioRxiv (Cold Spring Harbor Laboratory)	https://doi.org/10.1101/2023.01.04.519955	2	preprint	True	Pancreatic function and diabetes	Surgery	Medicine	Health Sciences	Pancreatic function and diabetes; Single-cell and spatial transcriptomics; Diabetes and associated disorders	False	True	False	False	False
W4390814844	Unsupervised spatially embedded deep representation of spatial transcriptomics	2024-01-12	Hang Xu, Huazhu Fu, Yahui Long, Kok Siong Ang, Raman Sethi, Kelvin Kian Long Chong, Mengwei Li, Rom Uddamvathanak, Hong Kai Lee, Jingjing J. Ling, Ao Chen, Ling Shao, Longqi Liu, Jinmiao Chen	University of Chinese Academy of Sciences, Agency for Science, Technology and Research, BGI Research, National University of Singapore, Jinfeng Laboratory, BGI Group (China), Singapore Immunology Network, Institute of High Performance Computing	Genome Medicine	https://doi.org/10.1186/s13073-024-01283-x	403	article	True	Single-cell and spatial transcriptomics	Molecular Biology	Biochemistry, Genetics and Molecular Biology	Life Sciences	Single-cell and spatial transcriptomics; Gene expression and cancer classification; Immune cells in cancer	False	True	True	False	False
W7131168705	Pixel2Gene enables histology-guided reconstruction and prediction of spatial gene expression	2026-02-23	Sicong Yao, Amelia R. Schroeder, Shunzhou Jiang, Soyoung Im, Jeong Hwang Park, Bernhard Dumoulin, Tae Hyun Hwang, Katalin Suszták, Mingyao Li	Vanderbilt University Medical Center, Children's Hospital of Philadelphia, Catholic University of Korea, University of Pennsylvania, Vanderbilt University, Seoul National University, St. Jude Children's Research Hospital, Seoul Metropolitan Government, The Catholic University of Korea St. Vincent's Hospital	bioRxiv (Cold Spring Harbor Laboratory)	https://doi.org/10.64898/2026.02.21.707168	2	preprint	True	Single-cell and spatial transcriptomics	Molecular Biology	Biochemistry, Genetics and Molecular Biology	Life Sciences	Single-cell and spatial transcriptomics; Cell Image Analysis Techniques; Gene expression and cancer classification	False	True	False	False	False
W4406546732	Comparison of imaging-based single-cell resolution spatial transcriptomics profiling platforms using formalin-fixed, paraffin-embedded tumor samples	2025-01-16	Luisa M. Solis Soto, Nejla Ozirmak Lermi, Max Molina Ayala, Sharia D. Hernandez, Wei Lu, Khaja B. Khan, Alejandra G. Serrano, Idania Carolina Lubo Julio, Leticia Hamana, Katarzyna J. Tomczak, Sean Barnes, Jinzhuang Dou, Qingnan Liang, RTI Team, Maria Gabriela Raso, Ximing Tang, Mei Jiang, Beatriz Sánchez‐Espiridión, Annikka Weissferdt, John Victor Heymach, Jianjun J. Zhang, Boris Sepesi, Tina Cascone, Anne S. Tsao, Mehmet Altan, Reza John Mehran, Don Lynn Gibbons, Ignacio Wistuba, Cara Haymaker, Ken Chen	The University of Texas MD Anderson Cancer Center	Research Square	https://doi.org/10.21203/rs.3.rs-5656204/v1	1	preprint	True	Single-cell and spatial transcriptomics	Molecular Biology	Biochemistry, Genetics and Molecular Biology	Life Sciences	Single-cell and spatial transcriptomics	False	True	True	False	False
W7128219972	Advances in Spatial Transcriptomics for Infectious Disease Research: Insight for Vaccine Development	2026-02-07	Taehwan Oh	Dankook University	Vaccines	https://doi.org/10.3390/vaccines14020158	2	article	True	Single-cell and spatial transcriptomics	Molecular Biology	Biochemistry, Genetics and Molecular Biology	Life Sciences	Single-cell and spatial transcriptomics; Immune responses and vaccinations; Tuberculosis Research and Epidemiology	False	True	True	False	False
W4387981851	Identifying the common denominator: Dectin-1 as a promising marker for macrophage modulation in lung cancer and fibrosis	2023-09-09	Safaa Naiel, Anna Dvorkin‐Gheva, Megan Vierhout, Anmar Ayaub, Takuma Isshiki, Pareesa Ali, Spencer D. Revill, Amir Reihani, Pavithra Parthasarthy, Hemisha Patel, Ashgar Naqvi, Martin R.J. Kolb, Kjetil Ask	McMaster University	Unknown	https://doi.org/10.1183/13993003.congress-2023.pa4072	2	conference-abstract	False	Interstitial Lung Diseases and Idiopathic Pulmonary Fibrosis	Pulmonary and Respiratory Medicine	Medicine	Health Sciences	Interstitial Lung Diseases and Idiopathic Pulmonary Fibrosis	False	True	False	False	False
W4411333463	20 | IMPACT OF EBV STATUS AND HISTOLOGY ON OUTCOMES WITH NIVOLUMAB‐AVD VERSUS Bv‐AVD IN PATIENTS ENROLLED ON SWOG S1826	2025-06-01	Saira Ahmed, Hongli Li, Alex Francisco Herrera, Anamarija M. Perry, Alexandra E. Kovach, Kelly L. Davison, Sarah C. Rutherford, Sharon M. Castellino, Andrew M. Evens, Brad S. Kahl, Nancy L. Bartlett, John Paul Leonard, Margaret Ann Shipp, S. M Smith, KM Kelly, Michael Leo LeBlanc, Jonathan W. Friedberg, Joo Young Song	Roswell Park Comprehensive Cancer Center, Fred Hutch Cancer Center, Rutgers Cancer Institute, Washington University in St. Louis, University of Chicago, Children's Hospital of Los Angeles, Dana-Farber Cancer Institute, University of Michigan, The University of Texas MD Anderson Cancer Center, University of Rochester, Weill Cornell Medicine, McGill University Health Centre, Children's Healthcare of Atlanta, University of Rochester Medicine, City Of Hope National Medical Center, City of Hope	Hematological Oncology	https://doi.org/10.1002/hon.70093_20	1	article	True	Hepatitis C virus research	Hepatology	Medicine	Health Sciences	Hepatitis C virus research; CNS Lymphoma Diagnosis and Treatment; Blood groups and transfusion	False	True	False	False	False
W4379648824	AB0167 SINGLE-CELL SPATIAL TRANSCRIPTOME ANALYSIS IDENTIFIES DISEASE-SPECIFIC FIBROBLASTS IN RHEUMATOID VASCULITIS	2023-06-01	Atsuko Tsujii, Yoshihiko Hoshida, Tsutomu Tamada, D. Kim, Kenichi Yamamoto, Akihiko Nakabayashi, Maiko Yoshimura, Kentaro Isoda, Shiro Ohshima	Osaka Minami Medical Center	Annals of the Rheumatic Diseases	https://doi.org/10.1136/annrheumdis-2023-eular.728	1	conference-abstract	True	Systemic Lupus Erythematosus Research	Rheumatology	Medicine	Health Sciences	Systemic Lupus Erythematosus Research; Systemic Sclerosis and Related Diseases; Atherosclerosis and Cardiovascular Diseases	False	True	False	False	False
W4408215583	Epithelial Plasticity and an Immune Suppressive Microenvironment Underpin Tumour Budding in Colorectal Cancer	2025-03-07	Phimmada Hatthakarnkul, Natalie C. Fisher, Leonor Schubert Santana, Holly Leslie, Assya Legrini, Aula Ammar, Amna Matly, Kathryn A.F. Pennel, Ian R. Powley, Courtney Bull, Peter G. Alexander, Janos Sztanko, Jean A. Quinn, Jennifer R. Hay, Hannah Morgan, Claire Kennedy‐Dietrich, Yoana Doncheva, Gerard Lynch, Noori Maka, Hester Catharina Van Wyk, Andrew D. Campbell, Xiao Fu, Donald McMillan, Owen J. Sansom, Philip D. Dunne, Nigel Balfour Jamieson, Campbell S.D. Roxburgh, Chanitra Thuwajit, Joanne Edwards	Queen Elizabeth University Hospital, University of Glasgow, Glasgow Royal Infirmary, Cancer Research UK Scotland Institute, Queen's University Belfast, Mahidol University, Siriraj Hospital	bioRxiv (Cold Spring Harbor Laboratory)	https://doi.org/10.1101/2025.03.05.641608	1	preprint	False	Cancer Immunotherapy and Biomarkers	Oncology	Medicine	Health Sciences	Cancer Immunotherapy and Biomarkers; Colorectal Cancer Treatments and Studies; Inflammatory mediators and NSAID effects	False	True	False	False	False
W4414430539	SpaceSequest: A unified pipeline for spatial transcriptomics data analysis	2025-09-23	Yu Huining Sun, Sarbottam Piya, Zhengyu Ouyang, Yirui Chen, Jake Gagnon, Shaolong Cao, Haotian Zhang, Baobao Song, Jing Zhu, Khyati Raghunath Chandratre, Houlin Yu, Wenxing Hu, Matthew M. Ryals, Fergal Casey, Dann Huh, Baohong Zhang	Biogen (United States)	bioRxiv (Cold Spring Harbor Laboratory)	https://doi.org/10.1101/2025.09.15.676389	2	preprint	True	Microbial Community Ecology and Physiology	Ecology	Environmental Science	Physical Sciences	Microbial Community Ecology and Physiology; Genomics and Phylogenetic Studies; Gene expression and cancer classification	False	True	True	False	False
W4410195809	Next generation statistical framework for next generation spatial transcriptomics data	2025-05-08	Fatoumata Mangane, Pierre Bost	Dynamique de l'information génétique : bases fondamentales et cancer, Sorbonne Université, Institut Curie, Centre National de la Recherche Scientifique, Université Paris Sciences et Lettres	bioRxiv (Cold Spring Harbor Laboratory)	https://doi.org/10.1101/2025.05.02.651852	1	preprint	True	Single-cell and spatial transcriptomics	Molecular Biology	Biochemistry, Genetics and Molecular Biology	Life Sciences	Single-cell and spatial transcriptomics; Gene expression and cancer classification; Molecular Biology Techniques and Applications	False	True	False	False	False
W4391303177	Association of transitional gradient from clear cell to sarcomatoid renal cell carcinoma with macrophage/tumor cell crosstalk.	2024-01-29	Allison Marie May, Claire Michelle Williams, Stephanie The, Jake J. McGue, Matthew Wainstein, Greg Shelley, Tyler Robinson, Simpa Samuel Salami, Rohit S Mehra, Timothy L. Frankel, Aaron M. Udager, Evan T. Keller	Nanostring Technologies (United States), Michigan Medicine, University of Michigan	Journal of Clinical Oncology	https://doi.org/10.1200/jco.2024.42.4_suppl.480	1	conference-abstract	False	Cancer Cells and Metastasis	Oncology	Medicine	Health Sciences	Cancer Cells and Metastasis; Bladder and Urothelial Cancer Treatments; Metastasis and carcinoma case studies	False	True	False	False	False
W4408989477	Integrated single-cell and spatial analysis identifies context-dependent myeloid-T cell interactions in head and neck cancer immune checkpoint blockade response	2025-03-30	Athena E. Golfinos, Taja Ložar, P. Khatri, Rong Hu, Paul M. Harari, Paul F. Lambert, Megan Burke Fitzpatrick, Huy Q. Dinh	Institute of Oncology Ljubljana, University of Ljubljana, University of Wisconsin–Madison	bioRxiv (Cold Spring Harbor Laboratory)	https://doi.org/10.1101/2025.03.24.644582	6	preprint	True	Single-cell and spatial transcriptomics	Molecular Biology	Biochemistry, Genetics and Molecular Biology	Life Sciences	Single-cell and spatial transcriptomics; Cancer Immunotherapy and Biomarkers; Immune cells in cancer	False	True	False	False	False
W4393004135	SpatialData: an open and universal data framework for spatial omics	2024-03-20	Luca Marconato, Giovanni Palla, Kevin A. Yamauchi, Isaac Virshup, Elyas Heidari, Tim Treis, Wouter-Michiel Vierdag, Marcella Toth, Sonja Stockhaus, Rahul B. Shrestha, Benjamin Rombaut, Lotte Pollaris, Laurens Lehner, Harald S. Vöhringer, Ilia Kats, Yvan Saeys, Sinem K. Saka, Wolfgang K. Huber, Moritz Gerstung, Josh Moore, Fabian Joachim Theis, Oliver Stegle	Institute of Computational Biology, VIB.AI, European Molecular Biology Laboratory, SIB Swiss Institute of Bioinformatics, Technical University of Munich, Ghent University, VIB-UGent Center for Inflammation Research, Helmholtz Munich, German BioImaging – Gesellschaft für Mikroskopie und Bildanalyse, ETH Zurich, German Cancer Research Center, Wellcome Sanger Institute, Heidelberg University	Nature Methods	https://doi.org/10.1038/s41592-024-02212-x	211	article	True	Single-cell and spatial transcriptomics	Molecular Biology	Biochemistry, Genetics and Molecular Biology	Life Sciences	Single-cell and spatial transcriptomics; Gene expression and cancer classification; Bioinformatics and Genomic Networks	False	True	False	False	False
W4362595845	Abstract 2083: Solving the problem of spatial informatics: Harnessing the power of the cloud and enabling the integration of open source tools for spatial ‘omics analytics	2023-04-04	Jason Reeves, David Henderson, Matt Crow, April Munn, Kenlyn Terai, Joachim Schmid	Nanostring Technologies (United States)	Cancer Research	https://doi.org/10.1158/1538-7445.am2023-2083	1	conference-abstract	False	Health, Environment, Cognitive Aging	Health, Toxicology and Mutagenesis	Environmental Science	Physical Sciences	Health, Environment, Cognitive Aging; Microbial Community Ecology and Physiology; Gene expression and cancer classification	False	True	True	False	False
W7151402358	A Multimodal Foundation Model of Spatial Transcriptomics and Histology for Biological Discovery and Clinical Prediction	2026-04-04	Jinxi Xiang, Siyu Hou, Yuchen Li, Ryan J. Quinton, Xiaoming Zhang, Feyisope R. Eweje, Xiangde Luo, Yijiang Chen, Zhe Quan LI, Colin P. Bergstrom, Ted Kim, Sierra Willens, Francesca Olguin, Matthew Abikenari, Andrew Heider, Sanjeeth Rajaram, Joel W. Neal, Maximilian Diehn, Xiang Zhou, Ruijiang Li		arXiv (Cornell University)	https://doi.org/10.48550/arxiv.2604.03630	1	preprint	True	Single-cell and spatial transcriptomics	Molecular Biology	Biochemistry, Genetics and Molecular Biology	Life Sciences	Single-cell and spatial transcriptomics; Cell Image Analysis Techniques; Gene expression and cancer classification	False	True	False	False	False
W4399863709	Advances in spatial transcriptomics and its applications in cancer research	2024-06-20	Yang Jin, Yuanli Zuo, Gang Li, Wenrong Liu, Yitong Pan, Ting Fan, Xin Yuan Fu, Xiaojun Yao, Yong Peng	Sichuan University, West China Medical Center of Sichuan University, State Key Laboratory of Biotherapy, Public Health Clinical Center of Chengdu, West China Hospital of Sichuan University	Molecular Cancer	https://doi.org/10.1186/s12943-024-02040-9	163	article	True	Single-cell and spatial transcriptomics	Molecular Biology	Biochemistry, Genetics and Molecular Biology	Life Sciences	Single-cell and spatial transcriptomics; Immune cells in cancer; Molecular Biology Techniques and Applications	False	True	True	False	False
W7118159609	Spatially Resolved Multiomics Reveals Metabolic Remodeling and Autophagy Activation in Adamantinomatous Craniopharyngiomas	2026-01-05	Dongting Chen, Yahui Gao, Yulin Wang, Ting Lei, Zheng Qu, Yuhan An, Jiaxu Fu, X. Li, F J Liu, Yan Li	Capital Medical University, Chinese Academy of Medical Sciences & Peking Union Medical College, Beijing Sanbo Brain Hospital	Advanced Science	https://doi.org/10.1002/advs.202516965	1	article	True	Pituitary Gland Disorders and Treatments	Endocrinology, Diabetes and Metabolism	Medicine	Health Sciences	Pituitary Gland Disorders and Treatments; Glioma Diagnosis and Treatment; Cancer, Hypoxia, and Metabolism	False	True	False	False	False
W4410805283	Concurrent GLP1R-agonist use with chemoimmunotherapy for early-stage triple-negative breast cancer.	2025-05-28	Bethania Santos, Ishrat Durdana, Heather L. McArthur, Felipe Segato Dezem, Hannah Chasteen, Maycon Marção, Jasmine Plummer, Alexis Ann LeVee, Megan Hoikei Wong, Joanne E. Mortimer, Joshua James Gruber	City Of Hope National Medical Center, St. Jude Children's Research Hospital, The University of Texas Southwestern Medical Center	Journal of Clinical Oncology	https://doi.org/10.1200/jco.2025.43.16_suppl.1115	5	conference-abstract	False	Growth Hormone and Insulin-like Growth Factors	Endocrinology, Diabetes and Metabolism	Medicine	Health Sciences	Growth Hormone and Insulin-like Growth Factors; Metabolism, Diabetes, and Cancer; Cancer, Stress, Anesthesia, and Immune Response	False	True	False	False	False
W4385612210	SpaRx: Elucidate single-cell spatial heterogeneity of drug responses for personalized treatment	2023-08-06	Ziyang Tang, Xiang Liu, Zuotian Li, Tonglin Zhang, Baijian Yang, Jing Su, Qianqian Song	Wake Forest Baptist Comprehensive Cancer Center, Wake Forest University, Atrium Health Wake Forest Baptist, Indiana University School of Medicine, Purdue University West Lafayette	bioRxiv (Cold Spring Harbor Laboratory)	https://doi.org/10.1101/2023.08.03.551911	2	preprint	True	Single-cell and spatial transcriptomics	Molecular Biology	Biochemistry, Genetics and Molecular Biology	Life Sciences	Single-cell and spatial transcriptomics; Cancer Immunotherapy and Biomarkers; Immune responses and vaccinations	False	True	False	False	False
W7136669946	Integrated Single-Cell and Spatial Analysis Reveals Context-Dependent Myeloid–T Cell Interactions in Response to Immune Checkpoint Blockade in Head and Neck Cancer	2026-03-16	Athena E. Golfinos, Taja Ložar, P. Khatri, Evan D. Johns, Rong Hu, Paul M. Harari, Paul F. Lambert, Megan Burke Fitzpatrick, Huy Q. Dinh	Institute of Oncology Ljubljana, University of Wisconsin Carbone Cancer Center, University of Ljubljana, University of Wisconsin–Madison	Clinical Cancer Research	https://doi.org/10.1158/1078-0432.ccr-25-2300	2	article	True	Single-cell and spatial transcriptomics	Molecular Biology	Biochemistry, Genetics and Molecular Biology	Life Sciences	Single-cell and spatial transcriptomics; Cancer Immunotherapy and Biomarkers; Chemokine receptors and signaling	False	True	False	False	False
W4400594688	Analysis of community connectivity in spatial transcriptomics data	2024-07-12	Juan Xie, Kyeong Joo Jung, Carter Allen, Yuzhou Chang, Subhadeep Paul, Zihai Li, Qin Ma, Dongjun Chung	The Ohio State University, The Ohio State University Comprehensive Cancer Center – Arthur G. James Cancer Hospital and Richard J. Solove Research Institute, Eli Lilly (United States)	Frontiers in Applied Mathematics and Statistics	https://doi.org/10.3389/fams.2024.1403901	1	article	True	Single-cell and spatial transcriptomics	Molecular Biology	Biochemistry, Genetics and Molecular Biology	Life Sciences	Single-cell and spatial transcriptomics; Gene expression and cancer classification; Bioinformatics and Genomic Networks	False	True	False	False	False
W4389498204	Systematic benchmarking of imaging spatial transcriptomics platforms in FFPE tissues	2023-12-08	Huan Wang, Ruixu Huang, Jack Nelson, Ce Gao, Miles Tran, Anna H. Yeaton, Kristen D. Felt, Kathleen Lindahl Pfaff, Teri J. Bowman, Scott J. Rodig, Kevin S. Wei, Brittany A. Goods, Samouil L. Farhi	Massachusetts Institute of Technology, Dartmouth College, Dana-Farber Cancer Institute, Harvard University, Brigham and Women's Hospital, Broad Institute, Immunai (United States), Dana-Farber Brigham Cancer Center	bioRxiv (Cold Spring Harbor Laboratory)	https://doi.org/10.1101/2023.12.07.570603	80	preprint	True	Single-cell and spatial transcriptomics	Molecular Biology	Biochemistry, Genetics and Molecular Biology	Life Sciences	Single-cell and spatial transcriptomics; Molecular Biology Techniques and Applications; Gene expression and cancer classification	False	True	False	False	False
W4384819322	Advances and prospects for the Human BioMolecular Atlas Program (HuBMAP)	2023-07-19	Sanjay R. Jain, Liming Pei, Jeffrey M. Spraggins, Michael R. Angelo, James P. Carson, Nils Gehlenborg, Fiona Ginty, Joana P. Gonçalves, James S. Hagood, John W. Hickey, Neil L. Kelleher, Louise Chang Laurent, Shin Lin, Yiing Lin, Huiping Liu, Alexandra Naba, Ernesto Satoshi Nakayasu, Weijun Qian, Andrea J. Radtke, Paul Robson, Brent R. Stockwell, Raf Van de Plas, Ioannis S. Vlachos, Mowei Zhou, Kyung Jin Ahn, Jamie Allen, David M. Anderson, Christopher Anderton, Christine A. Curcio, Alessia Angelin, Constadina Arvanitis, Lyla Atta, Demi Awosika-Olumo, Amir Bahmani, Huajun Bai, Karol S. Balderrama, Leandro Balzano, Gautam Kumar Bandyopadhyay, Shovik Bandyopadhyay, Ziv Bar‐Joseph, Kurt Thomas Barnhart, Daria Barwinska, Michael John Becich, Laren S. Becker, Winston R. Becker, Kenneth C Bedi, Sean C. Bendall, Kathy Benninger, David Betancur, Keith Bettinger, Sunteasja Billings, Philip D. Blood, Daniel Bolin, Samuel P. Border, Marc MB Bosse, Lisa Bramer, Maya Brewer, Maigan  A. Brusko, Andreas Bueckle, Karl Burke, Kristin Burnum-Johnson, Eugene C. Butcher, Elizabeth Ashley Butterworth, Long Cai, Riccardo Calandrelli, Michael A. Caldwell, Martha Campbell‐Thompson, Dongfeng Cao, Ivan Cao-Berg, Richard M. Caprioli, Chiara Caraccio, A Caron, Megan Carroll, Chrystal M. Chadwick, Angela Chen, Derek Chen, Fei Chen, Hao Chen, Jing Chen, Li Chen, Lu Chen, Kenneth B. Chiacchia, Sanghee Cho, Peter Chou, Lisa Choy, Cecilia Cisar, Gérémy Clair, Laura E. Clarke, Kelly A. Clouthier, Madeline E. Colley, Kristin Conlon, John M. Conroy, Kévin Contrepois, Anthony M. Corbett, Alex D. Corwin, Daniel J. Cotter, Elise T. Courtois, Aaron Cruz, Christopher Csonka, Kimberley Czupil	The University of Texas at Austin, Stanford University, Children's Hospital of Philadelphia, Washington University in St. Louis, Stanford Medicine, Harvard University, Broad Institute, University of Illinois Chicago, Northwestern University, University of Connecticut, Columbia University, University of Alabama at Birmingham, Texas Advanced Computing Center, Vanderbilt University Medical Center, Robert H. Lurie Comprehensive Cancer Center of Northwestern University, Stony Brook University, Carnegie Mellon University, Delft University of Technology, University of Rochester, National Institutes of Health, Pacific Northwest National Laboratory, European Bioinformatics Institute, Pittsburgh Supercomputing Center, University of Rochester Medicine, GE Global Research (United States), University of Pennsylvania, Beth Israel Deaconess Medical Center, New York Genome Center, Marquette University, California Institute of Technology, The Jackson Laboratory for Genomic Medicine, Indiana University, Environmental Molecular Sciences Laboratory, University of California San Diego, Vanderbilt University, National Institute of Allergy and Infectious Diseases, University of Washington, University of Florida, University of California, Santa Cruz, Johns Hopkins University, University of North Carolina at Chapel Hill, Indiana University Indianapolis, University of Pittsburgh, Indiana University Bloomington	Nature Cell Biology	https://doi.org/10.1038/s41556-023-01194-w	183	article	True	Health, Environment, Cognitive Aging	Health, Toxicology and Mutagenesis	Environmental Science	Physical Sciences	Health, Environment, Cognitive Aging; Single-cell and spatial transcriptomics; Bioinformatics and Genomic Networks	False	True	True	False	False
W7213584632	CosMx Transcriptomics	2026-01-01	Stephen A. Fisher, Josef Hardi, Richard S. Morgan, Mark A. Musen, Jonathan C. Silverstein, Erik C. Nordgren, Peter M. Kant, Brendan John Honick, Martin J. O’Connor, Jean G. Rosario, Nils Gehlenborg, Philip D. Blood, Kyung Jin Ahn, Christopher Anderton, Shovik Bandyopadhyay, Kenneth C Bedi, Maigan  A. Brusko, Martha Campbell‐Thompson, James P. Carson, Chase Matthew Carver, Jing Chen, Anthony M. Corbett, Alexandra E. Cuaycal, Penny Cuda, Dinh Diep, Sergii Domanskyi, Sean Donahue, Michael P. Duffy, Michael T. Eadon, Jean Fan, Mark A. Farrow, Kathleen M Fisch, William F. Flynn, James M. Fulcher, Soumya Ghose, Fiona Ginty, Joana P. Gonçalves, Yongqun Oliver He, Po Hu, Sanjay R. Jain, Thomas V. Karathanos, Madhurima Kaushal, Angela R.S. Kruse, Yu Mi Kwon, Blue B. Lake, Roy Lardenoije, Shin Lin, Yiing Lin, Scott A. Lindsay, Peiran Lu, Clayton E. Mathews, Elizabeth McDonough, Ricardo Melo Ferreira, Emma Monte, Kathleen E. O’Neill, Minxing Pang, Mana M. Parast, Liming Pei, Sam Peters, Ajay Pillai, Gloria Pryhuber, Ling Qin, Presha Rajbhandari, Matthew Ruffalo, Pinaki Sarder, Diane C. Saunders, Kevin Schneider, Lingyan Shi, Santhosh K. Sivajothi, David Glenn Smith, Jeffrey M. Spraggins, Valentina Stanley, Kai Tan, Anusha Thadi, Hua Tian, Morgan L. Turner, Ioannis S. Vlachos, Seth Winfree, Pei-Hsun Wu, Kevin  J. Zemaitis, Mowei Zhou, Chenchen Zhu	The University of Texas at Austin, Stanford University, Children's Hospital of Philadelphia, Altos Labs, Washington University in St. Louis, Columbia University Irving Medical Center, Harvard University, Emory University, Broad Institute, Northwestern University, The Ohio State University, Columbia University, Buck Institute for Research on Aging, Carnegie Mellon University, Delft University of Technology, University of Rochester, National Institutes of Health, Pacific Northwest National Laboratory, Zhejiang University, Indiana University School of Medicine, Pittsburgh Supercomputing Center, University of Rochester Medicine, University of Nebraska Medical Center, University of Pennsylvania, Beth Israel Deaconess Medical Center, University of Michigan, The Jackson Laboratory for Genomic Medicine, University of California San Diego, Vanderbilt University, University of Florida, Lurie Children's Hospital, Johns Hopkins University, Mayo Clinic, Brigham and Women's Hospital, University of Pittsburgh, University of Minnesota, Otsuka (United States)	The Human BioMolecular Atlas Program (HuBMAP)	https://doi.org/10.35079/hbm639.wwmd.883	0	standard	True	Unknown	Unknown	Unknown	Unknown	Unknown	False	True	False	False	False
W4411586501	CosMx for FFPE v1	2025-06-24	Joanna Bi	Stanford University	Unknown	https://doi.org/10.17504/protocols.io.3byl41mrolo5/v1	0	preprint	True	Single-cell and spatial transcriptomics	Molecular Biology	Biochemistry, Genetics and Molecular Biology	Life Sciences	Single-cell and spatial transcriptomics; Medical Imaging Techniques and Applications; Diverse Scientific and Economic Studies	False	True	False	False	False
W7117468960	A Single-Cell and Spatial Atlas of MVP-PAN Evolution Reveals a Desmoplastic Dependency to Overcome Glioblastoma Resistance	2025-12-29	Fang Wang, Xin Wu, Guozheng Zhao, Run Qing Huang, Chen Yang, Yu Bai, Wenqian Cao, Yue Lu, Yue Lu, Haohao Qiu, Hongyi Ling, Dengfeng Lu, Youjia Qiu, Juyi Zhang, Bixi Gao, Yanbo Yang, Ting Sun, Zhouqing Chen, Zhong Wang	First Affiliated Hospital of Soochow University, Johns Hopkins University, Johns Hopkins Hospital, Soochow University, Johns Hopkins Medicine	bioRxiv (Cold Spring Harbor Laboratory)	https://doi.org/10.64898/2025.12.25.696471	2	preprint	True	Glioma Diagnosis and Treatment	Genetics	Medicine	Health Sciences	Glioma Diagnosis and Treatment; Single-cell and spatial transcriptomics; Cancer Immunotherapy and Biomarkers	False	True	False	False	False
W4322768301	Methods and applications for single-cell and spatial multi-omics	2023-03-02	Katy Vandereyken, Alejandro Sifrim, Bernard Thienpont, Thierry Voet	Aligning Science Across Parkinson's, KU Leuven	Nature Reviews Genetics	https://doi.org/10.1038/s41576-023-00580-2	1255	review	True	Single-cell and spatial transcriptomics	Molecular Biology	Biochemistry, Genetics and Molecular Biology	Life Sciences	Single-cell and spatial transcriptomics; Gene Regulatory Network Analysis; Gene expression and cancer classification	False	True	True	False	False
W4388047830	629 Neoadjuvant SEMA4D inhibitor pepinemab combination with nivolumab increases crosstalk between B cell and CD26hi T cell in patients with resectable stage III melanoma	2023-10-31	Ayana T. Ruffin, Brian M. Olson, Crystal L. Mallow, Christine A. Reilly, Jacklyn Hammons, Jayden Kim, Brian Burns, Agnes Harutyunyan, Elizabeth Jane Evans, Terrence Lee Fisher, Maurice Zauderer, Keith A. Delman, Melinda Lynne Yushak, Ali Mokhtari, Douglas Parker, Ragini Reiney Kudchadkar, Chrystal Mary Paulos, Gregory B. Lesinski, Michael Lowe	Vaccinex (United States), Emory University, Winship Cancer Institute	Regular and Young Investigator Award Abstracts	https://doi.org/10.1136/jitc-2023-sitc2023.0629	1	conference-abstract	True	Axon Guidance and Neuronal Signaling	Cellular and Molecular Neuroscience	Neuroscience	Life Sciences	Axon Guidance and Neuronal Signaling; Angiogenesis and VEGF in Cancer; Phagocytosis and Immune Regulation	False	True	False	False	False
W4390032293	Multiomic spatial landscape of innate immune cells at human central nervous system borders	2023-12-20	Roman Sankowski, Patrick Süß, Alexander Benkendorff, Chotima Böttcher, Camila Fernández‐Zapata, Chintan Chhatbar, Jonathan Cahueau, Gianni Monaco, Adrià Dalmau Gasull, Ashkan Khavaran, Jürgen Grauvogel, Christian F. Scheiwe, Mukesch Johannes Shah, Dieter Henrik Heiland, Oliver Schnell, Filiz Markfeld-Erol, Mirjam Kunze, Robert Zeiser, Josef Priller, Marco Prinz	University of Freiburg, Friedrich-Alexander-Universität Erlangen-Nürnberg, Technical University of Munich, University of Edinburgh, Charité - Universitätsmedizin Berlin, Universitätsklinikum Erlangen, UK Dementia Research Institute, University Medical Center Freiburg	Nature Medicine	https://doi.org/10.1038/s41591-023-02673-1	149	article	True	Neuroinflammation and Neurodegeneration Mechanisms	Neurology	Neuroscience	Life Sciences	Neuroinflammation and Neurodegeneration Mechanisms; Immune responses and vaccinations; Single-cell and spatial transcriptomics	False	True	False	False	False
W4393073437	Abstract 233: Cabozantinib changes the landscape of the pancreatic tumor microenvironment and improves the efficacy of pembrolizumab	2024-03-22	Pritha Adhikary, Jayati L. Chakrabarti, Meenu Priya Resmi, Jiang Wang, Davendra P. S. Sohal, Rachna T. Shroff, Syed Arif Ahmad, Yana Zavros	University of Arizona, University of Cincinnati	Cancer Research	https://doi.org/10.1158/1538-7445.am2024-233	1	conference-abstract	False	Pancreatic and Hepatic Oncology Research	Oncology	Medicine	Health Sciences	Pancreatic and Hepatic Oncology Research; Cancer Immunotherapy and Biomarkers; Immune cells in cancer	False	True	False	False	False
W4415606640	Spatially resolved airway niches: mapping epithelial–immune microenvironments in asthma	2025-10-28	Molham Sakkal, Anan S. Jarab, Ahmad Z. Al Meslamani	Jordan University of Science and Technology, Al Ain University	Expert Review of Respiratory Medicine	https://doi.org/10.1080/17476348.2025.2582244	1	article	False	Single-cell and spatial transcriptomics	Molecular Biology	Biochemistry, Genetics and Molecular Biology	Life Sciences	Single-cell and spatial transcriptomics; Cell Image Analysis Techniques; Delphi Technique in Research	False	True	False	False	False
W7167241832	spHOT Simulation Dataset: scCube-generated spatial transcriptomics benchmarking data for spatial biomarker discovery	2026-07-03	Hoeyoung Kim, D. K. Kim, Sangwook Jung, Sangseon Lee, Kwangsoo Kim	Seoul National University, Seoul National University Hospital, Seoul National University Hospital Biomedical Research Institute, Inha University	Zenodo (CERN European Organization for Nuclear Research)	https://doi.org/10.5281/zenodo.21156231	1	dataset	True	Unknown	Unknown	Unknown	Unknown	Unknown	False	True	False	False	False
W4386692444	SiGra: single-cell spatial elucidation through an image-augmented graph transformer	2023-09-12	Ziyang Tang, Zuotian Li, Tieying Hou, Tonglin Zhang, Baijian Yang, Jing Su, Qianqian Song	Wake Forest University, University of Florida, Wake Forest University Health Sciences, Indiana University School of Medicine, Purdue University West Lafayette	Nature Communications	https://doi.org/10.1038/s41467-023-41437-w	81	article	True	Single-cell and spatial transcriptomics	Molecular Biology	Biochemistry, Genetics and Molecular Biology	Life Sciences	Single-cell and spatial transcriptomics; Cell Image Analysis Techniques; Immune cells in cancer	False	True	False	False	False
W4396734624	Spatial transcriptomics in health and disease	2024-05-08	Sanjay R. Jain, Michael T. Eadon	Indiana University – Purdue University Indianapolis, Indiana University Indianapolis, Washington University in St. Louis, Indiana University School of Medicine	Nature Reviews Nephrology	https://doi.org/10.1038/s41581-024-00841-1	130	review	True	Single-cell and spatial transcriptomics	Molecular Biology	Biochemistry, Genetics and Molecular Biology	Life Sciences	Single-cell and spatial transcriptomics	False	True	True	False	False
W4387982136	Spatial transcriptomic analysis reveals similar gene expression patterns in the Long COVID and IPF lungs.	2023-09-09	A. Justet, Claudia Ravaglia, Amy Y Zhao, Nibal Al Hussein, Taylor Sterling Adams, Agshin Balayev, Joe Deluliis, Naftali Kaminski, Sara Tomassetti, Venerino E. Poletti		Unknown	https://doi.org/10.1183/13993003.congress-2023.oa4198	1	conference-abstract	False	Radiomics and Machine Learning in Medical Imaging	Radiology, Nuclear Medicine and Imaging	Medicine	Health Sciences	Radiomics and Machine Learning in Medical Imaging	False	True	False	False	False
W7167667186	Spatial transcriptomic profiling of ovarian clear cell carcinoma reveals heterogeneity in OXPHOS and EMT gradients	2026-07-08	Thang Truong Le, Duncan Yi-Te Wang, Simin Yan, Yi-Cian Chen, Ko-Chen Chen, Tuan Zea Tan, Pei-Yu Chu, Denis Ting-Hsian Chen, Yi-Chia Chiu, Jia-Yuh Sheu, Sydney Rechie S. Necesario, Chun‐Yao Huang, Jieru Ye, Ya-Ting Tai, Hsueh‐Fen Juan, Feng chiao Tsai, Wei‐Chou Lin, Ying‐Cheng Chiang, Lin-Hung Wei, Ruby Yun‐Ju Huang	National Taiwan University, Keele University, National University of Singapore, National Taiwan University Hospital, Cancer Science Institute of Singapore	Nature Communications	https://doi.org/10.1038/s41467-026-74593-w	1	article	True	Single-cell and spatial transcriptomics	Molecular Biology	Biochemistry, Genetics and Molecular Biology	Life Sciences	Single-cell and spatial transcriptomics; Ferroptosis and cancer prognosis; Ovarian cancer diagnosis and treatment	False	True	False	False	False
W7213585876	CosMx Proteomics	2026-01-01	Stephen A. Fisher, Josef Hardi, Richard S. Morgan, Mark A. Musen, Jonathan C. Silverstein, Erik C. Nordgren, Peter M. Kant, Brendan John Honick, Martin J. O’Connor, Jean G. Rosario, Nils Gehlenborg, Philip D. Blood, Kyung Jin Ahn, Christopher Anderton, Shovik Bandyopadhyay, Kenneth C Bedi, Maigan  A. Brusko, Martha Campbell‐Thompson, James P. Carson, Chase Matthew Carver, Jing Chen, Anthony M. Corbett, Alexandra E. Cuaycal, Penny Cuda, Dinh Diep, Sergii Domanskyi, Sean Donahue, Michael P. Duffy, Michael T. Eadon, Jean Fan, Mark A. Farrow, Kathleen M Fisch, William F. Flynn, James M. Fulcher, Soumya Ghose, Fiona Ginty, Joana P. Gonçalves, Yongqun Oliver He, Po Hu, Sanjay R. Jain, Thomas V. Karathanos, Madhurima Kaushal, Angela R.S. Kruse, Yu Mi Kwon, Blue B. Lake, Roy Lardenoije, Shin Lin, Yiing Lin, Scott A. Lindsay, Peiran Lu, Clayton E. Mathews, Elizabeth McDonough, Ricardo Melo Ferreira, Emma Monte, Kathleen E. O’Neill, Minxing Pang, Mana M. Parast, Liming Pei, Sam Peters, Ajay Pillai, Gloria Pryhuber, Ling Qin, Presha Rajbhandari, Matthew Ruffalo, Pinaki Sarder, Diane C. Saunders, Kevin Schneider, Lingyan Shi, Santhosh K. Sivajothi, David Glenn Smith, Jeffrey M. Spraggins, Valentina Stanley, Kai Tan, Anusha Thadi, Hua Tian, Morgan L. Turner, Ioannis S. Vlachos, Seth Winfree, Pei-Hsun Wu, Kevin  J. Zemaitis, Mowei Zhou, Chenchen Zhu	The University of Texas at Austin, Stanford University, Children's Hospital of Philadelphia, Altos Labs, Washington University in St. Louis, Columbia University Irving Medical Center, Harvard University, Emory University, Broad Institute, Northwestern University, The Ohio State University, Columbia University, Buck Institute for Research on Aging, Carnegie Mellon University, Delft University of Technology, University of Rochester, National Institutes of Health, Pacific Northwest National Laboratory, Zhejiang University, Indiana University School of Medicine, Pittsburgh Supercomputing Center, University of Rochester Medicine, University of Nebraska Medical Center, University of Pennsylvania, Beth Israel Deaconess Medical Center, University of Michigan, The Jackson Laboratory for Genomic Medicine, University of California San Diego, Vanderbilt University, University of Florida, Lurie Children's Hospital, Johns Hopkins University, Mayo Clinic, Brigham and Women's Hospital, University of Pittsburgh, University of Minnesota, Otsuka (United States)	The Human BioMolecular Atlas Program (HuBMAP)	https://doi.org/10.35079/hbm957.hknh.796	0	standard	True	Unknown	Unknown	Unknown	Unknown	Unknown	False	True	False	False	False
W7162111772	CosMx datasets	2026-05-22	Michael G. Kattah, Elvira Mennillo, Alexis J. Combes, Gabriela Fragiadakis, Madison Lotstein		Figshare	https://doi.org/10.6084/m9.figshare.27327861.v1	0	dataset	True	Unknown	Unknown	Unknown	Unknown	Unknown	False	True	False	False	False
W7162135271	CosMx datasets	2026-05-22	Michael G. Kattah, Elvira Mennillo, Alexis J. Combes, Gabriela Fragiadakis, Madison Lotstein		Figshare	https://doi.org/10.6084/m9.figshare.27327861	0	dataset	True	Unknown	Unknown	Unknown	Unknown	Unknown	False	True	False	False	False
W7164835866	Spatial omics: current advances, biomedical applications, and future perspectives	2026-06-15	Min-Hye Kim, Hee‐Jae Cha	Kosin University Gospel Hospital, Kosin University	Kosin Medical Journal	https://doi.org/10.7180/kmj.26.165	1	article	True	Prostate Cancer Treatment and Research	Pulmonary and Respiratory Medicine	Medicine	Health Sciences	Prostate Cancer Treatment and Research; Pulmonary Hypertension Research and Treatments; Peptidase Inhibition and Analysis	False	True	False	False	False
W4394222812	Nanostring CosMx	2024-01-01	Ziyi Li		Figshare	https://doi.org/10.6084/m9.figshare.23972991	0	dataset	True	Nanowire Synthesis and Applications	Biomedical Engineering	Engineering	Physical Sciences	Nanowire Synthesis and Applications; Nanofabrication and Lithography Techniques; Advancements in Semiconductor Devices and Circuit Design	False	True	False	False	False
W4416812518	Acute Phase Response-driven Hepatic Niche Remodeling Promotes Fibrosis Resolution After Alcohol Cessation	2025-11-29	Michael P. Schonfeld, Kruti Nataraj, Samson Mah, Wei Hong Zhong, Steven A. Weinman, Irina Tikhanovich	University of Kansas Medical Center	Cellular and Molecular Gastroenterology and Hepatology	https://doi.org/10.1016/j.jcmgh.2025.101689	1	article	True	Liver physiology and pathology	Hepatology	Medicine	Health Sciences	Liver physiology and pathology; Organ Transplantation Techniques and Outcomes; Genetic and Kidney Cyst Diseases	False	True	False	False	False
W4310942643	Impact of the Human Cell Atlas on medicine	2022-12-01	Jennifer Rood, Aidan P. Maartens, Anna Hupalowska, Sarah Amalia Teichmann, Aviv Regev	Genentech, University of Cambridge, Wellcome Sanger Institute	Nature Medicine	https://doi.org/10.1038/s41591-022-02104-7	240	article	False	Single-cell and spatial transcriptomics	Molecular Biology	Biochemistry, Genetics and Molecular Biology	Life Sciences	Single-cell and spatial transcriptomics; Cell Image Analysis Techniques; Immune responses and vaccinations	False	True	True	False	False
W4406608369	A practical guide for choosing an optimal spatial transcriptomics technology from seven major commercially available options	2025-01-20	Hyun Ju Lim, Ye Wang, Anton A. Buzdin, Xinmin Li	University of California, Los Angeles, Sechenov University, Affiliated Hospital of Qingdao University, Qingdao University, Institute of Bioorganic Chemistry	BMC Genomics	https://doi.org/10.1186/s12864-025-11235-3	76	article	True	Single-cell and spatial transcriptomics	Molecular Biology	Biochemistry, Genetics and Molecular Biology	Life Sciences	Single-cell and spatial transcriptomics; Molecular Biology Techniques and Applications; Gene expression and cancer classification	False	True	True	False	False
W7115168552	MisTIC: Missegmented Transcript Inference Correction for Improved Spatial Transcriptomics Analysis	2025-12-15	Yuqiu Yang, Erica DePasquale, David Adeleke, Xiangfei Xie, Zeyu Lu, Michael D. Nelson, Guanghua Xiao, Xinlei Wang, Yunguan Wang	The University of Texas at Arlington, The University of Texas Southwestern Medical Center, Cincinnati Children's Hospital Medical Center, Harold C. Simmons Comprehensive Cancer Center, University of Cincinnati	bioRxiv (Cold Spring Harbor Laboratory)	https://doi.org/10.64898/2025.12.11.693759	1	preprint	True	Single-cell and spatial transcriptomics	Molecular Biology	Biochemistry, Genetics and Molecular Biology	Life Sciences	Single-cell and spatial transcriptomics; Gene expression and cancer classification; Cell Image Analysis Techniques	False	True	False	False	False
W4390838853	BIDCell: Biologically-informed self-supervised learning for segmentation of subcellular spatial transcriptomics data	2024-01-13	Xiaohang Fu, Yingxin Lin, David Ming Lin, Daniel Mechtersheimer, Chuhan Wang, Farhan Ameen, Shila Ghazanfar, Ellis Patrick, Jinman Kim, Jean Yee Hwa Yang	Laboratory of Data Discovery for Health, Westmead Institute for Medical Research, Cornell University, The University of Sydney	Nature Communications	https://doi.org/10.1038/s41467-023-44560-w	78	article	True	Single-cell and spatial transcriptomics	Molecular Biology	Biochemistry, Genetics and Molecular Biology	Life Sciences	Single-cell and spatial transcriptomics; Cell Image Analysis Techniques; Biosensors and Analytical Detection	False	True	False	False	False
W7129264316	jazzPanda: spatially aware marker gene detection for imaging-based spatial transcriptomics	2026-02-16	Xinyi Jin, Givanna Putri, Jinming Cheng, Marie-Liesse Asselin-Labat, Gordon K. Smyth, Belinda Phipson	Walter and Eliza Hall Institute of Medical Research, The University of Melbourne, National University of Singapore, Duke-NUS Medical School	bioRxiv (Cold Spring Harbor Laboratory)	https://doi.org/10.64898/2026.02.13.705867	1	preprint	True	Single-cell and spatial transcriptomics	Molecular Biology	Biochemistry, Genetics and Molecular Biology	Life Sciences	Single-cell and spatial transcriptomics; Gene expression and cancer classification; Cell Image Analysis Techniques	False	True	False	False	False
W4405764377	PRISM: A Python Package for Interactive and Integrated Analysis of Multiplexed Tissue Microarrays	2024-12-23	Rafael Tubelleza, A. Kilgallon, Chin Wee Tan, James H. Monkman, John Francis Fraser, Arutha Kulasinghe	Walter and Eliza Hall Institute of Medical Research, Prince Charles Hospital, The University of Queensland	bioRxiv (Cold Spring Harbor Laboratory)	https://doi.org/10.1101/2024.12.23.630034	1	preprint	True	Gene expression and cancer classification	Molecular Biology	Biochemistry, Genetics and Molecular Biology	Life Sciences	Gene expression and cancer classification	False	True	False	False	False
W4323044112	SRTsim: spatial pattern preserving simulations for spatially resolved transcriptomics	2023-03-03	Jiaqiang Zhu, Lulu Shang, Xiang Zhou	University of Michigan	Genome biology	https://doi.org/10.1186/s13059-023-02879-z	88	article	True	Single-cell and spatial transcriptomics	Molecular Biology	Biochemistry, Genetics and Molecular Biology	Life Sciences	Single-cell and spatial transcriptomics; Gene Regulatory Network Analysis; Gene expression and cancer classification	False	True	False	False	False
W4405126092	Biological and Prognostic Subgroups of Plasmablastic Lymphoma Defined By EBV Status and MYC Rearrangement- an L.L.M.P.P. Study	2024-11-05	Jasper Wong, Fabian Frontzek, Andrew G. Lytle, Brett J Collinge, Laura K. Hilton, Susana Ben‐Neriah, Graham W. Slack, Pedro Farinha, Alina S. Gerrie, Li Yang, Corinna Kosnopfel, James R. Cook, Itziar Salaverría, Elı́as Campo, German Ott, Andreas Rosenwald, Catalina Amador, Elaine S. Jaffe, Timothy C. Greiner, Philipp W. Raess, Joo Young Song, Giorgio Inghirami, Dennis D. Weisenburger, Wing Chung Chan, Harald Holte, Klaus Beiske, Kai Fu, Jan Delabie, Stefania Pittaluga, Andrew L. Feldman, Kerry J. J. Savage, Andrew J. J. Mungall, Christian Steidl, Georg Lenz, Lisa M. Rimsza, Ryan D. Morin, David William Scott	Dr. Margarete Fischer-Bosch-Institute of Clinical Pharmacology, University of Toronto, Canada's Michael Smith Genome Sciences Centre, University of Münster, Comprehensive Cancer Center Mainfranken, Simon Fraser University, National Cancer Institute, National Institutes of Health, Oregon Health & Science University, Hospital Clínic de Barcelona, University of Arizona, City Of Hope National Medical Center, University Hospital Münster, University of Nebraska Medical Center, Universitätsklinikum Würzburg, Oslo University Hospital, Robert Bosch Hospital, Roswell Park Comprehensive Cancer Center, Cleveland Clinic, Mayo Clinic, University of Miami, BC Cancer Agency, Consorci Institut D'Investigacions Biomediques August Pi I Sunyer, Weill Cornell Medicine	Blood	https://doi.org/10.1182/blood-2024-208880	2	conference-abstract	False	Viral-associated cancers and disorders	Oncology	Medicine	Health Sciences	Viral-associated cancers and disorders; Chronic Lymphocytic Leukemia Research; Lymphoma Diagnosis and Treatment	False	True	False	False	False
W7128523605	CosMx raw data files	2026-02-10	Los Angeles University of California, University of Michigan		Zenodo (CERN European Organization for Nuclear Research)	https://doi.org/10.5281/zenodo.18602259	0	dataset	True	Unknown	Unknown	Unknown	Unknown	Unknown	False	True	False	False	False
W4411586691	CosMx for FFPE v2	2025-06-24	Joanna Bi	Stanford University	Unknown	https://doi.org/10.17504/protocols.io.3byl41mrolo5/v2	0	preprint	True	Single-cell and spatial transcriptomics	Molecular Biology	Biochemistry, Genetics and Molecular Biology	Life Sciences	Single-cell and spatial transcriptomics; Medical Imaging Techniques and Applications; Advanced Biosensing Techniques and Applications	False	True	False	False	False
W4385760022	Spatial Transcriptomic Technologies	2023-08-10	Tsai-Ying Chen, Li You, José A. Hardillo, Miao‐Ping Chien	Erasmus University Rotterdam, Oncode Institute, Erasmus MC, Erasmus MC Cancer Institute	Cells	https://doi.org/10.3390/cells12162042	144	article	True	Single-cell and spatial transcriptomics	Molecular Biology	Biochemistry, Genetics and Molecular Biology	Life Sciences	Single-cell and spatial transcriptomics; Molecular Biology Techniques and Applications; Gene expression and cancer classification	False	True	True	False	False
W4393196586	Spatial transcriptomics reveals molecular dysfunction associated with cortical Lewy pathology	2024-03-26	Thomas M. Goralski, Lindsay K. Meyerdirk, Libby Breton, Laura Brasseur, Kevin Kurgat, Daniella DeWeerd, Lisa M. Turner, Katelyn Becker, Marie Adams, Daniel Newhouse, Michael X. Henderson	Nanostring Technologies (United States), Aligning Science Across Parkinson's, Van Andel Institute	Nature Communications	https://doi.org/10.1038/s41467-024-47027-8	79	article	True	Parkinson's Disease Mechanisms and Treatments	Neurology	Medicine	Health Sciences	Parkinson's Disease Mechanisms and Treatments; Nuclear Receptors and Signaling; Alzheimer's disease research and treatments	False	True	True	False	False
W7162217105	Molecular spatial profiling of chronic intervillositis of unknown etiology implies aberrant lipid metabolism	2026-05-23	Senthilkumar Kailasam, Bahi Fayek, Mohamed A. Bedaiwy, Jefferson Terry	University of British Columbia, McGill University	Placenta	https://doi.org/10.1016/j.placenta.2026.05.025	1	article	False	Pregnancy and Medication Impact	Public Health, Environmental and Occupational Health	Medicine	Health Sciences	Pregnancy and Medication Impact; Sarcoidosis and Beryllium Toxicity Research; Preterm Birth and Chorioamnionitis	False	True	False	False	False
W4322738920	Spatially informed clustering, integration, and deconvolution of spatial transcriptomics with GraphST	2023-03-01	Yahui Long, Kok Siong Ang, Mengwei Li, Kian Long Kelvin Chong, Raman Sethi, Chengwei Zhong, Hang Xu, Zhiwei Ong, Karishma Sachaphibulkij, Ao Chen, Li Zeng, Huazhu Fu, Min Wu, Lina H. K. Lim, Longqi Liu, Jinmiao Chen	Agency for Science, Technology and Research, Institute of High Performance Computing, BGI Research, National University of Singapore, Jinfeng Laboratory, BGI Group (China), Institute for Infocomm Research, Duke-NUS Medical School, Singapore Immunology Network, National Neuroscience Institute	Nature Communications	https://doi.org/10.1038/s41467-023-36796-3	702	article	True	Single-cell and spatial transcriptomics	Molecular Biology	Biochemistry, Genetics and Molecular Biology	Life Sciences	Single-cell and spatial transcriptomics; Gene expression and cancer classification	False	True	False	False	False
W4390828803	Niche-DE: niche-differential gene expression analysis in spatial transcriptomics data identifies context-dependent cell-cell interactions	2024-01-12	Kaishu Mason, Anuja Sathe, Paul R. Hess, Jiazhen Rong, Chi-Yun Wu, Emma Elizabeth Furth, Katalin Suszták, Jonathan L. Levinsohn, Hanlee P. Ji, Nancy R. Zhang	Gladstone Institutes, Stanford Medicine, Stanford University, University of Pennsylvania	Genome biology	https://doi.org/10.1186/s13059-023-03159-6	55	article	True	Single-cell and spatial transcriptomics	Molecular Biology	Biochemistry, Genetics and Molecular Biology	Life Sciences	Single-cell and spatial transcriptomics; Gene expression and cancer classification; Immune cells in cancer	False	True	False	False	False
W7117247234	Novel Acinar Metaplastic States Uncovered in Exocrine Pancreas Disease	2025-12-25	Katherine J. Aney, Woo‐Jeong Jeong, Pal Koak, Anders Öhman, Canh Hiep Nguyen, Brian Matthew Wolpin, Jonathan Andrew Nowak, Sahar Nissim	Massachusetts Institute of Technology, Dana-Farber Cancer Institute, Dana-Farber/Harvard Cancer Center, Harvard University, Brigham and Women's Hospital, Dana-Farber Brigham Cancer Center	Cellular and Molecular Gastroenterology and Hepatology	https://doi.org/10.1016/j.jcmgh.2025.101717	1	article	True	Pancreatic and Hepatic Oncology Research	Oncology	Medicine	Health Sciences	Pancreatic and Hepatic Oncology Research; Pancreatitis Pathology and Treatment; Pancreatic function and diabetes	False	True	False	False	False
W4402379066	Glioblastoma cells increase expression of notch signaling and synaptic genes within infiltrated brain tissue	2024-09-09	Dylan Scott Lykke Harwood, Vilde Pedersen, Nicolai Schou Bager, Ane Yde Schmidt, Tobias Overlund Stannius, Aušrinė Areškevičiūtė, Knud Elnegaard Josefsen, Dorte Schou Nørøxe, David Scheie, Hannah Rostalski, Maya Jeje Schuang Lü, Alessio Locallo, Ulrik Lassen, Frederik Otzen Bagger, Joachim Weischenfeldt, Dieter Henrik Heiland, Kristoffer Vitting‐Seerup, Signe Regner Michaelsen, Bjarne Winther Kristensen	University of Freiburg, University of Copenhagen, Deutsches Konsortium für Translationale Krebsforschung, Copenhagen University Hospital, Northwestern University, Technical University of Denmark, University Medical Center Freiburg, Rigshospitalet	Nature Communications	https://doi.org/10.1038/s41467-024-52167-y	66	article	True	Single-cell and spatial transcriptomics	Molecular Biology	Biochemistry, Genetics and Molecular Biology	Life Sciences	Single-cell and spatial transcriptomics; Glioma Diagnosis and Treatment; Neuroinflammation and Neurodegeneration Mechanisms	False	True	False	False	False
W7213300533	UC VDZ longitude CosMx (Vedo CosMx cohort 2) input files for Seurat obj	2026-09-15	Cenfu Wei		Figshare	https://doi.org/10.6084/m9.figshare.32810471	0	dataset	True	Unknown	Unknown	Unknown	Unknown	Unknown	False	True	False	False	False
W4285822031	Challenges and Opportunities for Immunoprofiling Using a Spatial High-Plex Technology: The NanoString GeoMx® Digital Spatial Profiler	2022-06-29	Sharia D. Hernandez, Rossana Lazcano, Alejandra G. Serrano, Steven Francis Powell, Larissa Kostousov, Jay Mehta, Khaja B. Khan, Wei Lu, Luisa Maren Solis	The University of Texas MD Anderson Cancer Center	Frontiers in Oncology	https://doi.org/10.3389/fonc.2022.890410	129	article	True	Single-cell and spatial transcriptomics	Molecular Biology	Biochemistry, Genetics and Molecular Biology	Life Sciences	Single-cell and spatial transcriptomics; CAR-T cell therapy research; Immunotherapy and Immune Responses	False	True	True	False	False
W7213588853	UC VDZ non-longitude CosMx (Vedo CosMx cohort 1) input files for Seurat object	2026-09-18	Cenfu Wei		Figshare	https://doi.org/10.6084/m9.figshare.33818428.v1	0	dataset	True	Unknown	Unknown	Unknown	Unknown	Unknown	False	True	False	False	False
W4414767141	CosMx Spatial Transcriptomics Protocol v1	2025-09-23	Asmita Kishor Lagwankar, Amanda L. Knoten, Stephanie Reinert, Sanjay R. Jain	Washington University in St. Louis	Unknown	https://doi.org/10.17504/protocols.io.x54v95w7pl3e/v1	0	preprint	True	Molecular Biology Techniques and Applications	Molecular Biology	Biochemistry, Genetics and Molecular Biology	Life Sciences	Molecular Biology Techniques and Applications	False	True	False	False	False
W7213582607	UC VDZ non-longitude CosMx (Vedo CosMx cohort 1) input files for Seurat object	2026-09-18	Cenfu Wei		Figshare	https://doi.org/10.6084/m9.figshare.33818428	0	dataset	True	Unknown	Unknown	Unknown	Unknown	Unknown	False	True	False	False	False
W4411634512	CosMx RNA Slide Preparation v1	2024-04-25	Spatial Touchstone		Unknown	https://doi.org/10.17504/protocols.io.eq2lywpomvx9/v1	0	preprint	True	Single-cell and spatial transcriptomics	Molecular Biology	Biochemistry, Genetics and Molecular Biology	Life Sciences	Single-cell and spatial transcriptomics; RNA Research and Splicing; Molecular Biology Techniques and Applications	False	True	False	False	False
W4411634550	CosMx Protein slide preparation v1	2024-04-25	Spatial Touchstone		Unknown	https://doi.org/10.17504/protocols.io.bp2l62bokgqe/v1	0	preprint	True	Genetics, Bioinformatics, and Biomedical Research	Molecular Biology	Biochemistry, Genetics and Molecular Biology	Life Sciences	Genetics, Bioinformatics, and Biomedical Research	False	True	False	False	False
W4388615764	standR: spatial transcriptomic analysis for GeoMx DSP data	2023-10-24	Ning Liu, Dharmesh D. Bhuva, Ahmed Mohamed, Micah Bokelund, Arutha Kulasinghe, Chin Wee Tan, Melissa J. Davis	Walter and Eliza Hall Institute of Medical Research, The University of Melbourne, The University of Adelaide, The University of Queensland	Nucleic Acids Research	https://doi.org/10.1093/nar/gkad1026	81	article	True	Genomics and Phylogenetic Studies	Molecular Biology	Biochemistry, Genetics and Molecular Biology	Life Sciences	Genomics and Phylogenetic Studies; Single-cell and spatial transcriptomics; Gene expression and cancer classification	False	True	True	False	False
W4307357496	Insitutype: likelihood-based cell typing for single cell spatial transcriptomics	2022-10-21	Patrick J. Danaher, Edward J. Zhao, Zhi Gang Yang, David Ross, Mark Gregory, Zach Reitz, Tae Kyoung Kim, Sarah K. Baxter, Shaun W. Jackson, Shanshan He, Dave Henderson, Joseph Beechem	Seattle Children's Hospital, University of Washington, Seattle Children's Research Institute	bioRxiv (Cold Spring Harbor Laboratory)	https://doi.org/10.1101/2022.10.19.512902	65	preprint	True	Single-cell and spatial transcriptomics	Molecular Biology	Biochemistry, Genetics and Molecular Biology	Life Sciences	Single-cell and spatial transcriptomics	False	True	False	False	False
W7213280606	UC VDZ longitude CosMx (Vedo CosMx cohort 2) input files for Seurat obj	2026-09-15	Cenfu Wei		Figshare	https://doi.org/10.6084/m9.figshare.32810471.v1	0	dataset	True	Unknown	Unknown	Unknown	Unknown	Unknown	False	True	False	False	False
W4385515928	The dawn of spatial omics	2023-08-03	Dario Bressan, Giorgia Battistoni, Gregory James Hannon	University of Cambridge, Cancer Research UK	Science	https://doi.org/10.1126/science.abq4964	620	article	True	Single-cell and spatial transcriptomics	Molecular Biology	Biochemistry, Genetics and Molecular Biology	Life Sciences	Single-cell and spatial transcriptomics; Health, Environment, Cognitive Aging; Gene Regulatory Network Analysis	False	True	True	False	False
W7128512456	CosMx raw data files	2026-02-10	Los Angeles University of California, University of Michigan		Zenodo (CERN European Organization for Nuclear Research)	https://doi.org/10.5281/zenodo.18602258	0	dataset	True	Unknown	Unknown	Unknown	Unknown	Unknown	False	True	False	False	False
W4409218953	CosMx FFPE Microtome Sectioning v1	2025-04-07	Joanna Bi	Stanford University	Unknown	https://doi.org/10.17504/protocols.io.14egn4z3mv5d/v1	0	preprint	True	Nanofabrication and Lithography Techniques	Biomedical Engineering	Engineering	Physical Sciences	Nanofabrication and Lithography Techniques; Electron and X-Ray Spectroscopy Techniques; Microfluidic and Capillary Electrophoresis Applications	False	True	False	False	False
W7213224886	UC VDZ non-longitude CosMx (Vedo CosMx cohort 1) integrated Seurat object	2026-09-15	Cenfu Wei		Figshare	https://doi.org/10.6084/m9.figshare.30767693.v1	0	dataset	True	Unknown	Unknown	Unknown	Unknown	Unknown	False	True	False	False	False
W7115065873	Bolen Human Sigmoid Colon RNA CosMx Dataset	2025-12-12	Bolen, MacKenzie L., Buendia, Marc, Shi, Ji, Salas, Azucena, Thompson, E. Aubrey, Tansey, Malú G.	Universitat de Barcelona, Mayo Clinic Comprehensive Cancer Center (Florida), University of Florida, Mayo Clinic, Mayo Clinic in Florida, Aligning Science Across Parkinson's, Consorci Institut D'Investigacions Biomediques August Pi I Sunyer, Indiana University Indianapolis, Indiana University School of Medicine, University of Florida Health	Zenodo (CERN European Organization for Nuclear Research)	https://doi.org/10.5281/zenodo.17917789	0	dataset	True	Unknown	Unknown	Unknown	Unknown	Unknown	False	True	False	False	False
W4393095325	Abstract 3644: Uncover spatial signatures of tumor microenvironment and oncogenic pathways using 6,000-plex single-cell spatial molecular imaging on FFPE skin squamous cell carcinoma	2024-03-22	Michael J. Patrick, Shanshan He, Saskia Ilcisin, David Kroeppler, Patrick J. Danaher, Jason Reeves, Mark Gregory, Haiyan Zhai, Michael Rhodes, Joseph Beechem	Nanostring Technologies (United States)	Cancer Research	https://doi.org/10.1158/1538-7445.am2024-3644	2	conference-abstract	False	Photoacoustic and Ultrasonic Imaging	Biomedical Engineering	Engineering	Physical Sciences	Photoacoustic and Ultrasonic Imaging; Advanced Biosensing Techniques and Applications; Nanoplatforms for cancer theranostics	False	True	False	False	False
W4409582182	NanoString CosMx Manual Slide Preparation v1	2025-04-17	MacKenzie L. Bolen, Malú G. Tansey		Unknown	https://doi.org/10.17504/protocols.io.q26g753m3lwz/v1	0	preprint	True	Advanced Electron Microscopy Techniques and Applications	Structural Biology	Biochemistry, Genetics and Molecular Biology	Life Sciences	Advanced Electron Microscopy Techniques and Applications; Advanced Biosensing Techniques and Applications; Nanopore and Nanochannel Transport Studies	False	True	False	False	False
W7117687598	cartloader CosMX SMI Starter Tutorial Results	2025-12-29	Weiqiu Cheng, Hyun Min KANG, Lee Jun Hee		Zenodo (CERN European Organization for Nuclear Research)	https://doi.org/10.5281/zenodo.18090863	0	dataset	True	Unknown	Unknown	Unknown	Unknown	Unknown	False	True	False	False	False
W7213253872	UC VDZ non-longitude CosMx (Vedo CosMx cohort 1) integrated input files for Seurat object	2026-09-15	Cenfu Wei		Figshare	https://doi.org/10.6084/m9.figshare.30767693	0	dataset	True	Unknown	Unknown	Unknown	Unknown	Unknown	False	True	False	False	False
W4394525613	CosMx 6000-plex colon cancer dataset	2023-01-01	Patrick J. Danaher		Figshare	https://doi.org/10.6084/m9.figshare.24164388	0	dataset	True	Radiomics and Machine Learning in Medical Imaging	Radiology, Nuclear Medicine and Imaging	Medicine	Health Sciences	Radiomics and Machine Learning in Medical Imaging	False	True	False	False	False
W4411634533	CosMx SMI Setup and Data Acquisition v1	2024-04-25	Spatial Touchstone		Unknown	https://doi.org/10.17504/protocols.io.j8nlk8475l5r/v1	0	preprint	True	Diverse Scientific and Economic Studies	Economics and Econometrics	Economics, Econometrics and Finance	Social Sciences	Diverse Scientific and Economic Studies; Mathematics, Computing, and Information Processing; SAS software applications and methods	False	True	False	False	False
W4388076988	86 Reveal spatial signatures of tumor microenvironment and oncogenic pathways using 6,000-plex single-cell spatial molecular imaging on FFPE tissue	2023-10-31	Shanshan He, Michael J. Patrick, David Kroeppler, Patrick J. Danaher, Jason Reeves, Mark Gregory, Julian Preciado, Olivia Ho-Shing, Haiyan Zhai, Michael J.C. Rhodes, Joseph Beechem	Nanostring Technologies (United States)	Regular and Young Investigator Award Abstracts	https://doi.org/10.1136/jitc-2023-sitc2023.0086	1	conference-abstract	True	Single-cell and spatial transcriptomics	Molecular Biology	Biochemistry, Genetics and Molecular Biology	Life Sciences	Single-cell and spatial transcriptomics; Immune cells in cancer; Cancer Immunotherapy and Biomarkers	False	True	False	False	False
W4406547947	A constitutive interferon-high immunophenotype defines response to immunotherapy in colorectal cancer	2025-01-16	Amelia Acha‐Sagredo, Pietro Andrei, Kalum Clayton, Emma Taggart, Carlotta Antoniotti, Chloé A. Woodman, Hassnae Afrache, Constance Fourny, María Armero, Hafsa Kaja Moinudeen, Mary J. Green, Nisha Bhardwaj, Anna Mikolajczak, Maria Rodríguez‐López, Marg Crawford, Emma Connick, Steven Chee Loon Lim, Philip S. Hobson, Josep Linares, E. Ignatova, Diana Pelka, Elizabeth C. Smyth, Nikolaos G. Diamantis, Dominika Sosnowska, Martina Carullo, Paolo Ciracì, Francesca Bergamo, Rossana Intini, Emma L. Nye, Patricia Barral, Michele Mishto, James N. Arnold, Sara Lonardi, Chiara Cremolini, Elisa Fontana, Manuel Rodriguez‐Justo, Francesca D. Ciccarelli	The Francis Crick Institute, NIHR Oxford Biomedical Research Centre, Istituto Oncologico Veneto, Queen Mary University of London, Barts Cancer Institute, Churchill Hospital, University College London, Royal Free London NHS Foundation Trust, King's College London, Sarah Cannon Research Institute, University of Pisa	Cancer Cell	https://doi.org/10.1016/j.ccell.2024.12.008	68	article	True	Cancer Immunotherapy and Biomarkers	Oncology	Medicine	Health Sciences	Cancer Immunotherapy and Biomarkers; Immunotherapy and Immune Responses; Immune Cell Function and Interaction	False	True	False	False	False
W4392762909	Graph Contrastive Learning of Subcellular-resolution Spatial Transcriptomics Improves Cell Type Annotation and Reveals Critical Molecular Pathways	2024-03-13	Qiaolin Lu, Jiayuan Ding, Lingxiao Li, Yi Chang, Jiliang Tang, Xiaojie Qiu	Stanford University, Boston University, Ministry of Education of the People's Republic of China, Michigan State University, Jilin University, Lucile Packard Children's Hospital	bioRxiv (Cold Spring Harbor Laboratory)	https://doi.org/10.1101/2024.03.08.584192	1	preprint	True	Single-cell and spatial transcriptomics	Molecular Biology	Biochemistry, Genetics and Molecular Biology	Life Sciences	Single-cell and spatial transcriptomics; Gene expression and cancer classification; Cell Image Analysis Techniques	False	True	False	False	False
W7151751513	LIMIT Study: CosMx Spatial Transcriptomics Dataset	2026-04-08	Adriana Tomic		Zenodo (CERN European Organization for Nuclear Research)	https://doi.org/10.5281/zenodo.19472446	0	dataset	True	Unknown	Unknown	Unknown	Unknown	Unknown	False	True	False	False	False
W7151913753	LIMIT Study: CosMx Spatial Transcriptomics Dataset	2026-04-08	Adriana Tomic		Zenodo (CERN European Organization for Nuclear Research)	https://doi.org/10.5281/zenodo.19472447	0	dataset	True	Unknown	Unknown	Unknown	Unknown	Unknown	False	True	False	False	False
W7134835489	CosMx(R) SMI WTX Breast Cancer Seurat Object	2026-03-10	Claire Williams	Nanostring Technologies (United States)	Zenodo (CERN European Organization for Nuclear Research)	https://doi.org/10.5281/zenodo.18943070	0	dataset	True	Unknown	Unknown	Unknown	Unknown	Unknown	False	True	False	False	False
W7213342066	UC VDZ non-longitude CosMx (Vedo CosMx cohort 1) integrated input files for Seurat object	2026-09-15	Cenfu Wei		Figshare	https://doi.org/10.6084/m9.figshare.30767693.v2	0	dataset	True	Unknown	Unknown	Unknown	Unknown	Unknown	False	True	False	False	False
W7115908347	cartloader CosMX SMI Starter Tutorial Results	2025-12-16	CHENG, Weiqiu, KANG, Hyun Min, Lee Jun Hee		Zenodo (CERN European Organization for Nuclear Research)	https://doi.org/10.5281/zenodo.17955214	0	dataset	True	Unknown	Unknown	Unknown	Unknown	Unknown	False	True	False	False	False
W4411634544	From Xenium RNA to CosMx Protein v1	2024-04-25	Spatial Touchstone		Unknown	https://doi.org/10.17504/protocols.io.5jyl82539l2w/v1	0	preprint	True	RNA Research and Splicing	Molecular Biology	Biochemistry, Genetics and Molecular Biology	Life Sciences	RNA Research and Splicing; Nuclear Structure and Function; Cancer-related molecular mechanisms research	False	True	False	False	False
W7133229019	cartloader CosMX SMI Starter Tutorial Results	2026-03-02	Weiqiu Cheng, Hyun Min KANG, Lee Jun Hee		Zenodo (CERN European Organization for Nuclear Research)	https://doi.org/10.5281/zenodo.18837714	0	dataset	True	Unknown	Unknown	Unknown	Unknown	Unknown	False	True	False	False	False
W7106160182	Bolen CosMx human Colon RNA and Protein code	2025-11-05	Marc Buendia, Bolen, Mackenzie, Tansey, Malu	Universitat de Barcelona, Stanford University, University of Florida	Zenodo (CERN European Organization for Nuclear Research)	https://doi.org/10.5281/zenodo.17537302	0	software	True	Unknown	Unknown	Unknown	Unknown	Unknown	False	True	False	False	False
W7134958566	CellScape protein expression and corresponding CosMx Seurat object	2026-03-11	Cenfu Wei		Figshare	https://doi.org/10.6084/m9.figshare.31595527.v1	0	dataset	True	Unknown	Unknown	Unknown	Unknown	Unknown	False	True	False	False	False
W7134975784	CellScape protein expression and corresponding CosMx Seurat object	2026-01-01	Cenfu Wei		Figshare	https://doi.org/10.6084/m9.figshare.31595527	0	dataset	True	Unknown	Unknown	Unknown	Unknown	Unknown	False	True	False	False	False
W7115018036	Bolen Human Sigmoid Colon Protein CosMx Dataset	2026-02-27	Bolen, MacKenzie L., Buendia, Marc, Shi, Ji, Salas, Azucena, Thompson, E. Aubrey, Tansey, Malú G.	Universitat de Barcelona, Mayo Clinic Comprehensive Cancer Center (Florida), University of Florida, Mayo Clinic, Mayo Clinic in Florida, Aligning Science Across Parkinson's, Consorci Institut D'Investigacions Biomediques August Pi I Sunyer, Indiana University Indianapolis, Indiana University School of Medicine, University of Florida Health	Zenodo (CERN European Organization for Nuclear Research)	https://doi.org/10.5281/zenodo.17917771	0	dataset	True	Unknown	Unknown	Unknown	Unknown	Unknown	False	True	False	False	False
W7106101173	Bolen CosMx human Colon RNA and Protein code	2025-11-05	Marc Buendia, Bolen, Mackenzie, Tansey, Malu	Universitat de Barcelona, Stanford University, University of Florida	Zenodo (CERN European Organization for Nuclear Research)	https://doi.org/10.5281/zenodo.17537303	0	software	True	Unknown	Unknown	Unknown	Unknown	Unknown	False	True	False	False	False
W7170144157	Spatial transcriptomics of cultured cells with the CosMx SMI platform v1	2026-07-23	Mohammad S. Baig	University of California, Los Angeles	Unknown	https://doi.org/10.17504/protocols.io.x54v99pjzv3e/v1	0	preprint	True	Single-cell and spatial transcriptomics	Molecular Biology	Biochemistry, Genetics and Molecular Biology	Life Sciences	Single-cell and spatial transcriptomics; Advanced biosensing and bioanalysis techniques; Molecular Biology Techniques and Applications	False	True	False	False	False
W7124270332	Perillo Human Colitis Associated Cancer RNA CosMx Dataset	2026-01-15	University of Milano-Bicocca		Zenodo (CERN European Organization for Nuclear Research)	https://doi.org/10.5281/zenodo.18255741	0	article	True	Colorectal Cancer Screening and Detection	Oncology	Medicine	Health Sciences	Colorectal Cancer Screening and Detection; Cancer-related molecular mechanisms research; Ferroptosis and cancer prognosis	False	True	False	False	False
W7115002218	Bolen Human Sigmoid Colon Protein CosMx Dataset	2025-12-12	Bolen, MacKenzie L., Buendia, Marc, Shi, Ji, Salas, Azucena, Thompson, E. Aubrey, Tansey, Malú G.	Universitat de Barcelona, Mayo Clinic Comprehensive Cancer Center (Florida), University of Florida, Mayo Clinic, Mayo Clinic in Florida, Aligning Science Across Parkinson's, Consorci Institut D'Investigacions Biomediques August Pi I Sunyer, Indiana University Indianapolis, Indiana University School of Medicine, University of Florida Health	Zenodo (CERN European Organization for Nuclear Research)	https://doi.org/10.5281/zenodo.17917772	0	dataset	True	Unknown	Unknown	Unknown	Unknown	Unknown	False	True	False	False	False
W4404789473	Childhood-onset lupus nephritis is characterized by complex interactions between kidney stroma and infiltrating immune cells	2024-11-27	Patrick J. Danaher, Nicholas Hasle, Elizabeth Dong Nguyen, Jordan E. Roberts, Natalie L. Rosenwasser, Christian H. Rickert, Elena W.Y. Hsieh, Kristen N. Hayward, Daryl M. Okamura, Charles E. Alpers, Robyn C. Reed, Sarah K. Baxter, Shaun W. Jackson	University of Washington, Seattle Children's Research Institute, University of Colorado Anschutz	Science Translational Medicine	https://doi.org/10.1126/scitranslmed.adl1666	39	article	True	Systemic Lupus Erythematosus Research	Rheumatology	Medicine	Health Sciences	Systemic Lupus Erythematosus Research; Single-cell and spatial transcriptomics; Renal Diseases and Glomerulopathies	False	True	False	False	False
W7131623180	Bolen Human Sigmoid Colon Protein CosMx Dataset	2026-02-27	MacKenzie L. Bolen, Marc Buendia, Ji Shi, Azucena Salas, E. Aubrey Thompson, Malú G. Tansey	Universitat de Barcelona, Mayo Clinic Comprehensive Cancer Center (Florida), University of Florida, Mayo Clinic, Mayo Clinic in Florida, Aligning Science Across Parkinson's, Consorci Institut D'Investigacions Biomediques August Pi I Sunyer, Indiana University Indianapolis, Indiana University School of Medicine, University of Florida Health	Zenodo (CERN European Organization for Nuclear Research)	https://doi.org/10.5281/zenodo.18794602	0	dataset	True	Unknown	Unknown	Unknown	Unknown	Unknown	False	True	False	False	False
W7131618358	Bolen Human Sigmoid Colon RNA CosMx Dataset	2026-02-27	MacKenzie L. Bolen, Marc Buendia, Ji Shi, Azucena Salas, E. Aubrey Thompson, Malú G. Tansey	Universitat de Barcelona, Mayo Clinic Comprehensive Cancer Center (Florida), University of Florida, Mayo Clinic, Mayo Clinic in Florida, Aligning Science Across Parkinson's, Consorci Institut D'Investigacions Biomediques August Pi I Sunyer, Indiana University Indianapolis, Indiana University School of Medicine, University of Florida Health	Zenodo (CERN European Organization for Nuclear Research)	https://doi.org/10.5281/zenodo.18794605	0	dataset	True	Unknown	Unknown	Unknown	Unknown	Unknown	False	True	False	False	False
W4387358535	CellPLM: Pre-training of Cell Language Model Beyond Single Cells	2023-10-05	Hongzhi Wen, Wenzhuo Tang, Xinnan Dai, Jiayuan Ding, Wei Jin, Yuying Xie, Jiliang Tang	Michigan State University	bioRxiv (Cold Spring Harbor Laboratory)	https://doi.org/10.1101/2023.10.03.560734	75	preprint	True	Single-cell and spatial transcriptomics	Molecular Biology	Biochemistry, Genetics and Molecular Biology	Life Sciences	Single-cell and spatial transcriptomics; Cell Image Analysis Techniques; Extracellular vesicles in disease	False	True	False	False	False
W3024765177	GeoMx™ RNA Assay: High Multiplex, Digital, Spatial Analysis of RNA in FFPE Tissue	2020-01-01	Daniel R. Zollinger, Stan E. Lingle, Kristina Sorg, Joseph Beechem, Christopher R. B. Merritt	Nanostring Technologies (United States)	Methods in molecular biology	https://doi.org/10.1007/978-1-0716-0623-0_21	159	book-chapter	False	Molecular Biology Techniques and Applications	Molecular Biology	Biochemistry, Genetics and Molecular Biology	Life Sciences	Molecular Biology Techniques and Applications; Single-cell and spatial transcriptomics; RNA Research and Splicing	False	False	True	False	False
W4309334544	Effect of the intratumoral microbiota on spatial and cellular heterogeneity in cancer	2022-11-16	Jorge Luis Galeano Niño, Hanrui Wu, Kaitlyn D. LaCourse, Andrew G. Kempchinsky, Alexander A. Baryiames, Brittany R. Barber, Neal David Futran, Jeffrey J. Houlton, Cassie L. Sather, Ewa Sicińska, Alison M. Taylor, Samuel S. Minot, Christopher D. Johnston, Susan Bullman	Fred Hutch Cancer Center, Sarah Cannon, Dana-Farber Cancer Institute, Herbert Irving Comprehensive Cancer Center, University of Washington Medical Center, Columbia University	Nature	https://doi.org/10.1038/s41586-022-05435-0	878	article	True	Gut microbiota and health	Molecular Biology	Biochemistry, Genetics and Molecular Biology	Life Sciences	Gut microbiota and health; Radiomics and Machine Learning in Medical Imaging; Cancer Immunotherapy and Biomarkers	False	False	True	False	False
W3198493858	Best Practices for Spatial Profiling for Breast Cancer Research with the GeoMx® Digital Spatial Profiler	2021-09-04	Helga Bergholtz, Jodi M. Carter, Alessandra Cesano, Maggie C.U. Cheang, S. Church, Prajan Divakar, Christopher A. Fuhrman, Shom Goel, Jingjing Gong, Jennifer L. Guerriero, Margaret L. Hoang, E. Shelley Hwang, Hellen Kuasne, Jinho Lee, Yan Mei Liang, Elizabeth Ann Mittendorf, Jessica Perez, Aleix Prat, Lajos Pusztai, Jason Reeves, Yasser Riazalhosseini, Jennifer K. Richer, Ozgur D. Sahin, Hiromi Sato, Ilana Miriam Schlam, Thérese Sørlie, Daniel G. Stover, Sandra M. Swain, Alexander Swarbrick, E. Aubrey Thompson, Sara M. Tolaney, Sarah H. Warren	Garvan Institute of Medical Research, University of South Carolina, Nanostring Technologies (United States), Harvard University, The Ohio State University, OHSU Knight Cancer Institute, Essa Pharma (United States), University of Oslo, McGill University, Yale University, Georgetown University Medical Center, The Ohio State University Comprehensive Cancer Center – Arthur G. James Cancer Hospital and Richard J. Solove Research Institute, Oregon Health & Science University, Duke Cancer Institute, Institute of Cancer Research, The University of Melbourne, Dana-Farber Cancer Institute, Oslo University Hospital, Duke University, Yale Cancer Center, University of Colorado Anschutz, MedStar Washington Hospital Center, Georgetown Lombardi Comprehensive Cancer Center, Peter MacCallum Cancer Centre, Mayo Clinic Comprehensive Cancer Center (Florida), McGill Genome Centre, UNSW Sydney, Mayo Clinic, Mayo Clinic in Florida, Consorci Institut D'Investigacions Biomediques August Pi I Sunyer, Brigham and Women's Hospital, Tufts Medical Center	Cancers	https://doi.org/10.3390/cancers13174456	100	article	True	Single-cell and spatial transcriptomics	Molecular Biology	Biochemistry, Genetics and Molecular Biology	Life Sciences	Single-cell and spatial transcriptomics; Cancer Genomics and Diagnostics; Cell Image Analysis Techniques	False	False	True	False	False
W2948321041	A user's perspective on GeoMxTM digital spatial profiling	2019-06-27	Trieu My Van, Christian U. Blank	The Netherlands Cancer Institute	Immuno-Oncology Technology	https://doi.org/10.1016/j.iotech.2019.05.001	77	article	True	Immunotherapy and Immune Responses	Immunology	Immunology and Microbiology	Life Sciences	Immunotherapy and Immune Responses; CAR-T cell therapy research; Cancer Cells and Metastasis	False	False	True	False	False
W4313453642	Alternative normalization and analysis pipeline to address systematic bias in NanoString GeoMx Digital Spatial Profiling data	2022-12-09	Levi van Hijfte, Marjolein Geurts, Wies Vallentgoed, Paul H.C. Eilers, Peter A.E. Sillevis Smitt, Reno Debets, Pim J. French	Erasmus MC, Erasmus MC Cancer Institute	iScience	https://doi.org/10.1016/j.isci.2022.105760	42	article	True	Single-cell and spatial transcriptomics	Molecular Biology	Biochemistry, Genetics and Molecular Biology	Life Sciences	Single-cell and spatial transcriptomics; Molecular Biology Techniques and Applications; Gene expression and cancer classification	False	False	True	False	False
W3172602094	Spatial transcriptomics and proteomics technologies for deconvoluting the tumor microenvironment	2021-06-14	Nan Wang, Xia Li, Rongshui Wang, Zhiyong Ding		Biotechnology Journal	https://doi.org/10.1002/biot.202100041	134	article	False	Single-cell and spatial transcriptomics	Molecular Biology	Biochemistry, Genetics and Molecular Biology	Life Sciences	Single-cell and spatial transcriptomics; Cancer Genomics and Diagnostics; Cancer Research and Treatments	False	False	True	False	False
W2949315168	High-Plex Predictive Marker Discovery for Melanoma Immunotherapy–Treated Patients Using Digital Spatial Profiling	2019-06-12	Maria I Toki, Christopher R. B. Merritt, Pok Fai Wong, James William Smithy, Harriet M. Kluger, Konstantinos Nikolaos Syrigos, Giang T. Ong, Sarah E. Warren, Joseph Beechem, David L. Rimm	Sotiria General Hospital, Nanostring Technologies (United States), Yale University, National and Kapodistrian University of Athens, Brigham and Women's Hospital	Clinical Cancer Research	https://doi.org/10.1158/1078-0432.ccr-19-0104	175	article	True	Cancer Immunotherapy and Biomarkers	Oncology	Medicine	Health Sciences	Cancer Immunotherapy and Biomarkers; Radiomics and Machine Learning in Medical Imaging; Ferroptosis and cancer prognosis	False	False	True	False	False
W4410298458	Transcriptome analysis of archived tumors by Visium, GeoMx DSP, and Chromium reveals patient heterogeneity	2025-05-12	Yixing Dong, Chiara Saglietti, Quentin Bayard, Almudena Espín Pérez, Sabrina Carpentier, Daria Buszta, Stéphanie Tissot-Renaud, Rémy Dubois, Atanas Kamburov, Senbai Kang, Carla Haignere, Rita Sarkis, Sylvie Andre, Marina Alexandre Gaveta, Silvia Lopez‐Lastra, Nathalie Piazzon, Rita Santos, Katharina von Loga, Caroline Hoffmann, George Coukos, Solange Peters, Vassili Soumelis, Éric Durand, Laurence de Leval, Raphaël Gottardo, Krisztián Homicskó, Elo Madissoon	Centre Hospitalier Universitaire Vaudois, University of Lausanne, SIB Swiss Institute of Bioinformatics, Swiss Cancer Center Léman, Ludwig Cancer Research, École Polytechnique Fédérale de Lausanne	Nature Communications	https://doi.org/10.1038/s41467-025-59005-9	19	article	True	Single-cell and spatial transcriptomics	Molecular Biology	Biochemistry, Genetics and Molecular Biology	Life Sciences	Single-cell and spatial transcriptomics; Cancer Genomics and Diagnostics; Epigenetics and DNA Methylation	False	False	True	False	False
W4296029945	Transcriptional and Immune Landscape of Cardiac Sarcoidosis	2022-09-16	Jing Liu, Pan Ma, Lulu Lai, Ana Villanueva, Andrew L. Koenig, Gregory R. Bean, Dawn E. Bowles, Carolyn Glass, Michael J. Watson, Kory J. Lavine, Chieh‐Yu Lin	Stanford University, Washington University in St. Louis, Duke University, First Affiliated Hospital of Xi'an Jiaotong University, Stanford Medicine	Circulation Research	https://doi.org/10.1161/circresaha.121.320449	78	article	True	Sarcoidosis and Beryllium Toxicity Research	Physiology	Medicine	Health Sciences	Sarcoidosis and Beryllium Toxicity Research; IL-33, ST2, and ILC Pathways; Cardiac tumors and thrombi	False	False	True	False	False
W4281562497	Spatial transcriptomics of macrophage infiltration in non-small cell lung cancer reveals determinants of sensitivity and resistance to anti-PD1/PD-L1 antibodies	2022-05-01	Mathieu Larroquette, Jean‐Philippe Guégan, Benjamin Besse, Sophie Cousin, Maxime Brunet, Sylvestre Le Moulec, François Le Loarer, Christophe Rey, Jean‐Charles Soria, Fabrice Barlési, Alban Bessede, Jean‐Yves Scoazec, Isabelle Soubeyran, Antoîne Italiano	Institut Gustave Roussy, Institut Bergonié, Université de Bordeaux, Fondation Gustave Roussy	Journal for ImmunoTherapy of Cancer	https://doi.org/10.1136/jitc-2021-003890	161	article	True	Immune cells in cancer	Immunology	Immunology and Microbiology	Life Sciences	Immune cells in cancer; Cancer Immunotherapy and Biomarkers; Single-cell and spatial transcriptomics	False	False	True	False	False
W3014675490	Biomarkers Associated with Beneficial PD-1 Checkpoint Blockade in Non–Small Cell Lung Cancer (NSCLC) Identified Using High-Plex Digital Spatial Profiling	2020-04-06	Jon Zugazagoitia, Swati Gupta, Yuting Liu, Kit A. Fuhrman, Scott N. Gettinger, Roy S. Herbst, Kurt Alex Schalper, David L. Rimm	Nanostring Technologies (United States), Yale University, Yale Cancer Center	Clinical Cancer Research	https://doi.org/10.1158/1078-0432.ccr-20-0175	115	article	True	Cancer Immunotherapy and Biomarkers	Oncology	Medicine	Health Sciences	Cancer Immunotherapy and Biomarkers; Lung Cancer Diagnosis and Treatment; Radiomics and Machine Learning in Medical Imaging	False	False	True	False	False
W4281553640	Spatial and Transcriptomic Analysis of Perineural Invasion in Oral Cancer	2022-05-26	Ligia B. Schmitd, Cindy Perez‐Pacheco, Emily Light Bellile, Wei-Sheng Wu, Keith A. Casper, Michelle Lynn Mierzwa, Laura S. Rozek, Gregory T. Wolf, Jeremy M. G. Taylor, Nisha J. D’Silva	Michigan Medicine, U-M Rogel Cancer Center, University of Michigan	Clinical Cancer Research	https://doi.org/10.1158/1078-0432.ccr-21-4543	89	article	True	Cancer, Stress, Anesthesia, and Immune Response	Psychiatry and Mental health	Medicine	Health Sciences	Cancer, Stress, Anesthesia, and Immune Response; Head and Neck Cancer Studies; Nonmelanoma Skin Cancer Studies	False	False	True	False	False
W4387662142	Evaluation of antibody-based single cell type imaging techniques coupled to multiplexed imaging of N-glycans and collagen peptides by matrix-assisted laser desorption/ionization mass spectrometry imaging	2023-10-16	Jaclyn Dunne, Jake Griner, Martin J. Romeo, Jade K. Macdonald, Carsten Krieg, Mark Jyn-Huey Lim, Gargey B. Yagnik, Kenneth J. Rothschild, Richard R. Drake, Anand S. Mehta, Peggi M. Angel	MUSC Hollings Cancer Center, Medical University of South Carolina, Boston University	Analytical and Bioanalytical Chemistry	https://doi.org/10.1007/s00216-023-04983-2	52	article	True	Mass Spectrometry Techniques and Applications	Spectroscopy	Chemistry	Physical Sciences	Mass Spectrometry Techniques and Applications; Advanced Proteomics Techniques and Applications; Glycosylation and Glycoproteins Research	False	False	True	False	False
W4310095993	Transcriptomic and immunophenotypic profiling reveals molecular and immunological hallmarks of colorectal cancer tumourigenesis	2022-11-28	Jessica P Roelands, Manon van der Ploeg, Marieke E. Ijsselsteijn, Hao Dang, Jurjen J. Boonstra, James C.H. Hardwick, Lukas J.A.C. Hawinkels, Hans M. Morreau, Noel F.C.C. de Miranda	Leiden University Medical Center	Gut	https://doi.org/10.1136/gutjnl-2022-327608	82	article	True	Single-cell and spatial transcriptomics	Molecular Biology	Biochemistry, Genetics and Molecular Biology	Life Sciences	Single-cell and spatial transcriptomics; Cancer Immunotherapy and Biomarkers; Phagocytosis and Immune Regulation	False	False	True	False	False
W4392767343	JAK/STAT3 represents a therapeutic target for colorectal cancer patients with stromal-rich tumors	2024-02-29	Kathryn A.F. Pennel, Phimmada Hatthakarnkul, Colin S. Wood, Guang‐Yu Lian, Sara Samir Foad Al-Badran, Jean A. Quinn, Assya Legrini, Jitwadee Inthagard, Peter G. Alexander, Hester van Wyk, Ahmad Kurniawan, Md Umar Hashmi, Michael A. Gillespie, Megan L. Mills, Aula Ammar, Jennifer R. Hay, Ditte K. Andersen, Colin Nixon, Selma Rebus, David Kuang-Fu Chang, Caroline Kelly, Andrea Harkin, Janet Shirley Graham, David N. Church, Ian D. Tomlinson, Mark P. Saunders, Timothy J. Iveson, Tamsin R.M. Lannagan, René Jackstadt, Noori Maka, Paul G. Horgan, Campbell S.D. Roxburgh, Owen James Sansom, Donald C. McMillan, Colin William Steele, Nigel Balfour Jamieson, James Hugh Park, Antonia Kathryn Roseweir, Joanne Edwards	Centre for Human Genetics, John Radcliffe Hospital, Queen Elizabeth University Hospital, Edinburgh Cancer Research, University of Glasgow, NIHR Oxford Biomedical Research Centre, University of Oxford, Glasgow Royal Infirmary, University of Edinburgh, Institute of Genetics and Cancer, Cancer Research UK Scotland Institute, The Christie NHS Foundation Trust, Gartnavel General Hospital, Beatson West of Scotland Cancer Centre, University Hospital Southampton NHS Foundation Trust	Journal of Experimental & Clinical Cancer Research	https://doi.org/10.1186/s13046-024-02958-4	49	article	True	Cytokine Signaling Pathways and Interactions	Oncology	Medicine	Health Sciences	Cytokine Signaling Pathways and Interactions; Colorectal Cancer Treatments and Studies; Genetic factors in colorectal cancer	False	False	True	False	False
W2994968861	Immunologic alterations in the pancreatic cancer microenvironment of patients treated with neoadjuvant chemotherapy and radiotherapy	2019-12-12	Matthew R. Farren, Layal Sayegh, Michael B. Ware, Hsiao-Rong Chen, Jingjing Gong, Yan Mei Liang, Alyssa M. Krasinskas, Shishir Kumar Maithel, Mohammad Y. Zaidi, Juan Manuel Sarmiento, David A. Kooby, Pretesh R Patel, Bassel F. El‐Rayes, Walid Labib Shaib, Gregory B. Lesinski	Nanostring Technologies (United States), Emory University, Winship Cancer Institute	JCI Insight	https://doi.org/10.1172/jci.insight.130362	63	article	True	Pancreatic and Hepatic Oncology Research	Oncology	Medicine	Health Sciences	Pancreatic and Hepatic Oncology Research; Cancer Immunotherapy and Biomarkers; Phagocytosis and Immune Regulation	False	False	True	False	False
W4390661109	Single-cell, single-nucleus, and spatial transcriptomics characterization of the immunological landscape in the healthy and PSC human liver	2024-01-08	Tallulah S. Andrews, Diana Nakib, Cátia T. Perciani, Xue Yun Zhong, Lewis Y. Liu, Erin Winter, Damra Camat, Sai Chung, Patricia Lumanto, Justin Manuel, Shantel Mangroo, Bettina E. Hansen, Bal Arpinder, Cornelia E. Thoeni, Blayne Amir Sayed, Jordan J. Feld, Adam J. Gehring, Aliya F. Gulamhusein, Gideon Morris Hirschfield, Amanda Ricciuto, Gary D. Bader, Ian D. McGilvray, Sonya A. MacParland	University Health Network, Western University, University of Toronto, Hospital for Sick Children	Journal of Hepatology	https://doi.org/10.1016/j.jhep.2023.12.023	187	article	True	Liver Diseases and Immunity	Hepatology	Medicine	Health Sciences	Liver Diseases and Immunity; Liver Disease and Transplantation; Inflammatory Bowel Disease	False	False	True	False	False
W4402910769	Spatial Transcriptomics in Inflammatory Skin Diseases Using GeoMx Digital Spatial Profiling: A Practical Guide for Applications in Dermatology	2024-09-27	Christina Cho, Nazgol‐Sadat Haddadi, Michal Kidacki, Gavitt Alida Woodard, Saeed Shakiba, Ümmügülsüm Yıldız-Altay, Jillian M. Richmond, Matthew D. Vesely	Yale University, University of Massachusetts Chan Medical School	JID Innovations	https://doi.org/10.1016/j.xjidi.2024.100317	13	article	True	Single-cell and spatial transcriptomics	Molecular Biology	Biochemistry, Genetics and Molecular Biology	Life Sciences	Single-cell and spatial transcriptomics; T-cell and B-cell Immunology; Immunotherapy and Immune Responses	False	False	True	False	False
W4377011555	High expression of STAT3 within the tumour‐associated stroma predicts poor outcome in breast cancer patients	2023-05-18	Elizabeth S. Morrow, Kathryn A.F. Pennel, Phimmada Hatthakarnkul, Holly Leslie, Elizabeth Mallon, Ditte K. Andersen, Nigel Balfour Jamieson, Donald McMillan, Antonia Kathryn Roseweir, Joanne Edwards	Queen Elizabeth University Hospital, University of Glasgow, Glasgow Royal Infirmary, Mahidol University, Siriraj Hospital	Cancer Medicine	https://doi.org/10.1002/cam4.6014	32	article	True	Cytokine Signaling Pathways and Interactions	Oncology	Medicine	Health Sciences	Cytokine Signaling Pathways and Interactions; Cancer Immunotherapy and Biomarkers; Chemokine receptors and signaling	False	False	True	False	False
W3009410075	High multiplex analysis of the immune microenvironment in bone marrow trephine samples using GeoMX™ digital spatial profiling	2020-03-01	Rachel M. Koldej, David Ritchie	Peter MacCallum Cancer Centre, Australian Cancer Research Foundation, The University of Melbourne, The Royal Melbourne Hospital	Immuno-Oncology Technology	https://doi.org/10.1016/j.iotech.2020.02.001	13	article	True	Hematological disorders and diagnostics	Emergency Medicine	Medicine	Health Sciences	Hematological disorders and diagnostics; Advanced Biosensing Techniques and Applications; Immunotoxicology and immune responses	False	False	True	False	False
W4394758412	Challenges and Opportunities for the Clinical Translation of Spatial Transcriptomics Technologies	2024-03-13	Kelly D. Smith, David K. Prince, James W. MacDonald, Theo K. Bammler, Shreeram Akilesh	University of Washington	Glomerular Diseases	https://doi.org/10.1159/000538344	51	article	True	Single-cell and spatial transcriptomics	Molecular Biology	Biochemistry, Genetics and Molecular Biology	Life Sciences	Single-cell and spatial transcriptomics; Cell Image Analysis Techniques; Cancer Genomics and Diagnostics	False	False	True	False	False
W4406153988	Spatially Resolved Tumor Ecosystems and Cell States in Gastric Adenocarcinoma Progression and Evolution	2025-01-08	Haoran Ma, Supriya Srivastava, Shamaine Wei Ting Ho, Chang Xu, Benedict Shi Xiang Lian, Xuewen Ong, Su Ting Tay, Taotao Sheng, Huey Yew Jeffrey Lum, Siti Aishah Binte Abdul Ghani, Yunqiang Chu, Kie Kyon Huang, Yeek Teck Goh, Ming‐Hui Lee, Takeshi Hagihara, Clara Shi Ya Ng, Angie Lay Keng Tan, Yanrong Zhang, Zichen Ding, Feng Zhu, Michelle Shu Wen Ng, Craig Ryan Joseph, Hui Chen, Zhen Li, Joseph Jonathan Zhao, Sun Young Rha, Ming Teh, Joe Poh-Sheng Yeong, Wei Peng Yong, Jimmy Bok Yan So, Raghav Sundar, Patrick B. O. Tan	Yonsei University Health System, National Cancer Centre Singapore, Institute of Molecular and Cell Biology, National University Hospital, Agency for Science, Technology and Research, Shanghai Jiao Tong University, Yonsei Cancer Hospital, National University of Singapore, MGI, Genome Institute of Singapore, Bioinformatics Institute, National University Cancer Institute, Singapore, National University Health System, Yale University, National Heart Centre Singapore, Duke-NUS Medical School, Cancer Science Institute of Singapore, Yonsei University	Cancer Discovery	https://doi.org/10.1158/2159-8290.cd-24-0605	58	article	True	Single-cell and spatial transcriptomics	Molecular Biology	Biochemistry, Genetics and Molecular Biology	Life Sciences	Single-cell and spatial transcriptomics; Cancer Genomics and Diagnostics; Cancer Cells and Metastasis	False	False	True	False	False
W4402146400	Human vascularized macrophage-islet organoids to model immune-mediated pancreatic β cell pyroptosis upon viral infection	2024-09-02	Liuliu Yang, Yuling Han, Tuo Zhang, Xue Dong, Jian Ge, Aadita Roy, Jiajun Zhu, Tiankun Lu, J. Jeya Vandana, Neranjan de Silva, Catherine C. Robertson, Jenny Xiang, Chendong Pan, Yanjie Sun, Jianwen Que, Todd Evans, Chengyang Liu, Wei J. Wang, Ali Hadi Naji, Stephen C.J. Parker, Robert E. Schwartz, Shuibing Chen	Columbia University Irving Medical Center, University of Pennsylvania, Beijing Institute for Stem Cell and Regenerative Medicine, Chinese Academy of Sciences, Institute of Zoology, University of Michigan, Chinese Academy of Medical Sciences & Peking Union Medical College, Weill Cornell Medicine, State Key Laboratory of Stem Cell and Reproductive Biology, State Key Laboratory of Experimental Hematology, Institute of Hematology & Blood Diseases Hospital	Cell stem cell	https://doi.org/10.1016/j.stem.2024.08.007	46	article	True	Pancreatic function and diabetes	Surgery	Medicine	Health Sciences	Pancreatic function and diabetes; Diabetes and associated disorders; Phagocytosis and Immune Regulation	False	False	True	False	False
W3201406237	The spatially resolved transcriptional profile of acute T cell–mediated rejection in a kidney allograft	2021-09-20	Fadi E. Salem, Laura Perin, Sargis Sedrakyan, Andrea Angeletti, Gian Marco Ghiggeri, Maria Cristina Coccia, Marty Ross, Miguel Fribourg, Paolo Cravedi	Icahn School of Medicine at Mount Sinai, Saban Research Institute, Children's Hospital of Los Angeles, Nanostring Technologies (United States), University of Southern California, Istituto Giannina Gaslini	Kidney International	https://doi.org/10.1016/j.kint.2021.09.004	55	article	True	Renal Transplantation Outcomes and Treatments	Transplantation	Medicine	Health Sciences	Renal Transplantation Outcomes and Treatments; Cytomegalovirus and herpesvirus research; Renal Diseases and Glomerulopathies	False	False	True	False	False
W4387229168	Spatial proteomics of hippocampal subfield‐specific pathology in Alzheimer's disease and primary age‐related tauopathy	2023-09-30	Jamie M. Walker, Miranda E. Orr, Timothy C. Orr, Emma L Thorn, Thomas D. Christie, Raquel Teixeira Yokoda, Meenakshi Vij, Alexander J. Ehrenberg, Gabriel A. Marx, Andrew Thomas McKenzie, Justin A. Kauffman, Enna Selmanovic, Thomas Wısnıewskı, Eleanor Drummond, Charles L. White, John F. Crary, Kurt W. Farrell, Tiffany F. Kautz, Elena V. Daoud, Timothy E. Richardson	Innovative Genomics Institute, Wake Forest University, Icahn School of Medicine at Mount Sinai, Wake Forest University Health Sciences, The University of Texas Southwestern Medical Center, New York University, The University of Texas at San Antonio Health Science Center, The University of Sydney, W. G. (Bill) Hefner VA Medical Center, University of California, Berkeley, University of California, San Francisco	Alzheimer s & Dementia	https://doi.org/10.1002/alz.13484	46	article	True	Alzheimer's disease research and treatments	Physiology	Medicine	Health Sciences	Alzheimer's disease research and treatments; Dementia and Cognitive Impairment Research; Advanced Proteomics Techniques and Applications	False	False	True	False	False
W4281766283	Background modeling, Quality Control and Normalization for GeoMx RNA data with GeoDiff	2022-05-29	Lei Yang, Zhi Gang Yang, Patrick J. Danaher, Stephanie M. Zimmerman, TYLER D. HETHER, David Henderson, Joseph Beechem	Nanostring Technologies (United States), Amazon (United States), Bristol-Myers Squibb (United States)	bioRxiv (Cold Spring Harbor Laboratory)	https://doi.org/10.1101/2022.05.26.493637	5	preprint	True	Molecular Biology Techniques and Applications	Molecular Biology	Biochemistry, Genetics and Molecular Biology	Life Sciences	Molecular Biology Techniques and Applications; Gene expression and cancer classification; Statistical Methods and Inference	False	False	True	False	False
W3206841023	Profiling of lung SARS-CoV-2 and influenza virus infection dissects virus-specific host responses and gene signatures	2021-10-21	Arutha Kulasinghe, Chin Wee Tan, Anna Flavia Ribeiro dos Santos Miggiolaro, James H. Monkman, Habib Sadeghirad, Dharmesh D. Bhuva, Jarbas da Silva Motta, Caroline Busatta Vaz de Paula, Seigo Nagashima, Cristina Pellegrino Baena, Paulo Souza‐Fonseca‐Guimaraes, Lúcia de Noronha, Timothy Ryan McCulloch, Gustavo Rodrigues Rossi, Caroline Louise Cooper, Benjamin M. P. Tang, Kirsty Renfree Short, Melissa J. Davis, Fernando Souza-Fonseca-Guimarães, Gabrielle Therese Belz, Kenneth John O'Byrne	The University of Melbourne, The University of Queensland, Pontifícia Universidade Católica do Paraná, Westmead Institute for Medical Research, Queensland University of Technology, Princess Alexandra Hospital, Walter and Eliza Hall Institute of Medical Research	European Respiratory Journal	https://doi.org/10.1183/13993003.01881-2021	63	article	True	Single-cell and spatial transcriptomics	Molecular Biology	Biochemistry, Genetics and Molecular Biology	Life Sciences	Single-cell and spatial transcriptomics; COVID-19 Clinical Research Studies; interferon and immune responses	False	False	True	False	False
W4400465123	Identification of retinal oligomeric, citrullinated, and other tau isoforms in early and advanced AD and relations to disease status	2024-07-09	Haoshen Shi, Nazanin Mirzaei, Yosef Koronyo, Miyah R. Davis, Edward Robinson, Gila M. Braun, Ousman Jallow, Altan Rentsendorj, V. Krishnan Ramanujan, Justyna Fert‐Bober, Andrei A. Kramerov, Alexander V. Ljubimov, Lon S. Schneider, Warren G. Tourtellotte, Debra Hawes, Julie A. Schneider, Keith L. Black, Rakez Kayed, Maj‐Linda B. Selenica, Daniel C. Lee, Dieu-Trang S. Fuchs, Maya Koronyo‐Hamaoui	Rush University Medical Center, Cedars-Sinai Medical Center, University of Kentucky, The University of Texas Medical Branch at Galveston, University of Southern California, Cedars-Sinai Smidt Heart Institute, University of South Florida	Acta Neuropathologica	https://doi.org/10.1007/s00401-024-02760-8	33	article	True	Retinal Imaging and Analysis	Radiology, Nuclear Medicine and Imaging	Medicine	Health Sciences	Retinal Imaging and Analysis; Glaucoma and retinal disorders; Alzheimer's disease research and treatments	False	False	True	False	False
W4200416514	5‐Alpha reductase inhibitors induce a prostate luminal to club cell transition in human benign prostatic hyperplasia	2021-12-20	Diya Binoy Joseph, Gervaise H. Henry, Alicia Malewska, Jeffrey C. Reese, Ryan J. Mauck, Jeffrey C. Gahan, Ryan C. Hutchinson, James Lloyd Mohler, Claus G. Roehrborn, Douglas W. Strand	Roswell Park Comprehensive Cancer Center, Southwest Transplant Alliance, The University of Texas Southwestern Medical Center	The Journal of Pathology	https://doi.org/10.1002/path.5857	70	article	True	Urinary Bladder and Prostate Research	Urology	Medicine	Health Sciences	Urinary Bladder and Prostate Research; Urologic and reproductive health conditions; Prostate Cancer Diagnosis and Treatment	False	False	True	False	False
W4213207581	Differential protein expression in the hippocampi of resilient individuals identified by digital spatial profiling	2022-02-14	Jamie M. Walker, Shiva Kazempour Dehkordi, Anna Fracassi, Alison VanSchoiack, Anna Pavenko, Giulio Taglialatela, Randall L. Woltjer, Timothy E. Richardson, Habil Zare, Miranda E. Orr	Wake Forest University, Wake Forest University Health Sciences, The University of Texas Medical Branch at Galveston, Nanostring Technologies (United States), The University of Texas at San Antonio Health Science Center, Oregon Health & Science University, W. G. (Bill) Hefner VA Medical Center	Acta Neuropathologica Communications	https://doi.org/10.1186/s40478-022-01324-9	74	article	True	Alzheimer's disease research and treatments	Physiology	Medicine	Health Sciences	Alzheimer's disease research and treatments; Dementia and Cognitive Impairment Research; S100 Proteins and Annexins	False	False	True	False	False
W2084184495	Synthesis, pharmacological evaluation and docking studies of N-(benzo[d]thiazol-2-yl)-2-(piperazin-1-yl)acetamide analogs as COX-2 inhibitors	2011-12-16	Nulgumnalli Manjunathaiah Raghavendra, Aitha Jyothsna, V. R. Alapati, C.V.S. Subrahmanyam	Osmania University	Bioorganic & Medicinal Chemistry Letters	https://doi.org/10.1016/j.bmcl.2011.12.062	40	article	False	Synthesis and biological activity	Organic Chemistry	Chemistry	Physical Sciences	Synthesis and biological activity; Inflammatory mediators and NSAID effects; Synthesis of β-Lactam Compounds	False	False	True	False	False
W3106675982	High-Plex and High-Throughput Digital Spatial Profiling of Non-Small-Cell Lung Cancer (NSCLC)	2020-11-27	James H. Monkman, Touraj Taheri, Majid Ebrahimi Warkiani, Connor Gerard O’Leary, Rahul Ladwa, Derek J. Richard, Kenneth John O'Byrne, Arutha Kulasinghe	University of Technology Sydney, The University of Queensland, Queensland Health, Translational Research Institute, Queensland University of Technology, Princess Alexandra Hospital, Institute for Molecular Bioscience	Cancers	https://doi.org/10.3390/cancers12123551	47	article	True	Cancer Immunotherapy and Biomarkers	Oncology	Medicine	Health Sciences	Cancer Immunotherapy and Biomarkers; Radiomics and Machine Learning in Medical Imaging; Cancer Genomics and Diagnostics	False	False	True	False	False
W3107542590	Comprehensive analysis of cutaneous and uveal melanoma liver metastases	2020-12-01	Esmée P. Hoefsmit, Elisa A. Rozeman, Trieu My Van, Petros Dimitriadis, Oscar Krijgsman, Jordan W. Conway, Inês Pires da Silva, Jacqueline E. van der Wal, Steven L. C. Ketelaars, Kaspar Bresser, Annegien Broeks, Ron M Kerkhoven, Jason Reeves, Sarah Warren, Pia Kvistborg, Richard A. Scolyer, Ellen Kapiteijn, Daniel S. Peeper, Georgina Venetia Long, Ton N. Schumacher, Christian U. Blank	NSW Health Pathology, Royal North Shore Hospital, Oncode Institute, Melanoma Institute Australia, Leiden University Medical Center, Nanostring Technologies (United States), The University of Sydney, Royal Prince Alfred Hospital, The Netherlands Cancer Institute	Journal for ImmunoTherapy of Cancer	https://doi.org/10.1136/jitc-2020-001501	73	article	True	Ocular Oncology and Treatments	Ophthalmology	Medicine	Health Sciences	Ocular Oncology and Treatments; Cutaneous Melanoma Detection and Management; Veterinary Oncology Research	False	False	True	False	False
W223801290	Abstract 498: Integrating bulk and spatial profiling technologies for the discovery of RNA and protein biomarkers in muscle invasive bladder cancer	2019-07-01	Zhaojie Zhang, Subhasree Das, Manav Korpal, Pavan Kumar, Jingjing Gong, Yan Liang, Margaret L. Hoang, Joseph Beecham, Victoria M. Rimkunas	Nanostring Technologies (United States)	Immunology	https://doi.org/10.1158/1538-7445.sabcs18-498	24	conference-abstract	True	Bladder and Urothelial Cancer Treatments	Surgery	Medicine	Health Sciences	Bladder and Urothelial Cancer Treatments; Molecular Biology Techniques and Applications; Cancer Research and Treatments	False	False	True	False	False
W3123838577	Highly Multiplexed Digital Spatial Profiling of the Tumor Microenvironment of Head and Neck Squamous Cell Carcinoma Patients	2021-01-19	Arutha Kulasinghe, Touraj Taheri, Kenneth John O'Byrne, Brett G.M. Hughes, Liz Kenny, Chamindie Punyadeera	The University of Queensland, Translational Research Institute, Queensland University of Technology, Princess Alexandra Hospital, Royal Brisbane and Women's Hospital	Frontiers in Oncology	https://doi.org/10.3389/fonc.2020.607349	35	article	True	Cancer Immunotherapy and Biomarkers	Oncology	Medicine	Health Sciences	Cancer Immunotherapy and Biomarkers; Head and Neck Cancer Studies; Esophageal Cancer Research and Treatment	False	False	True	False	False
W4205192070	Spatial Profiling Identifies Prognostic Features of Response to Adjuvant Therapy in Triple Negative Breast Cancer (TNBC)	2022-01-10	Arutha Kulasinghe, James H. Monkman, Esha T. Shah, Nicholas Matigian, Mark N. Adams, Kenneth John O'Byrne	Queensland University of Technology, The University of Queensland, Princess Alexandra Hospital	Frontiers in Oncology	https://doi.org/10.3389/fonc.2021.798296	48	article	True	Ubiquitin and proteasome pathways	Molecular Biology	Biochemistry, Genetics and Molecular Biology	Life Sciences	Ubiquitin and proteasome pathways; Immune cells in cancer; Ferroptosis and cancer prognosis	False	False	True	False	False
W4399535373	Spatial multi-omics of human skin reveals KRAS and inflammatory responses to spaceflight	2024-06-11	Jiwoon Park, Eliah G. Overbey, Siva Narayanan, JangKeun Kim, Braden  T. Tierney, Namita Damle, Deena Najjar, Krista A. Ryon, Jacqueline Proszynski, Ashley S. Kleinman, Jeremy Wain Hirschberg, Matthew J. MacKay, Evan E. Afshin, Richard D. Granstein, Justin Gurvitch, Briana M. Hudson, Aric B.E. Rininger, Sean Mullane, S. Church, Cem Meydan, George Church, Afshin Beheshti, Jaime Mateus, Christopher E. Mason	Wyss Institute for Biologically Inspired Engineering, SpaceX (United States), Ames Research Center, Stanley Center for Psychiatric Research, Nanostring Technologies (United States), Harvard University, Florida State University, Weill Cornell Medicine, Broad Institute, National Aeronautics and Space Administration, Blue Marble Space Institute of Science	Nature Communications	https://doi.org/10.1038/s41467-024-48625-2	37	article	True	Spaceflight effects on biology	Physiology	Medicine	Health Sciences	Spaceflight effects on biology; Circadian rhythm and melatonin; Fibromyalgia and Chronic Fatigue Syndrome Research	False	False	True	False	False
W4391573353	Novel Approach for Pancreas Transcriptomics Reveals the Cellular Landscape in Homeostasis and Acute Pancreatitis	2024-02-06	Katherine J. Aney, Woo‐Jeong Jeong, Andrés F. Vallejo, Cassandra Burdziak, Ethan E. Chen, Austin Wang, Pal Koak, Kellie Wise, Kirk B. Jensen, Dana Pe’er, Stephanie K. Dougan, Luciano Gastón Martelotto, Sahar Nissim	Massachusetts Institute of Technology, Memorial Sloan Kettering Cancer Center, Dana-Farber Cancer Institute, AGRF Ltd, University of Southampton, Howard Hughes Medical Institute, Harvard University, Brigham and Women's Hospital, The University of Adelaide, Dana-Farber Brigham Cancer Center	Gastroenterology	https://doi.org/10.1053/j.gastro.2024.01.043	54	article	True	Single-cell and spatial transcriptomics	Molecular Biology	Biochemistry, Genetics and Molecular Biology	Life Sciences	Single-cell and spatial transcriptomics; Pancreatitis Pathology and Treatment; Pancreatic and Hepatic Oncology Research	False	False	True	False	False
W4367852313	MALDI HiPLEX-IHC: multiomic and multimodal imaging of targeted intact proteins in tissues	2023-05-02	Mark Jyn-Huey Lim, Gargey B. Yagnik, Corinna Henkel, Signe Frost Frederiksen, Tanja Bien, Kenneth J. Rothschild	Billerica Public Library, Boston University	Frontiers in Chemistry	https://doi.org/10.3389/fchem.2023.1182404	65	article	True	Mass Spectrometry Techniques and Applications	Spectroscopy	Chemistry	Physical Sciences	Mass Spectrometry Techniques and Applications; Advanced Proteomics Techniques and Applications; RNA and protein synthesis mechanisms	False	False	True	False	False
W2998795792	B cells and tertiary lymphoid structures promote immunotherapy response	2020-01-15	Beth Ann Helmink, Sangeetha Meda Reddy, Jianjun Gao, Shaojun Zhang, Rafet Başar, Rohit Thakur, Keren Yizhak, Moshe Sade-Feldman, Jorge M. Blando, Guangchun Han, Vancheswaran Gopalakrishnan, Yuanxin Xi, Hao Zhao, Rodabe Navroze Amaria, Hussein Abdul-Hassan Tawbi, Alexandria P. Cogdill, Wenbin Liu, Valerie S. LeBleu, Fernanda Grande Kugeratski, Sapna Pradyuman Patel, Michael A. Davies, Patrick Hwu, Jeffrey E. Lee, Jeffrey E. Gershenwald, Anthony Lucci, Reetakshi Arora, Scott Eric Woodman, Emily Zhi-Yun Keung, Pierre-Olivier Gaudreau, Alexandre Reuben, Christine N. Spencer, Elizabeth M. Burton, Lauren Elaine Haydu, Alexander J. Lazar, Roberta Zapassodi, Courtney W. Hudgens, Debora Alejandra Ledesma, SuFey Ong, Michael Bailey, Sarah Warren, Disha Rao, Oscar Krijgsman, Elisa A. Rozeman, Daniel S. Peeper, Christian U. Blank, Ton N. Schumacher, Lisa H. Butterfield, Monika Anna Zelazowska, Kevin M. McBride, Raghu K. Kalluri, James P. Allison, Florent Petitprez, Wolf H. Fridman, Catherine Sautès‐Fridman, Nir Hacohen, Katayoun Rezvani, Padmanee Sharma, Michael T. Tetzlaff, Linghua Wang, Jennifer Ann Wargo	Parker Institute for Cancer Immunotherapy, Massachusetts Institute of Technology, Memorial Sloan Kettering Cancer Center, Centre de Recherche des Cordeliers, The University of Texas MD Anderson Cancer Center, Nanostring Technologies (United States), Sorbonne Paris Cité, Broad Institute, La Ligue Contre le Cancer, The Netherlands Cancer Institute, Massachusetts General Hospital, Inserm, University of Pittsburgh	Nature	https://doi.org/10.1038/s41586-019-1922-8	2818	article	True	Cancer Immunotherapy and Biomarkers	Oncology	Medicine	Health Sciences	Cancer Immunotherapy and Biomarkers; Immune Cell Function and Interaction; CAR-T cell therapy research	False	False	True	False	False
W4402044378	Eganelisib combined with immune checkpoint inhibitor therapy and chemotherapy in frontline metastatic triple-negative breast cancer triggers macrophage reprogramming, immune activation and extracellular matrix reorganization in the tumor microenvironment	2024-08-01	Brenda C O’Connell, Charley J. Hubbard, Nora Zizlsperger, Donna M. Fitzgerald, Jeffrey Lorne Kutok, Judith A. Varner, Robert L Ilaria, Melody Cobleigh, Dejan Juric, K.H. Tkaczuk, ANTHONY D. ELIAS, Arielle Lee, Shaker R. Dakhil, Erika Paige Hamilton, Hatem Hussein Soliman, Stéphane Peluso	University of California San Diego, Rush University Medical Center, Sarah Cannon, Cancer Center of Kansas, Infinity Pharmaceuticals (United States), Moffitt Cancer Center, University of Colorado Anschutz, Massachusetts General Hospital, The University of Texas Health Science Center at Tyler, University of Maryland, Baltimore	Journal for ImmunoTherapy of Cancer	https://doi.org/10.1136/jitc-2024-009160	71	article	True	Immune cells in cancer	Immunology	Immunology and Microbiology	Life Sciences	Immune cells in cancer; Cancer Immunotherapy and Biomarkers; Ferroptosis and cancer prognosis	False	False	True	False	False
W4316669566	PFKFB3 overexpression in monocytes of patients with colon but not rectal cancer programs pro-tumor macrophages and is indicative for higher risk of tumor relapse	2023-01-17	Irina Larionova, Marina R. Patysheva, Pavel S. Iamshchikov, Elena Kazakova, Анна Казакова, Militsa A. Rakina, Evgeniya S. Grigoryeva, Анна Сергеевна Тарасова, S. G. Afanasiev, Безгодова Наталья Владимировна, Artem M. Kiselev, А. Yu. Dobrodeev, Dmitriy N Kostromitskiy, Н. В. Чердынцева, Julia G. Kzhyshkowska	Medizinische Fakultät Mannheim, Tomsk National Research Medical Center, Russian Academy of Sciences, Michigan State University, Siberian State Medical University, German Red Cross, National Research Tomsk State University, Heidelberg University	Frontiers in Immunology	https://doi.org/10.3389/fimmu.2022.1080501	42	article	True	Immune cells in cancer	Immunology	Immunology and Microbiology	Life Sciences	Immune cells in cancer; Chemokine receptors and signaling; Cancer Research and Treatments	False	False	True	False	False
W4410143814	Spatial transcriptional landscape of human heart failure	2025-04-08	Sang Eun Lee, Jeong Ho Joo, Hee Sang Hwang, Shang‐Fu Chen, Douglas Evans, Kyoung Yul Lee, Kyung‐Hee Kim, Junho Hyun, Min‐Seok Kim, Sung‐Ho Jung, Jae‐Joong Kim, Jeong Seok Lee, Ali Torkamani	Asan Medical Center, Korea Advanced Institute of Science and Technology, Scripps Research Institute, University of Ulsan	European Heart Journal	https://doi.org/10.1093/eurheartj/ehaf272	17	article	True	Cardiac Fibrosis and Remodeling	Cardiology and Cardiovascular Medicine	Medicine	Health Sciences	Cardiac Fibrosis and Remodeling; Single-cell and spatial transcriptomics; Congenital heart defects research	False	False	True	False	False
W4399799496	Spatial Transcriptome‐Wide Profiling of Small Cell Lung Cancer Reveals Intra‐Tumoral Molecular and Subtype Heterogeneity	2024-06-19	Zicheng Zhang, Xujie Sun, Yutao Liu, Yibo Zhang, Zijian Yang, Jiyan Dong, Nan Wang, Jianming Ying, Meng Zhou, Lin Yang	Affiliated Eye Hospital of Wenzhou Medical College, Chinese Academy of Medical Sciences & Peking Union Medical College, Cancer Hospital of Chinese Academy of Medical Sciences, Wenzhou Medical University	Advanced Science	https://doi.org/10.1002/advs.202402716	29	article	True	Lung Cancer Research Studies	Oncology	Medicine	Health Sciences	Lung Cancer Research Studies; Cancer Genomics and Diagnostics; Cholangiocarcinoma and Gallbladder Cancer Studies	False	False	True	False	False
W3171226246	Characteristics and Spatially Defined Immune (micro)landscapes of Early-stage PD-L1–positive Triple-negative Breast Cancer	2021-06-09	Jodi M. Carter, Mei‐Yin C. Polley, Roberto Antonio Leon-Ferre, Jason P. Sinnwell, Kevin J. Thompson, Xue Wang, Yaohua Ma, David Zahrieh, Jennifer M. Kachergus, Malvika H. Solanki, Judy Caroline Boughey, Minetta C. Liu, James N. Ingle, Krishna R. Kalari, Fergus J. Couch, E. Aubrey Thompson, Matthew Philip Goetz	Mayo Clinic Comprehensive Cancer Center (Florida), Mayo Clinic, University of Chicago, Mayo Clinic in Florida	Clinical Cancer Research	https://doi.org/10.1158/1078-0432.ccr-21-0343	61	article	True	Cancer Immunotherapy and Biomarkers	Oncology	Medicine	Health Sciences	Cancer Immunotherapy and Biomarkers; Ferroptosis and cancer prognosis; Immunotherapy and Immune Responses	False	False	True	False	False
W4293201471	Lung epithelial and myeloid innate immunity in influenza-associated or COVID-19-associated pulmonary aspergillosis: an observational study	2022-08-24	Simon Feys, Samuel Martins Gonçalves, Mona Khan, Sumin Choi, Bram Boeckx, Denis Chatelain, Cristina Cunha, Yves A. Debaveye, Greet Hermans, Marjan Hertoghs, Stéphanie Humblet‐Baron, Cato Jacobs, Katrien Lagrou, Lukas Marcelis, Julien Maizel, Philippe Meersseman, Rémy Nyga, Laura Seldeslachts, Márick Rodrigues Starick, Karin Thevissen, Christophe Vandenbriele, Lore Vanderbeke, Greetje Vande Velde, Niels Van Regenmortel, Arno Vanstapel, Sam Vanmassenhove, Alexander Wilmer, Frank L. van de Veerdonk, Gert D. Hertogh, Peter Mombaerts, Diether Lambrechts, Agostinho Carvalho, Johan Van Weyenbergh, Joost Wauters	KU Leuven, Université de Picardie Jules Verne, GZA Ziekenhuizen Campus Sint-Augustinus, GZA Ziekenhuizen, University of Minho, Radboud University Medical Center, Chirurgie et extrémité céphalique, caractérisation morphologique et fonctionnelle, Max Planck Society, Centre Hospitalier Universitaire Amiens-Picardie, Centre Hospitalier Universitaire de Lille, Ziekenhuisnetwerk Antwerpen Stuivenberg, Antwerp University Hospital, Universitair Ziekenhuis Leuven, Rega Institute for Medical Research, Mécanismes physiopathologiques et conséquences des calcifications cardiovasculaires, UCLouvain, VIB-KU Leuven Center for Cancer Biology, Max Planck Research Unit for Neurogenetics	The Lancet Respiratory Medicine	https://doi.org/10.1016/s2213-2600(22)00259-4	130	article	True	Antifungal resistance and susceptibility	Infectious Diseases	Medicine	Health Sciences	Antifungal resistance and susceptibility; Interstitial Lung Diseases and Idiopathic Pulmonary Fibrosis; Neutrophil, Myeloperoxidase and Oxidative Mechanisms	False	False	True	False	False
W3047419512	Advances in mixed cell deconvolution enable quantification of cell types in spatially-resolved gene expression data	2020-08-05	Patrick J. Danaher, Young‐Mi Kim, Brenn Nelson, Maddy Griswold, Zhi Gang Yang, Erin Piazza, Joseph Beechem	Nanostring Technologies (United States)	bioRxiv (Cold Spring Harbor Laboratory)	https://doi.org/10.1101/2020.08.04.235168	23	preprint	True	Single-cell and spatial transcriptomics	Molecular Biology	Biochemistry, Genetics and Molecular Biology	Life Sciences	Single-cell and spatial transcriptomics; Extracellular vesicles in disease	False	False	True	False	False
W4391363694	Placenta accreta spectrum disorder at single-cell resolution: a loss of boundary limits in the decidua and endothelium	2024-01-30	Yalda Afshar, Ophelia Q. P. Yin, Anhyo Jeong, Guadalupe Martínez, Jin‐A Kim, Feiyang Ma, Christine Jang, Sarah Tabatabaei, Sungyong You, Hsian‐Rong Tseng, Yazhen Zhu, Deborah Krakow	University of California, Los Angeles, Cedars-Sinai Medical Center, California NanoSystems Institute, University of California, San Francisco	American Journal of Obstetrics and Gynecology	https://doi.org/10.1016/j.ajog.2023.10.001	78	article	True	Maternal and fetal healthcare	Pediatrics, Perinatology and Child Health	Medicine	Health Sciences	Maternal and fetal healthcare; Pregnancy and preeclampsia studies; Gestational Trophoblastic Disease Studies	False	False	True	False	False
W4379197253	Sample size calculation for a NanoString GeoMx spatial transcriptomics experiment to study predictors of fibrosis progression in non-alcoholic fatty liver disease	2023-06-02	Maria Ryaboshapkina, Vian Azzu	AstraZeneca (United Kingdom), AstraZeneca (Sweden)	Scientific Reports	https://doi.org/10.1038/s41598-023-36187-0	7	article	True	Liver Disease Diagnosis and Treatment	Epidemiology	Medicine	Health Sciences	Liver Disease Diagnosis and Treatment; Gene expression and cancer classification; MicroRNA in disease regulation	False	False	True	False	False
W3119379269	Method of the Year: spatially resolved transcriptomics	2021-01-01	Vivien Marx		Nature Methods	https://doi.org/10.1038/s41592-020-01033-y	1206	article	False	Single-cell and spatial transcriptomics	Molecular Biology	Biochemistry, Genetics and Molecular Biology	Life Sciences	Single-cell and spatial transcriptomics; Cell Image Analysis Techniques; Gene expression and cancer classification	False	False	True	False	False
W4225260149	Discovery of Biomarkers of Resistance to Immune Checkpoint Blockade in NSCLC Using High-Plex Digital Spatial Profiling	2022-04-28	Myrto K. Moutafi, Sandra Martínez-Morilla, Prajan Divakar, Ioannis A. Vathiotis, Niki Gavrielatou, Thazin Nwe Aung, Vesal Yaghoobi, Aileen I. Fernandez, Jon Zugazagoitia, Roy S. Herbst, Kurt Alex Schalper, David L. Rimm	Nanostring Technologies (United States), Yale University, Hospital Universitario 12 De Octubre	Journal of Thoracic Oncology	https://doi.org/10.1016/j.jtho.2022.04.009	41	article	True	Cancer Immunotherapy and Biomarkers	Oncology	Medicine	Health Sciences	Cancer Immunotherapy and Biomarkers; Radiomics and Machine Learning in Medical Imaging; Ferroptosis and cancer prognosis	False	False	True	False	False
W4365484874	Spatially Resolved Transcriptomics Deconvolutes Prognostic Histological Subgroups in Patients with Colorectal Cancer and Synchronous Liver Metastases	2023-04-14	Colin S. Wood, Kathryn A.F. Pennel, Holly Leslie, Assya Legrini, Andrew J. D. Cameron, Lydia Melissourgou-Syka, Jean A. Quinn, Hester Catharina Van Wyk, Jennifer R. Hay, Antonia Kathryn Roseweir, Colin Nixon, Campbell S.D. Roxburgh, Donald C. McMillan, Andrew Victor Biankin, Owen James Sansom, Paul G. Horgan, Joanne Edwards, Colin William Steele, Nigel Balfour Jamieson	Queen Elizabeth University Hospital, Cancer Research UK Scotland Institute, University of Glasgow, Glasgow Royal Infirmary	Cancer Research	https://doi.org/10.1158/0008-5472.can-22-2794	40	article	True	Cancer Immunotherapy and Biomarkers	Oncology	Medicine	Health Sciences	Cancer Immunotherapy and Biomarkers; Single-cell and spatial transcriptomics; Immune cells in cancer	False	False	True	False	False
W4402279700	Spatial Transcriptomic Approach to Understanding Coronary Atherosclerotic Plaque Stability	2024-09-05	Maria Gabriela Gastanadui, Camilla Margaroli, Silvio Hector Litovsky, Robert P. Richter, Dezhi Wang, Dongqi Xing, James Michael Wells, Amit Gaggar, Vivek Nanda, Rakesh P. Patel, Gregory A. Payne	UAB Medicine, Birmingham VA Medical Center, University of Alabama at Birmingham	Arteriosclerosis Thrombosis and Vascular Biology	https://doi.org/10.1161/atvbaha.123.320330	54	article	True	Single-cell and spatial transcriptomics	Molecular Biology	Biochemistry, Genetics and Molecular Biology	Life Sciences	Single-cell and spatial transcriptomics; Atherosclerosis and Cardiovascular Diseases; Cardiac Fibrosis and Remodeling	False	False	True	False	False
W4365444153	Fixed Time-Point Analysis Reveals Repetitive Mild Traumatic Brain Injury Effects on Resting State Functional Magnetic Resonance Imaging Connectivity and Neuro-Spatial Protein Profiles	2023-04-13	Sakthivel Ravi, Marangelie Criado‐Marrero, Daylin Barroso, Isadora Braga, MacKenzie L. Bolen, Uriel Rubinovich, Gabriela P. Hery, Matteo M. Grudny, John Koren, Stefan Prokop, Marcelo Febo, Jose Francisco Abisambra	University of Florida Health, University of Florida	Journal of Neurotrauma	https://doi.org/10.1089/neu.2022.0464	26	article	True	Traumatic Brain Injury Research	Epidemiology	Medicine	Health Sciences	Traumatic Brain Injury Research; Advanced Neuroimaging Techniques and Applications; Traumatic Brain Injury and Neurovascular Disturbances	False	False	True	False	False
W3164156295	Models that combine transcriptomic with spatial protein information exceed the predictive value for either single modality	2021-05-28	Ioannis Athanasios Vathiotis, Zhi Gang Yang, Jason Reeves, Maria I Toki, Thazin Nwe Aung, Pok Fai Wong, Harriet M. Kluger, Konstantinos Nikolaos Syrigos, Sarah E. Warren, David L. Rimm	Nanostring Technologies (United States), Yale Cancer Center, National and Kapodistrian University of Athens, Yale University	npj Precision Oncology	https://doi.org/10.1038/s41698-021-00184-1	21	article	True	Cancer Genomics and Diagnostics	Cancer Research	Biochemistry, Genetics and Molecular Biology	Life Sciences	Cancer Genomics and Diagnostics; Single-cell and spatial transcriptomics; Cancer Immunotherapy and Biomarkers	False	False	True	False	False
W4224298605	Cutting-Edge Platforms for Analysis of Immune Cells in the Hepatic Microenvironment—Focus on Tumor-Associated Macrophages in Hepatocellular Carcinoma	2022-04-07	Daniel E. Millian, Ómar A. Saldarriaga, Timothy G. Wanninger, Jared K. Burks, Yousef N. Rafati, Joseph Gosnell, Heather L. Stevenson	The University of Texas Medical Branch at Galveston, The University of Texas MD Anderson Cancer Center	Cancers	https://doi.org/10.3390/cancers14081861	25	article	True	Immune cells in cancer	Immunology	Immunology and Microbiology	Life Sciences	Immune cells in cancer; Single-cell and spatial transcriptomics; Cancer Immunotherapy and Biomarkers	False	False	True	False	False
W4408377194	Integrated spatial multi‐omics profiling of Fusobacterium nucleatum in breast cancer unveils its role in tumour microenvironment modulation and cancer progression	2025-03-01	Feng Zhao, Rui An, Yilei Ma, Shaobo Yu, Yuzhen Gao, Yanzhong Wang, Haitao Yu, Xinyou Xie, Jun Zhang	Sir Run Run Shaw Hospital, Zhejiang University	Clinical and Translational Medicine	https://doi.org/10.1002/ctm2.70273	46	article	True	Gut microbiota and health	Molecular Biology	Biochemistry, Genetics and Molecular Biology	Life Sciences	Gut microbiota and health; Cancer Cells and Metastasis; Barrier Structure and Function Studies	False	False	True	False	False
W4404877901	Microarray integrated spatial transcriptomics (MIST) for affordable and robust digital pathology	2024-11-30	Juwayria, Priyansh Shrivastava, Kaustar Yadav, Sourabh Das, Shubham Mittal, Sunil Kumar, Deepali Jain, Prabhat Singh Malik, Ishaan Gupta	Indian Institute of Technology Delhi, All India Institute of Medical Sciences	npj Systems Biology and Applications	https://doi.org/10.1038/s41540-024-00462-1	14	article	True	Single-cell and spatial transcriptomics	Molecular Biology	Biochemistry, Genetics and Molecular Biology	Life Sciences	Single-cell and spatial transcriptomics; Molecular Biology Techniques and Applications; Gene expression and cancer classification	False	False	True	False	False
W3196834685	Alpha-smooth Muscle Actin Expression in the Stroma Predicts Resistance to Trastuzumab in Patients with Early-stage HER2-positive Breast Cancer	2021-08-31	Ioannis A. Vathiotis, Myrto K. Moutafi, Prajan Divakar, Thazin Nwe Aung, Tao Qing, Aileen Fernandez, Vesal Yaghoobi, Sarra El-Abed, Yingbo Wang, Sebastien Guillaume, Paolo Nuciforo, Jens Huober, Serena Di Cosimo, Sung-Bae Kim, Nadia Harbeck, Henry Gomez, Saba Shafi, Konstantinos N. Syrigos, George Fountzilas, Christos Sotiriou, Lajos Pusztai, Sarah Warren, David L. Rimm	Universität Ulm, Vall d'Hebron Institute of Oncology, Novartis (Switzerland), Instituto Nacional de Enfermedades Neoplásicas, Institut Jules Bordet, Nanostring Technologies (United States), Yale Cancer Center, Yale University, Fondazione IRCCS Istituto Nazionale dei Tumori, Asan Medical Center, Université Libre de Bruxelles, Ludwig-Maximilians-Universität München, National and Kapodistrian University of Athens, LMU Klinikum, Aristotle University of Thessaloniki, Breast International Group, University of Ulsan	Clinical Cancer Research	https://doi.org/10.1158/1078-0432.ccr-21-2103	36	article	True	HER2/EGFR in Cancer Research	Oncology	Medicine	Health Sciences	HER2/EGFR in Cancer Research; Breast Cancer Treatment Studies; Advanced Biosensing Techniques and Applications	False	False	True	False	False
W3127513274	Advanced Molecular Characterization Using Digital Spatial Profiling Technology on Immunooncology Targets in Methylated Compared with Unmethylated IDH-Wildtype Glioblastoma	2021-02-24	Hannah R. Barber, Antonis Tofias, Beatrice Lander, Aled R. Daniels, Jingjing Gong, Yuqi Ren, Xuli Ren, Yan Mei Liang, Paul White, Kathreena Mary Kurian	Nanostring Technologies (United States), University of the West of England, University of Bristol	Journal of Oncology	https://doi.org/10.1155/2021/8819702	11	article	True	Glioma Diagnosis and Treatment	Genetics	Medicine	Health Sciences	Glioma Diagnosis and Treatment; Cell Image Analysis Techniques; Single-cell and spatial transcriptomics	False	False	True	False	False
W3137621338	Transcriptome-wide spatial RNA profiling maps the cellular architecture of the developing human neocortex	2021-03-20	Kenny S. Roberts, Alexander Aivazidis, Vitalii Kleshchevnikov, Tong Li, Robin Fropf, Michael J.C. Rhodes, Joseph Beechem, Martin Hemberg, Omer Ali Bayraktar	Nanostring Technologies (United States), Harvard University, Brigham and Women's Hospital, Wellcome Sanger Institute	bioRxiv (Cold Spring Harbor Laboratory)	https://doi.org/10.1101/2021.03.20.436265	22	preprint	True	Single-cell and spatial transcriptomics	Molecular Biology	Biochemistry, Genetics and Molecular Biology	Life Sciences	Single-cell and spatial transcriptomics; Molecular Biology Techniques and Applications; Domain Adaptation and Few-Shot Learning	False	False	True	False	False
W3174712003	The tumor immune microenvironment of primary and metastatic HER2− positive breast cancers utilizing gene expression and spatial proteomic profiling	2021-11-27	Ilana Miriam Schlam, S. Church, TYLER D. HETHER, Krysta M. Chaldekas, Briana M. Hudson, Andrew M. White, Emily Maisonet, Brent T. Harris, Sandra M. Swain	MedStar Georgetown University Hospital, Tufts Medical Center, Nanostring Technologies (United States), MedStar Washington Hospital Center, MedStar Health, Georgetown Lombardi Comprehensive Cancer Center	Journal of Translational Medicine	https://doi.org/10.1186/s12967-021-03113-9	33	article	True	Cancer Immunotherapy and Biomarkers	Oncology	Medicine	Health Sciences	Cancer Immunotherapy and Biomarkers; Single-cell and spatial transcriptomics; Immune cells in cancer	False	False	True	False	False
W4406943615	Spatial Transcriptomics Reveals Cancer and Stromal Cell Heterogeneity Between Center and Invasive Front of Pancreatic Cancer	2025-01-29	Tine Norman Alver, Helga Bergholtz, Maia Blomhoff Holm, Linda Trobe Dorg, Martina Landschoof Skrede, Elin Hegland Kure, Caroline Sophie Verbeke	Oslo University Hospital, University of Oslo	Modern Pathology	https://doi.org/10.1016/j.modpat.2025.100726	27	article	True	Pancreatic and Hepatic Oncology Research	Oncology	Medicine	Health Sciences	Pancreatic and Hepatic Oncology Research; Cancer Genomics and Diagnostics; Single-cell and spatial transcriptomics	False	False	True	False	False
W4386894670	Method for high‐plex analysis of immune cells in human skin using the GeoMx system	2023-09-19	Borislav Ignatov, Daniel Sortebech, Thomas Emmanuel, Ekaterina Zhuravleva, Liv Eidsmo	University of Copenhagen, Karolinska University Hospital, Aarhus University Hospital, Karolinska Institutet, LEO Foundation	Scandinavian Journal of Immunology	https://doi.org/10.1111/sji.13326	3	article	True	T-cell and B-cell Immunology	Immunology	Immunology and Microbiology	Life Sciences	T-cell and B-cell Immunology; Immunotherapy and Immune Responses; Single-cell and spatial transcriptomics	False	False	True	False	False
W4386861229	Exercise Training Reduces the Inflammatory Response and Promotes Intestinal Mucosa-Associated Immunity in Lynch Syndrome	2023-09-19	Nan Deng, Laura Reyes-Uribe, Johannes Francois Fahrmann, Whittney S. Thoman, Mark F. Munsell, Jennifer B. Dennison, Eunice N. Murage, Ranran Wu, Ernest T. Hawk, Selvi Thirumurthi, Patrick M. Lynch, Christina Marie Dieli-Conwright, Alexander J. Lazar, Sonali Jindal, Khoi Chu, Manoj Chelvanambi, Karen  M. Basen-Engquist, Yisheng Li, Jennifer Ann Wargo, Florencia M. McAllister, James Patrick Allison, Padmanee Sharma, Krishna M. Sinha, Samir Hanash, Susan C. Gilchrist, Eduardo Vilar	Dana-Farber Cancer Institute, Harvard University, The University of Texas System, The University of Texas MD Anderson Cancer Center	Clinical Cancer Research	https://doi.org/10.1158/1078-0432.ccr-23-0088	25	article	True	Genetic factors in colorectal cancer	Pathology and Forensic Medicine	Medicine	Health Sciences	Genetic factors in colorectal cancer; Cancer Immunotherapy and Biomarkers; Immunodeficiency and Autoimmune Disorders	False	False	True	False	False
W4387093069	Molecular portraits of patients with intrahepatic cholangiocarcinoma who diverge as rapid progressors or long survivors on chemotherapy	2023-09-27	Colm J. O’Rourke, Massimiliano Salati, Colin J. Rae, Guido Carpino, Holly Leslie, Antonio Pea, Maria Giuseppina Prete, Luca Reggiani Bonetti, Francesco Amato, Robert Montal, Rosanna Upstill‐Goddard, Colin Nixon, Paula Sanchon-Sanchez, Paolo Kunderfranco, Daniela Sia, Eugenio Gaudio, Diletta Overi, Stefano Cascinu, Dan Høgdall, Sian Alexandra Pugh, Enric Domingo, John M. Primrose, John A. Bridgewater, Andrea Spallanzani, Fabio Gelsomino, Josep Maria Llovet, Diego Francesco Calvisi, Luke Boulter, Francesco Caputo, Ana Lleò, Nigel Balfour Jamieson, Gabriele Luppi, Massimo Dominici, Jesper Bøje Andersen, Chiara Braconi	Icahn School of Medicine at Mount Sinai, University of Oxford, University of Regensburg, University of Southampton, University of Modena and Reggio Emilia, Institució Catalana de Recerca i Estudis Avançats, University of Glasgow, Hospital Clínic de Barcelona, Azienda Ospedaliero-Universitaria di Modena, Institute of Genetics and Cancer, Herlev Hospital, Cancer Research UK, Universitat de Barcelona, IRCCS Humanitas Research Hospital, Beatson West of Scotland Cancer Centre, University of Copenhagen, MRC Human Genetics Unit, University of Edinburgh, Cancer Research UK Scotland Institute, University of Sassari, Humanitas University, Sapienza University of Rome, Consorci Institut D'Investigacions Biomediques August Pi I Sunyer, University College London, Addenbrooke's Hospital, Hospital Universitari Arnau de Vilanova	Gut	https://doi.org/10.1136/gutjnl-2023-330748	25	article	True	Cholangiocarcinoma and Gallbladder Cancer Studies	Surgery	Medicine	Health Sciences	Cholangiocarcinoma and Gallbladder Cancer Studies; Single-cell and spatial transcriptomics; Ferroptosis and cancer prognosis	False	False	True	False	False
W4308126379	Use of High-Plex Data Reveals Novel Insights into the Tumour Microenvironment of Clear Cell Renal Cell Carcinoma	2022-11-01	Raffaele De Filippis, Georg Wölflein, In Hwa Um, Peter D. Caie, Sarah E. Warren, Andrew M. White, Elizabeth Suen, Emily Yeg Hei To, Ognjen Arandjelović, David James Harrison	University of St Andrews, Nanostring Technologies (United States)	Cancers	https://doi.org/10.3390/cancers14215387	10	article	True	Renal cell carcinoma treatment	Pulmonary and Respiratory Medicine	Medicine	Health Sciences	Renal cell carcinoma treatment; Ferroptosis and cancer prognosis; Cancer Genomics and Diagnostics	False	False	True	False	False
W4362723498	Identification of Spatial Proteomic Signatures of Colon Tumor Metastasis	2023-04-08	Joshua Levy, John P. Zavras, Eren M. Veziroglu, Mustafa Nasir-Moin, Fred Kolling, Brock C. Christensen, Lucas A. Salas, Rachael E. Barney, Scott M. Palisoul, Bing Ren, Xiaoying Liu, Darcy A. Kerr, Kelli B. Pointer, Gregory J. Tsongalis, Louis Joseph Vaickus	Dartmouth College, Dartmouth Cancer Center, Dartmouth–Hitchcock Medical Center, Harvard University, Dartmouth Health	American Journal Of Pathology	https://doi.org/10.1016/j.ajpath.2023.02.020	25	article	True	Radiomics and Machine Learning in Medical Imaging	Radiology, Nuclear Medicine and Imaging	Medicine	Health Sciences	Radiomics and Machine Learning in Medical Imaging; Cancer Research and Treatments; Colorectal Cancer Treatments and Studies	False	False	True	False	False
W4386529835	Spatial transcriptomic analysis of tumour with high and low CAIX expression in TNBC tissue samples using GeoMx™ RNA assay.	2024-02-01	Suad A. K. Shamis, Francesca Savioli, Aula Ammar, Sara Samir Foad Al-Badran, Phimmada Hatthakarnkul, Holly Leslie, Elizabeth Mallon, Nigel Balfour Jamieson, Donald C. McMillan, Joanne Edwards	Queen Elizabeth University Hospital, University of Glasgow, Glasgow Royal Infirmary	PubMed	https://doi.org/10.14670/hh-18-655	5	article	True	Enzyme function and inhibition	Molecular Biology	Biochemistry, Genetics and Molecular Biology	Life Sciences	Enzyme function and inhibition; Thyroid Cancer Diagnosis and Treatment; Renal cell carcinoma treatment	False	False	True	False	False
W4404019199	Transcriptome Analysis of Archived Tumor Tissues by Visium, GeoMx DSP, and Chromium Methods Reveals Inter- and Intra-Patient Heterogeneity	2024-11-03	Yixing Dong, Chiara Saglietti, Quentin Bayard, Almudena Espín Pérez, Sabrina Carpentier, Daria Buszta, Stéphanie Tissot-Renaud, Rémy Dubois, Atanas Kamburov, Senbai Kang, Carla Haignere, Rita Sarkis, Sylvie Andre, Marina Alexandre Gaveta, Silvia Lopez‐Lastra, Nathalie Piazzon, Rita Santos, Katharina von Loga, Caroline Hoffmann, George Coukos, Solange Peters, Vassili Soumelis, Eric Y. Durand, Laurence de Leval, Raphaël Gottardo, Krisztián Homicskó, Elo Madissoon	Centre Hospitalier Universitaire Vaudois, University of Lausanne, Agora, SIB Swiss Institute of Bioinformatics, Swiss Cancer Center Léman, Ludwig Cancer Research	bioRxiv (Cold Spring Harbor Laboratory)	https://doi.org/10.1101/2024.11.01.621259	4	preprint	True	Single-cell and spatial transcriptomics	Molecular Biology	Biochemistry, Genetics and Molecular Biology	Life Sciences	Single-cell and spatial transcriptomics; Molecular Biology Techniques and Applications; Cancer Genomics and Diagnostics	False	False	True	False	False
W4381469265	PIK3CA mutation subtype delineates distinct immune profiles in gastric carcinoma	2023-06-21	Sangjoon Choi, Hyunjin Kim, You Jeong Heo, So Young Kang, Soomin Ahn, Jeeyun Lee, Kyoung‐Mee Kim	Samsung Medical Center, Sungkyunkwan University	The Journal of Pathology	https://doi.org/10.1002/path.6134	17	article	True	Gastrointestinal Tumor Research and Treatment	Gastroenterology	Medicine	Health Sciences	Gastrointestinal Tumor Research and Treatment; PI3K/AKT/mTOR signaling in cancer; Gastric Cancer Management and Outcomes	False	False	True	False	False
W4400519411	Characterisation of HBV and co-infection with HDV and HIV through spatial transcriptomics	2024-07-11	Amy Rachael Cross, James Michael Harris, Edward H. Arbe-Barnes, Colin Nixon, Rageshri Dhairyawan, Andrew Christopher Hall, Alberto Quaglia, Fadi Issa, Patrick T.F. Kennedy, Jane A. McKeating, Upkar S. Gill, Dimitra Peppa	Queen Mary University of London, University of Oxford, Cancer Research UK Scotland Institute, University College London, Royal Free London NHS Foundation Trust, Barts Health NHS Trust, Cancer Research UK	eGastroenterology	https://doi.org/10.1136/egastro-2024-100067	15	article	True	Hepatitis B Virus Studies	Epidemiology	Medicine	Health Sciences	Hepatitis B Virus Studies; Hepatitis C virus research; Single-cell and spatial transcriptomics	False	False	True	False	False
W3014749569	Digital quantitative assessment of PD-L1 using digital spatial profiling	2020-04-06	Swati Gupta, Jon Zugazagoitia, Sandra Martínez-Morilla, Kit A. Fuhrman, David L. Rimm	Nanostring Technologies (United States), Yale University	Laboratory Investigation	https://doi.org/10.1038/s41374-020-0424-5	33	article	True	Cancer Immunotherapy and Biomarkers	Oncology	Medicine	Health Sciences	Cancer Immunotherapy and Biomarkers; Medical Imaging Techniques and Applications; Radiomics and Machine Learning in Medical Imaging	False	False	True	False	False
W4392124995	Spatially Resolved Microglia/Macrophages in Recurrent Glioblastomas Overexpress Fatty Acid Metabolism and Phagocytic Genes	2024-02-23	Akshitkumar M. Mistry, Jonah C. Daneshmand, SeonYeong Jamie Seo, Norman L. Lehman, Donald Max Miller, Dylan A. Goodin, Hermann B. Frieboes, Joseph Chen, Adrianna Henson Masters, Brian J. Williams, Kavitha Yaddanapudi	University of Louisville	Current Oncology	https://doi.org/10.3390/curroncol31030088	9	article	True	Glioma Diagnosis and Treatment	Genetics	Medicine	Health Sciences	Glioma Diagnosis and Treatment; Neuroinflammation and Neurodegeneration Mechanisms; Immune cells in cancer	False	False	True	False	False
W4396667900	Comprehensive single-cell analysis deciphered microenvironmental dynamics and immune regulator olfactomedin 4 in pathogenesis of gallbladder cancer	2024-05-06	Huisi He, Shuzhen Chen, Yong Yu, Zhecai Fan, You‐Wen Qian, Yaping Dong, Yuting Song, Caiming Zhong, Sun Xiaojuan, Qiqi Cao, Shiyao Li, Weihan Huang, Wenxin Li, Mingzhu Zhuang, Jinxian Yang, Xianming Wang, Jiaqian Wang, Dongfang Wu, Hongyang Wang, Wen Wen	Sun Yat-sen University, Second Military Medical University, Shanghai Medical College of Fudan University, Fudan University, Fudan University Shanghai Cancer Center	Gut	https://doi.org/10.1136/gutjnl-2023-331773	29	article	True	Cholangiocarcinoma and Gallbladder Cancer Studies	Surgery	Medicine	Health Sciences	Cholangiocarcinoma and Gallbladder Cancer Studies; Ferroptosis and cancer prognosis; Liver physiology and pathology	False	False	True	False	False
W4388665204	Spatial profiling of cancer-associated fibroblasts of sporadic early onset colon cancer microenvironment	2023-11-14	Satoru Furuhashi, Matias Alberto Bustos, Shodai Mizuno, Suyeon Ryu, Yalda B. Naeini, Anton J. Bilchik, Dave S.�B. Hoon	Saint John's Health Center	npj Precision Oncology	https://doi.org/10.1038/s41698-023-00474-w	28	article	True	Fibroblast Growth Factor Research	Molecular Biology	Biochemistry, Genetics and Molecular Biology	Life Sciences	Fibroblast Growth Factor Research; Epigenetics and DNA Methylation; Cancer, Hypoxia, and Metabolism	False	False	True	False	False
W4361214975	Proteomic Profiling of Fallopian Tube-Derived Extracellular Vesicles Using a Microfluidic Tissue-on-Chip System	2023-03-27	Didi Zha, Sagar Rayamajhi, Jared Sipes, Angela Russo, Harsh B. Pathak, Kailiang Li, Mihaela E. Sardiu, Leonidas E. Bantis, Amrita Mitra, Rajni V. Puri, Camille V. Trinidad, Brian P. Cain, Brett C. Isenberg, Jonathan R. Coppeta, Shannon Diane MacLaughlan, Andrew K. Godwin, Joanna E. Burdette	University of Kansas Medical Center, Draper Laboratory, University of Illinois Chicago	Bioengineering	https://doi.org/10.3390/bioengineering10040423	22	article	True	Extracellular vesicles in disease	Molecular Biology	Biochemistry, Genetics and Molecular Biology	Life Sciences	Extracellular vesicles in disease; Reproductive System and Pregnancy; MicroRNA in disease regulation	False	False	True	False	False
W4408398494	Transcriptional signatures of hippocampal tau pathology in primary age-related tauopathy and Alzheimer’s disease	2025-03-01	Genevieve Stein-O’Brien, Ryan G. Palaganas, Ernest Michael Meyer, Javier Redding‐Ochoa, Olga Pletniková, Haidan Guo, William Robert Bell, Juan Carlos Troncoso, Richard L. Huganir, Meaghan Morris	University at Buffalo, State University of New York, Johns Hopkins University, University of Pittsburgh Medical Center, UPMC Hillman Cancer Center, Indiana University School of Medicine, University of Pittsburgh, Johns Hopkins Medicine	Cell Reports	https://doi.org/10.1016/j.celrep.2025.115422	15	article	True	Alzheimer's disease research and treatments	Physiology	Medicine	Health Sciences	Alzheimer's disease research and treatments; Neurological Disease Mechanisms and Treatments; Dementia and Cognitive Impairment Research	False	False	True	False	False
W4401823900	Region of interest localization, tissue storage time, and antibody binding density—a technical note on the GeoMx® Digital Spatial Profiler	2024-08-23	Sarah Heike Böning, Felix Schneider, Ann‐Kathrin Huber, David Langhoff, H. Lin, Adam Kaczorowski, Albrecht Stenzinger, Markus Hohenfellner, Stefan M. Duensing, Anette U. Duensing	National Center for Tumor Diseases, University Hospital Heidelberg, Heidelberg University	Immuno-Oncology Technology	https://doi.org/10.1016/j.iotech.2024.100727	4	article	True	Single-cell and spatial transcriptomics	Molecular Biology	Biochemistry, Genetics and Molecular Biology	Life Sciences	Single-cell and spatial transcriptomics; Advanced Biosensing Techniques and Applications; Advanced Proteomics Techniques and Applications	False	False	True	False	False
W4293522434	A Knock-In Mouse Model of Thymoma With the GTF2I L424H Mutation	2022-08-29	Yongfeng He, In‐Kyu Kim, Jing Bian, Alexander Polyzos, Dafne Campigli Di Giammartino, Yuwen Zhang, Ji Luo, Maria Olga Hernandez, Noémi Kedei, Maggie Cam, Alain Borczuk, Trevor Lee, Yumin Han, Elizabeth A. Conner, Madeline Wong, Desiree Tillo, Shigeki Umemura, Vincent C. Chen, Lydia Ruan, Jessica B. White, Ileana C. Miranda, Parirokh P. Awasthi, Nasser Khaled Altorki, Prajan Divakar, Olivier Elemento, Effie Apostolou, Giuseppe Giaccone	Memorial Sloan Kettering Cancer Center, University of Virginia, National Cancer Institute, Rockefeller University, Nanostring Technologies (United States), National Institutes of Health, Georgetown University, Weill Cornell Medicine, NewYork–Presbyterian Hospital, Northwell Health, Center for Cancer Research, Frederick National Laboratory for Cancer Research, Georgetown Lombardi Comprehensive Cancer Center	Journal of Thoracic Oncology	https://doi.org/10.1016/j.jtho.2022.08.008	22	article	True	Myasthenia Gravis and Thymoma	Neurology	Medicine	Health Sciences	Myasthenia Gravis and Thymoma; Adrenal and Paraganglionic Tumors; Pituitary Gland Disorders and Treatments	False	False	True	False	False
W4292939313	Spatially resolved proteomic profiling identifies tumor cell CD44 as a biomarker associated with sensitivity to PD-1 axis blockade in advanced non-small-cell lung cancer	2022-08-01	Myrto K. Moutafi, Magdalena Molero-Abraham, Sandra Martinez Morilla, Javier Baena, Ioannis Athanasios Vathiotis, Niki Gavrielatou, Laura Castro‐Labrador, Gorka Ruiz de Garibay Ponce, Vera Adradas, Daniel Orive, Karmele Valencia, Alfonso Calvo, Luis M. Montuenga, Santiago Ponce-Aix, Kurt Alex Schalper, Roy S. Herbst, Luis G Paz-Ares, David L. Rimm, Jon Zugazagoitia	Universidad de Navarra, Centro de Investigación Biomédica en Red de Cáncer, Hospital Universitario 12 De Octubre, Universidad Complutense de Madrid, Centro de Investigación Médica Aplicada, Yale University, Spanish National Cancer Research Centre, Research Institute Hospital 12 de Octubre, Navarre Institute of Health Research	Journal for ImmunoTherapy of Cancer	https://doi.org/10.1136/jitc-2022-004757	42	article	True	Cancer Immunotherapy and Biomarkers	Oncology	Medicine	Health Sciences	Cancer Immunotherapy and Biomarkers; Single-cell and spatial transcriptomics; Advanced Proteomics Techniques and Applications	False	False	True	False	False
W4391708133	Tumoral and stromal hMENA isoforms impact tertiary lymphoid structure localization in lung cancer and predict immune checkpoint blockade response in patients with cancer	2024-02-09	Francesca Di Modugno, Anna Di Carlo, Sheila Spada, Belinda Palermo, Lorenzo D’Ambrosio, Daniel D’Andrea, Gaia Morello, Beatrice Belmonte, Isabella Sperduti, Vittoria Balzano, Enzo Gallo, Roberta Melchionna, Mariangela Panetta, Giulia Campo, Francesca De Nicola, Frauke Goeman, Barbara Antoniani, Silvia Carpano, Gianmaria Frigè, Sarah H. Warren, Filippo Tommaso Gallina, Diether Lambrechts, Jieyi Xiong, Benjamin Garrett Vincent, Nathan Wheeler, Dante S. Bortone, Federico Cappuzzo, Francesco Facciolo, Claudio Tripodo, Paolo Visca, Paola Nisticò	Instituto Nazionale Tumori Regina Elena, European Institute of Oncology, Istituti di Ricovero e Cura a Carattere Scientifico, Nottingham Trent University, UNC Lineberger Comprehensive Cancer Center, University of North Carolina at Chapel Hill, University of Palermo, Nanostring Technologies (United States), VIB-KU Leuven Center for Cancer Biology	EBioMedicine	https://doi.org/10.1016/j.ebiom.2024.105003	37	article	True	Cancer Immunotherapy and Biomarkers	Oncology	Medicine	Health Sciences	Cancer Immunotherapy and Biomarkers; Ferroptosis and cancer prognosis; Immune cells in cancer	False	False	True	False	False
W4286457244	Intratumoral spatial heterogeneity of tumor-infiltrating lymphocytes is a significant factor for precisely stratifying prognostic immune subgroups of microsatellite instability-high colorectal carcinomas	2022-07-22	Minsun Jung, Ji Ae Lee, Seungyeon Yoo, Jeong Mo Bae, Gyeong Hoon Kang, Jung Ho Kim	Seoul National University Hospital, Seoul National University, Severance Hospital, Yonsei University	Modern Pathology	https://doi.org/10.1038/s41379-022-01137-0	33	article	True	Cancer Immunotherapy and Biomarkers	Oncology	Medicine	Health Sciences	Cancer Immunotherapy and Biomarkers; Genetic factors in colorectal cancer; Colorectal Cancer Screening and Detection	False	False	True	False	False
W3134403682	Systemic Tissue and Cellular Disruption from SARS-CoV-2 Infection revealed in COVID-19 Autopsies and Spatial Omics Tissue Maps	2021-03-09	Jiwoon Park, Jonathan Foox, TYLER D. HETHER, David Danko, Sarah E. Warren, Youngmi Kim, Jason Reeves, Daniel Butler, Christopher Mozsary, Joel A. Rosiene, Alon Shaiber, Ebrahim Afshinnekoo, Matthew J. MacKay, Yaron Bram, Vasuretha Chandar, Heather M. Geiger, Arryn R. Craney, Priya Velu, Ari M. Melnick, Iman Hajirasouliha, Afshin Beheshti, Deanne M. Taylor, Amanda Saravia-Butler, Urminder Singh, Eve Syrkin Wurtele, Jonathan Cummings Schisler, Samantha Fennessey, André Corvelo, Michael C. Zody, Søren Germer, Steven Salvatore, Shawn A. Levy, Shixiu Wu, Nicholas P. Tatonetti, Sagi D. Shapira, Mirella Salvatore, Massimo F. Loda, Lars F. Westblade, Melissa M. Cushing, Hanna Rennert, Alison Jessica Kriegel, Olivier Elemento, Marcin B. Imielinski, Alain Borczuk, Cem Meydan, Robert E. Schwartz, Christopher E. Mason	Medical College of Wisconsin, Children's Hospital of Philadelphia, University of Pennsylvania, Ames Research Center, Hangzhou Cancer Hospital, Stanley Center for Psychiatric Research, Iowa State University, University of North Carolina at Chapel Hill, Nanostring Technologies (United States), New York Genome Center, Broad Institute, Weill Cornell Medicine, HudsonAlpha Institute for Biotechnology, Columbia University	bioRxiv (Cold Spring Harbor Laboratory)	https://doi.org/10.1101/2021.03.08.434433	18	preprint	True	COVID-19 Clinical Research Studies	Infectious Diseases	Medicine	Health Sciences	COVID-19 Clinical Research Studies; Single-cell and spatial transcriptomics; SARS-CoV-2 and COVID-19 Research	False	False	True	False	False
W4313586249	Spatial genomics reveals a high number and specific location of B cells in the pancreatic ductal adenocarcinoma microenvironment of long-term survivors	2023-01-04	Hosein M. Aziz, Lawlaw Saida, Willem de Koning, Andrew Stubbs, Yunlei Li, Kostandinos Sideras, Elena Palacios, Jaime Feliú, Marta Mendiola, Casper H.J. van Eijck, Dana A. M. Mustafa	Hospital Universitario La Paz, Erasmus MC, Centro de Investigación Biomédica en Red de Cáncer, Erasmus University Rotterdam, Universidad Autónoma de Madrid, Mayo Clinic, Hospital La Paz Institute for Health Research, Instituto de Salud Carlos III	Frontiers in Immunology	https://doi.org/10.3389/fimmu.2022.995715	22	article	True	Pancreatic and Hepatic Oncology Research	Oncology	Medicine	Health Sciences	Pancreatic and Hepatic Oncology Research; Cancer Immunotherapy and Biomarkers; Single-cell and spatial transcriptomics	False	False	True	False	False
W4386471020	Use of high-plex data provides novel insights into the temporal artery processes of giant cell arteritis	2023-09-06	Simon Parreau, Elsa Molina, Stéphanie Dumonteil, Radjiv Goulabchand, Thomas Naves, Melanie C. Bois, Hussein Akil, Faraj Terro, A.L. Fauchais, É. Liozon, Marie‐Odile Jauberteau, Cornelia M. Weyand, K.H. Ly	University of California San Diego, Université de Limoges, Mayo Clinic, Hôpital Universitaire Dupuytren, Salk Institute for Biological Studies, Université de Montpellier, Inserm	Frontiers in Immunology	https://doi.org/10.3389/fimmu.2023.1237986	17	article	True	Vasculitis and related conditions	Pulmonary and Respiratory Medicine	Medicine	Health Sciences	Vasculitis and related conditions; Single-cell and spatial transcriptomics; Atherosclerosis and Cardiovascular Diseases	False	False	True	False	False
W4415709985	Spatial profiling of patient-matched HER2 positive gastric cancer reveals resistance mechanisms to targeted therapy	2025-10-30	Taotao Sheng, Raghav Sundar, Supriya Srivastava, Xuewen Ong, Su Ting Tay, Haoran Ma, Tomoyuki Uchihara, Benedict Shi Xiang Lian, Takeshi Hagihara, Mei Suen Kong, Chang Xu, Shamaine Wei Ting Ho, Kie Kyon Huang, Angie Lay Keng Tan, Michelle Shu Wen Ng, Jiamin Toh, Clara Shi Ya Ng, Vincenzo Nasca, Chiara Carlotta Pircher, Giovanni Randon, Silvia Giordano, Simona Corso, Huey Yew Jeffrey Lum, Ming Teh, Joseph Jonathan Zhao, Jimmy Bok Yan So, Giovanna Sabella, Shyam Prabhakar, Jeeyun Lee, Wei Peng Yong, Matthew Chau Hsien Ng, Kohei Shitara, Jessica Gasparello, Matteo Fassan, Filippo Pietrantonio, Patrick B. O. Tan	Nanyang Technological University, SingHealth Duke-NUS Academic Medical Centre, Istituto Oncologico Veneto, National University Cancer Institute, Singapore, Yale University, Fondazione IRCCS Istituto Nazionale dei Tumori, Sungkyunkwan University, National Cancer Center Hospital East, National University Hospital, National University Health System, National University of Singapore, SingHealth, Candiolo Cancer Institute, Duke-NUS Medical School, Samsung Medical Center, University of Padua, National Cancer Centre Singapore, Agency for Science, Technology and Research, Genome Institute of Singapore, National Heart Centre Singapore, Cancer Science Institute of Singapore, University of Turin	Gut	https://doi.org/10.1136/gutjnl-2024-334667	24	article	False	HER2/EGFR in Cancer Research	Oncology	Medicine	Health Sciences	HER2/EGFR in Cancer Research; Gastric Cancer Management and Outcomes; Monoclonal and Polyclonal Antibodies Research	False	False	True	False	False
W3044236307	High-Plex and High-throughput Digital Spatial Profiling of non-small-cell lung cancer (NSCLC)	2020-07-24	James H. Monkman, Touraj Taheri, Majid Ebrahimi Warkiani, Connor Gerard O’Leary, Rahul Ladwa, Derek J. Richard, Kenneth John O'Byrne, Arutha Kulasinghe	University of Technology Sydney, The University of Queensland, Translational Research Institute, Queensland University of Technology, Princess Alexandra Hospital	medRxiv	https://doi.org/10.1101/2020.07.22.20160325	20	preprint	True	Cancer Genomics and Diagnostics	Cancer Research	Biochemistry, Genetics and Molecular Biology	Life Sciences	Cancer Genomics and Diagnostics; Cancer Immunotherapy and Biomarkers; Radiomics and Machine Learning in Medical Imaging	False	False	True	False	False
W2329985173	Steady-state Analysis of Bernoulli Feedback on GeomX /G/1 Queue with Multiple Vacation and Set-up Times	2011-01-01	Songfang Jia, Yanheng Chen, Jinkui Liu	Chongqing Three Gorges University	International Journal of Applied Physics and Mathematics	https://doi.org/10.7763/ijapm.2011.v1.12	3	article	True	Network Time Synchronization Technologies	Computer Networks and Communications	Computer Science	Physical Sciences	Network Time Synchronization Technologies; Real-Time Systems Scheduling; Advanced Queuing Theory Analysis	False	False	True	False	False
W4389914218	Feasibility Study Utilizing NanoString’s Digital Spatial Profiling (DSP) Technology for Characterizing the Immune Microenvironment in Barrett’s Esophagus Formalin-Fixed Paraffin-Embedded Tissues	2023-12-18	Qurat Ul Ain, Nicola Fabian Frei, Amir M. Khoshiwal, Pim Stougie, Robert Daniel Odze, Sophie Camilleri‐Broët, Lorenzo Edwin Ferri, Lucas C. Duits, Jacques J.G.H.M. Bergman, Matthew D. Stachler	Tufts University, McGill University, University of California, San Francisco, Amsterdam University Medical Centers, Amsterdam UMC Location University of Amsterdam, Montreal General Hospital	Cancers	https://doi.org/10.3390/cancers15245895	4	article	True	Esophageal Cancer Research and Treatment	Surgery	Medicine	Health Sciences	Esophageal Cancer Research and Treatment; Single-cell and spatial transcriptomics; Occupational and environmental lung diseases	False	False	True	False	False
W4400935553	Spatial dynamics of tertiary lymphoid aggregates in head and neck cancer: insights into immunotherapy response	2024-07-24	Habib Sadeghirad, James H. Monkman, Chin Wee Tan, Ning Liu, Joseph Yunis, Meg L. Donovan, Afshin Moradi, Niyati Jhaveri, Chris Perry, Mark N. Adams, Kenneth John O'Byrne, Majid Ebrahimi Warkiani, Rahul Ladwa, Brett G.M. Hughes, Arutha Kulasinghe	The University of Melbourne, University of Technology Sydney, The University of Queensland, The University of Adelaide, Translational Research Institute, Wesley Hospital, Wesley Research Institute, Akoya Biosciences (United States), Walter and Eliza Hall Institute of Medical Research, Princess Alexandra Hospital, Queensland University of Technology, Royal Brisbane and Women's Hospital	Journal of Translational Medicine	https://doi.org/10.1186/s12967-024-05409-y	34	article	True	Single-cell and spatial transcriptomics	Molecular Biology	Biochemistry, Genetics and Molecular Biology	Life Sciences	Single-cell and spatial transcriptomics; Cancer Immunotherapy and Biomarkers; Ferroptosis and cancer prognosis	False	False	True	False	False
W4386045822	A robust platform for integrative spatial multi‐omics analysis to map immune responses to SARS‐CoV ‐2 infection in lung tissues	2023-08-21	Xiao Tan, Laura F. Grice, Minh Tran, Onkar Mulay, James H. Monkman, Tony Blick, Tuan Vo, Ana Clara Almeida, Jarbas da Silva Motta, Karen Fernandes de Moura, Cleber Machado Souza, Paulo Souza‐Fonseca‐Guimaraes, Cristina Pellegrino Baena, Lúcia de Noronha, Fernanda Simoes Fortes Guimaraes, Hung Nguyen Luu, Tingsheng Drennon, Stephen R. Williams, Jacob Stern, Cedric R. Uytingco, Liuliu Pan, Andy Nam, Caroline Louise Cooper, Kirsty Renfree Short, Gabrielle Therese Belz, Fernando Souza-Fonseca-Guimarães, Arutha Kulasinghe, Quan Hoang Nguyen	10X Genomics (United States), The University of Queensland, Universidade Positivo, Pontifícia Universidade Católica do Paraná, QIMR Berghofer Medical Research Institute, Nanostring Technologies (United States), UPMC Hillman Cancer Center, Institute for Molecular Bioscience, University of Pittsburgh	Immunology	https://doi.org/10.1111/imm.13679	17	article	True	Single-cell and spatial transcriptomics	Molecular Biology	Biochemistry, Genetics and Molecular Biology	Life Sciences	Single-cell and spatial transcriptomics; Immune responses and vaccinations; Immune cells in cancer	False	False	True	False	False
W4408106634	Spatial Transcriptomics Reveals Novel Mechanisms Involved in Perineural Invasion in Pancreatic Ductal Adenocarcinomas	2025-03-01	Vanessa Lakis, Noni L Chan, Ruth J. Lyons, Nicola Blackburn, Tam Hong Nguyen, Crystal T. Chang, Andrew Masel, Nicholas P. West, Glen M. Boyle, Ann‐Marie Patch, Anthony James Gill, Kátia Nones	NSW Health Pathology, Royal North Shore Hospital, Griffith University, The University of Queensland, The University of Sydney, QIMR Berghofer Medical Research Institute, Queensland University of Technology, The Kinghorn Cancer Centre	Cancers	https://doi.org/10.3390/cancers17050852	13	article	True	Cancer, Stress, Anesthesia, and Immune Response	Psychiatry and Mental health	Medicine	Health Sciences	Cancer, Stress, Anesthesia, and Immune Response; Neuropeptides and Animal Physiology; Cannabis and Cannabinoid Research	False	False	True	False	False
W4285394136	Multidimensional Immunophenotyping of Intraductal Papillary Mucinous Neoplasms Reveals Novel T Cell and Macrophage Signature	2022-07-13	Austin M. Eckhoff, Ashley A. Fletcher, Karenia Landa, Matthew K. Iyer, Daniel P. Nussbaum, Chanjuan Shi, Smita K. Nair, Peter J. Allen	Duke University	Annals of Surgical Oncology	https://doi.org/10.1245/s10434-022-12157-0	18	article	True	Pancreatic and Hepatic Oncology Research	Oncology	Medicine	Health Sciences	Pancreatic and Hepatic Oncology Research; Cancer Immunotherapy and Biomarkers; Medical Imaging and Pathology Studies	False	False	True	False	False
W4200554251	Quantitative RNA assessment and long-term stability in the FFPE tumor samples using Digital Spatial Profiler	2021-12-28	Sunil Kumar Gupta, T. Chen, Benoit Destenaves		Immuno-Oncology Technology	https://doi.org/10.1016/j.iotech.2021.100069	9	article	True	Molecular Biology Techniques and Applications	Molecular Biology	Biochemistry, Genetics and Molecular Biology	Life Sciences	Molecular Biology Techniques and Applications; Gene expression and cancer classification; Advanced Proteomics Techniques and Applications	False	False	True	False	False
W4400722973	Distinctive Phenotypic and Microenvironmental Characteristics of Neuroendocrine Carcinoma and Adenocarcinoma Components in Gastric Mixed Adenoneuroendocrine Carcinoma	2024-07-17	Yoonjin Kwak, Soo Kyung Nam, Yujun Park, Yun‐Suhk Suh, Sang Hoon Ahn, Seong‐Ho Kong, Do Joong Park, Hyuk‐Joon Lee, Hyuk-Joon Lee, Hyung‐Ho Kim, Han‐Kwang Yang, Hye Seung Lee, Hye Seung Lee	Seoul National University, Chung-Ang University, Chung-Ang University Hospital, CHA University, CHA University Bundang Medical Center	Modern Pathology	https://doi.org/10.1016/j.modpat.2024.100568	8	article	True	Neuroendocrine Tumor Research Advances	Epidemiology	Medicine	Health Sciences	Neuroendocrine Tumor Research Advances; Lung Cancer Research Studies; Neuroblastoma Research and Treatments	False	False	True	False	False
W4317107474	Highly Multiplexed Spatially Resolved Proteomic and Transcriptional Profiling of the Glioblastoma Microenvironment Using Archived Formalin-Fixed Paraffin-Embedded Specimens	2023-01-01	Youngmi Kim, Patrick J. Danaher, Patrick Joseph Cimino, Kyle M. Hurth, Sarah E. Warren, John W. Glod, Joseph Beechem, Gabriel Zada, Troy A. McEachron	National Institute of Neurological Disorders and Stroke, University of Washington, National Cancer Institute, Nanostring Technologies (United States), University of Southern California, National Institutes of Health	Modern Pathology	https://doi.org/10.1016/j.modpat.2022.100034	17	article	True	Single-cell and spatial transcriptomics	Molecular Biology	Biochemistry, Genetics and Molecular Biology	Life Sciences	Single-cell and spatial transcriptomics; Immune cells in cancer; interferon and immune responses	False	False	True	False	False
W4387809309	Translational and clinical applications of the GeoMx digital spatial profiling platform	2023-10-20	S. Church, Jessica Perez, Breana Murphy, Hiromi Sato, Sarah E. Warren, Joseph Beechem	Nanostring Technologies (United States)	Diagnostic Molecular Pathology	https://doi.org/10.1016/b978-0-12-822824-1.00034-1	1	book-chapter	False	Single-cell and spatial transcriptomics	Molecular Biology	Biochemistry, Genetics and Molecular Biology	Life Sciences	Single-cell and spatial transcriptomics; Cell Image Analysis Techniques; CAR-T cell therapy research	False	False	True	False	False
W3214280461	From bulk, single-cell to spatial RNA sequencing	2021-11-15	Xinmin Li, Cun‐Yu Wang	University of California, Los Angeles, UCLA Jonsson Comprehensive Cancer Center	International Journal of Oral Science	https://doi.org/10.1038/s41368-021-00146-0	655	article	True	Single-cell and spatial transcriptomics	Molecular Biology	Biochemistry, Genetics and Molecular Biology	Life Sciences	Single-cell and spatial transcriptomics; Cancer Genomics and Diagnostics; Extracellular vesicles in disease	False	False	True	False	False
W3192185378	Mixed Effects Machine Learning Models for Colon Cancer Metastasis Prediction using Spatially Localized Immuno-Oncology Markers	2021-08-02	Joshua Levy, Carly A. Bobak, Mustafa Nasir-Moin, Eren M. Veziroglu, Scott M. Palisoul, Rachael E. Barney, Lucas A. Salas, Brock C. Christensen, Gregory J. Tsongalis, Louis Joseph Vaickus	Dartmouth–Hitchcock Medical Center, Dartmouth College	bioRxiv (Cold Spring Harbor Laboratory)	https://doi.org/10.1101/2021.08.01.454649	9	preprint	True	Health, Environment, Cognitive Aging	Health, Toxicology and Mutagenesis	Environmental Science	Physical Sciences	Health, Environment, Cognitive Aging; Single-cell and spatial transcriptomics; Bioinformatics and Genomic Networks	False	False	True	False	False
W4403067043	New dimension in viral hepatitis research	2024-09-01	Massimiliano Cocca, Barbara Testoni	Inserm, Lyon 1 Université, Centre de Recherche en Cancérologie de Lyon, Centre National de la Recherche Scientifique	eGastroenterology	https://doi.org/10.1136/egastro-2024-100136	7	article	True	Hepatitis B Virus Studies	Epidemiology	Medicine	Health Sciences	Hepatitis B Virus Studies; Viral gastroenteritis research and epidemiology; Single-cell and spatial transcriptomics	False	False	True	False	False
W4399714321	Autoimmunity to stromal-derived autoantigens in rheumatoid ectopic germinal centers exacerbates arthritis and affects clinical response	2024-04-30	Elisa Corsiero, Mattia Caliste, Lucas Jagemann, Liliane Fossati‐Jimack, Katriona Goldmann, Cankut Çubuk, Giulia Maria Ghirardi, Edoardo Prediletto, Felice Rivellese, Cristiano Alessandri, Mark Hopkinson, Behzâd Javaheri, Andrew A. Pitsillides, Myles Lewis, Costantino Pitzalis, Michele Bombardieri	IRCCS Humanitas Research Hospital, Queen Mary University of London, Sapienza University of Rome, Royal Veterinary College, William Harvey Research Institute	Journal of Clinical Investigation	https://doi.org/10.1172/jci169754	17	article	True	Rheumatoid Arthritis Research and Therapies	Rheumatology	Medicine	Health Sciences	Rheumatoid Arthritis Research and Therapies; Inflammasome and immune disorders; Autoimmune and Inflammatory Disorders Research	False	False	True	False	False
W4401997868	Hypoxic Upregulation of IER2 Increases Paracrine GMFG Signaling of Endoplasmic Reticulum Stress‐CAF to Promote Chordoma Progression via Targeting ITGB1	2024-08-29	Tao‐Lan Zhang, Bo‐Wen Zheng, Chao Xia, Pengfei Wu, Bo‐Yv Zheng, Lingxiang Jiang, Jing Li, Guohua Lv, Hong Zhou, Wei Huang, Ming‐Xiang Zou	Peking University, First Affiliated Hospital of University of South China, General Hospital of Central Theater Command, Second Xiangya Hospital of Central South University, Guangzhou Medical University, Indiana University Indianapolis, Indiana University Melvin and Bren Simon Comprehensive Cancer Center, Xiangya Hospital Central South University, Indiana University School of Medicine, Peking University People's Hospital, Central South University, Guangzhou Women and Children Medical Center, University of South China	Advanced Science	https://doi.org/10.1002/advs.202405421	16	article	True	Proteoglycans and glycosaminoglycans research	Cell Biology	Biochemistry, Genetics and Molecular Biology	Life Sciences	Proteoglycans and glycosaminoglycans research; Cell Adhesion Molecules Research; Bone Tumor Diagnosis and Treatments	False	False	True	False	False
W4366526021	Spatial transcriptomics of murine bone marrow megakaryocytes at single-cell resolution	2023-04-20	Julia Tilburg, Andrew P. Stone, James M. Billingsley, David Scoville, Anna Pavenko, Yan Liang, Joseph E. Italiano, Kellie R. Machlus	Nanostring Technologies (United States), Boston Children's Hospital, Harvard University	Research and Practice in Thrombosis and Haemostasis	https://doi.org/10.1016/j.rpth.2023.100158	18	article	True	Platelet Disorders and Treatments	Hematology	Medicine	Health Sciences	Platelet Disorders and Treatments; Single-cell and spatial transcriptomics; Inflammatory Biomarkers in Disease Prognosis	False	False	True	False	False
W3157263169	COVID-19 tissue atlases reveal SARS-CoV-2 pathology and cellular targets	2021-04-29	Toni Marie Delorey, Carly G.K. Ziegler, Graham S. Heimberg, Rachelly Normand, Yiming Yang, Åsa Segerstolpe, Domenic Abbondanza, Stephen J. Fleming, Ayshwarya Subramanian, Daniel T. Montoro, Karthik A. Jagadeesh, Kushal K. Dey, Pritha Sen, Michal Slyper, Yered H. Pita-Juárez, Devan Phillips, Jana Biermann, Zohar Bloom‐Ackermann, Nikolaos Barkas, Andrea Ganna, James E. Gomez, Johannes C. Melms, Igor Katsyv, Erica Normandin, Pourya Naderi Yeganeh, Yury V. Popov, Siddharth S. Raju, Sebastian Niezen, Linus T.-Y. Tsai, Katherine J. Siddle, Malika Sud, Victoria M. Tran, Shamsudheen Karuthedath Vellarikkal, Yiping Wang, Liat Amir-Zilberstein, Deepak S. Atri, Joseph Beechem, Olga Rachel Brook, Jonathan H. Chen, Prajan Divakar, Phylicia Dorceus, J Engreitz, Adam L. Essene, Donna M. Fitzgerald, Robin Fropf, Steven Gazal, Joshua Gould, John Grzyb, Tyler Harvey, Jonathan L. Hecht, TYLER D. HETHER, Judit Jané‐Valbuena, Michael Alexander Leney-Greene, Hui Ma, Cristin McCabe, Daniel E. McLoughlin, Eric M. Miller, Christoph Muus, Mari Niemi, Robert F. Padera, Liuliu Pan, Deepti B. Pant, Carmel Pe’er, Jenna Pfiffner-Borges, Christopher J. Pinto, Jacob Plaisted, Jason Reeves, Marty Ross, Melissa A. Rudy, Erroll H. Rueckert, Michelle A. Siciliano, Alexander Sturm, Ellen Z. Todres, Avinash Waghray, Sarah E. Warren, Shuting Zhang, Daniel R. Zollinger, Lisa A. Cosimi, Rajat M. Gupta, Nir Hacohen, Hanina H. Hibshoosh, Winston Hide, Alkes L. Price, Jayaraj Rajagopal, Purushothama Rao Tata, Stefan F. Riedel, Gyöngyi Szabó, Timothy L. Tickle, Patrick T. Ellinor, Deborah Tan Hung, Pardis Christine Sabeti, Richard Novák, Robert Rogers, Donald E. Ingber, Z. Gordon Jiang, Dejan Juric, Mehrtash Babadi, Samouil L. Farhi, Benjamin Izar, James R. Stone	Stanford University, Duke Medical Center, Columbia University Irving Medical Center, Institute for Molecular Medicine Finland, Nanostring Technologies (United States), Stanford Medicine, University of Southern California, Harvard University, Broad Institute, Columbia University, Center for Computational and Integrative Biology, Massachusetts General Hospital, Boston Children's Hospital, Harvard–MIT Division of Health Sciences and Technology, Koch Institute for Integrative Cancer Research At MIT, Wyss Institute for Biologically Inspired Engineering, Center for Systems Biology, Duke University, Beth Israel Deaconess Medical Center, Ragon Institute of MGH, MIT and Harvard, Harvard Stem Cell Institute, Howard Hughes Medical Institute, Massachusetts General Hospital, Massachusetts Institute of Technology, Klarman Cell Observatory, Herbert Irving Comprehensive Cancer Center, Brigham and Women's Hospital	Nature	https://doi.org/10.1038/s41586-021-03570-8	888	article	True	Single-cell and spatial transcriptomics	Molecular Biology	Biochemistry, Genetics and Molecular Biology	Life Sciences	Single-cell and spatial transcriptomics; COVID-19 Clinical Research Studies; SARS-CoV-2 and COVID-19 Research	False	False	True	False	False
W4313251443	Similar programmed death ligand 1 (PD-L1) expression profile in patients with mild COPD and lung cancer	2022-12-27	Francesca Polverino, Davida Mirra, Chen Xi Yang, Renata Esposito, Giuseppe Spaziano, Joselyn Rojas, Manuela Sgambato, Elena Piegari, A Cozzolino, Erika Cione, Luca Gallelli, A. Capuozzo, Carlo Santoriello, Liberato Berrino, Juan Pablo de-Torres, Tillie‐Louise Hackett, Mario Polverino, Bruno D’Agostino	"Baylor College of Medicine, Magna Graecia University, Queen's University, Ospedale Antonio Cardarelli, University of Campania ""Luigi Vanvitelli"", University of British Columbia, University of Calabria"	Scientific Reports	https://doi.org/10.1038/s41598-022-26650-9	36	article	True	Cancer Immunotherapy and Biomarkers	Oncology	Medicine	Health Sciences	Cancer Immunotherapy and Biomarkers; Immune cells in cancer; Ferroptosis and cancer prognosis	False	False	True	False	False
W4362665897	Ultra High-plex Spatial Proteogenomic Investigation of Giant Cell Glioblastoma Multiforme Immune Infiltrates Reveals Distinct Protein and RNA Expression Profiles	2023-04-06	Shilah A. Bonnett, Alyssa B. Rosenbloom, Giang T. Ong, Mark Conner, Aric B.E. Rininger, Daniel Newhouse, Felicia New, Chi Q. Phan, Saskia Ilcisin, Hiromi Sato, John Sverre Lyssand, Gary K. Geiss, Joseph Beechem	Nanostring Technologies (United States)	Cancer Research Communications	https://doi.org/10.1158/2767-9764.crc-22-0396	21	article	True	Single-cell and spatial transcriptomics	Molecular Biology	Biochemistry, Genetics and Molecular Biology	Life Sciences	Single-cell and spatial transcriptomics; Glioma Diagnosis and Treatment; Advanced Proteomics Techniques and Applications	False	False	True	False	False
W4390889482	Spatial multiomics of arterial regions from cardiac allograft vasculopathy rejected grafts reveal novel insights into the pathogenesis of chronic antibody-mediated rejection	2024-01-21	Jessica Nevarez‐Mejia, Harry C. Pickering, Rebecca A. Sosa, Nicole M. Valenzuela, Gregory A. Fishbein, William M. Baldwin, Robert L. Fairchild, Elaine F. Reed	University of California, Los Angeles, Cleveland Clinic	American Journal of Transplantation	https://doi.org/10.1016/j.ajt.2024.01.004	15	article	True	Transplantation: Methods and Outcomes	Surgery	Medicine	Health Sciences	Transplantation: Methods and Outcomes; Renal Transplantation Outcomes and Treatments; Extracellular vesicles in disease	False	False	True	False	False
W4407100870	Integrating Tissue Microarray to GeoMx® Digital Spatial Profiler : Spatial Transcriptomics Assay with Bioinformatics Analysis	2025-01-01	Deshica Dechamma, Manju Moorthy, Vijayalakshmi Bhat, Gopalakrishna Ramaswamy		Methods in molecular biology	https://doi.org/10.1007/978-1-0716-4276-4_9	2	book-chapter	False	Single-cell and spatial transcriptomics	Molecular Biology	Biochemistry, Genetics and Molecular Biology	Life Sciences	Single-cell and spatial transcriptomics; Gene expression and cancer classification; Cancer Genomics and Diagnostics	False	False	True	False	False
W4385872065	Immune dysfunction revealed by digital spatial profiling of immuno-oncology markers in progressive stages of renal cell carcinoma and in brain metastases	2023-08-01	David A. Schoenfeld, Myrto K. Moutafi, Sandra Martinez, Dijana Djureinovic, Ross D. Merkin, Adebowale Adeniran, David A. Braun, Sabina Signoretti, Toni K. Choueiri, Fabio Parisi, Michael E. Hurwitz, David L. Rimm, Wei Wei, Lucia B. Jilaveanu, Harriet M. Kluger	Yale University, Brigham and Women's Hospital, Dana-Farber Cancer Institute	Journal for ImmunoTherapy of Cancer	https://doi.org/10.1136/jitc-2023-007240	20	article	True	Ferroptosis and cancer prognosis	Pulmonary and Respiratory Medicine	Medicine	Health Sciences	Ferroptosis and cancer prognosis; Glioma Diagnosis and Treatment; Cancer Immunotherapy and Biomarkers	False	False	True	False	False
W4401007914	Spatial resolution of the head and neck cancer tumor microenvironment to identify tumor and stromal features associated with therapy response	2024-07-24	Naomi Berrell, James H. Monkman, Meg L. Donovan, Tony Blick, Kenneth John O'Byrne, Rahul Ladwa, Chin Wee Tan, Arutha Kulasinghe	The University of Melbourne, The University of Queensland, Wesley Hospital, Wesley Research Institute, Princess Alexandra Hospital, Walter and Eliza Hall Institute of Medical Research	Immunology and Cell Biology	https://doi.org/10.1111/imcb.12811	18	article	True	Photoacoustic and Ultrasonic Imaging	Biomedical Engineering	Engineering	Physical Sciences	Photoacoustic and Ultrasonic Imaging; Extracellular vesicles in disease; Nanoplatforms for cancer theranostics	False	False	True	False	False
W3081903376	Abstract 1364: Spatially-resolved in situ expression profiling using the GeoMx™ Cancer Transcriptome Atlas panel in FFPE tissue	2020-08-15	Margaret L. Hoang, Michelle Kriner, Zoey Zhou, Zach Norgaard, Kristina Sorg, Chris Merritt, Erin Piazza, Marty Ross, Robin Fropf, Nileshi Saraf, Patrick J. Danaher, Michael J.C. Rhodes, Joseph Beechem	Nanostring Technologies (United States)	Cancer Research	https://doi.org/10.1158/1538-7445.am2020-1364	2	conference-abstract	False	Single-cell and spatial transcriptomics	Molecular Biology	Biochemistry, Genetics and Molecular Biology	Life Sciences	Single-cell and spatial transcriptomics; Cancer Genomics and Diagnostics; Molecular Biology Techniques and Applications	False	False	True	False	False
W4375855603	Exploration of spatial heterogeneity of tumor microenvironment in nasopharyngeal carcinoma via transcriptional digital spatial profiling	2023-01-01	Liping Wang, Dujuan Wang, Xiaojiao Zeng, Qian Zhang, Huiqing Wu, Jie Liu, Yang Wang, Guohong Liu, Yunbao Pan	Guangdong Medical College, Hubei University, Wuhan University, State Key Laboratory of Biocatalysis and Enzyme Engineering, Zhongnan Hospital of Wuhan University	International Journal of Biological Sciences	https://doi.org/10.7150/ijbs.74653	17	article	True	Immune cells in cancer	Immunology	Immunology and Microbiology	Life Sciences	Immune cells in cancer; Cancer Immunotherapy and Biomarkers; RNA modifications and cancer	False	False	True	False	False
W4386898581	Exposure to environmental airborne particulate matter caused wide-ranged transcriptional changes and accelerated Alzheimer's-related pathology: A mouse study	2023-09-20	Liron Limor Israel, Oliver Braubach, Ekaterina S. Shatalova, Oksana M. Chepurna, Sachin Sharma, Dmytro Klymyshyn, Anna Galstyan, Antonella Chiechi, Alysia Cox, David A. J. Herman, Bishop Bliss, Irene Hasen, Amanda Ting, Rebecca Johnson Arechavala, Michael T. Kleinman, Rameshwar Patil, Eggehard Holler, Julia Y. Ljubimova, Maya Koronyo‐Hamaoui, Tao Sun, Keith L. Black	Cedars-Sinai Medical Center, Terasaki Foundation, University of California, Irvine	Neurobiology of Disease	https://doi.org/10.1016/j.nbd.2023.106307	15	article	True	Air Quality and Health Impacts	Health, Toxicology and Mutagenesis	Environmental Science	Physical Sciences	Air Quality and Health Impacts; GDF15 and Related Biomarkers; Retinoids in leukemia and cellular processes	False	False	True	False	False
W4401571088	The effect of Proteinase K treatment on GeoMx digital spatial profiling data quality from formalin-fixed, paraffin-embedded tissue	2024-08-14	Kyle M. Hatton‐Jones, Nicholas P. West, Jean Barcelon, Amanda J. Cox	Griffith University	Pathology	https://doi.org/10.1016/j.pathol.2024.06.004	3	article	True	Single-cell and spatial transcriptomics	Molecular Biology	Biochemistry, Genetics and Molecular Biology	Life Sciences	Single-cell and spatial transcriptomics; Molecular Biology Techniques and Applications; Cancer Genomics and Diagnostics	False	False	True	False	False
W4388774583	Spatially distinct molecular patterns of gene expression in idiopathic pulmonary fibrosis	2023-11-17	Rachel Z. Blumhagen, Jonathan S. Kurche, Carlyne D. Cool, Avram D. Walts, David E. Heinz, Tasha E. Fingerlin, Ivana V. Yang, David A. Schwartz	Veterans Health Administration, University of Colorado Anschutz, National Jewish Health	Respiratory Research	https://doi.org/10.1186/s12931-023-02572-6	33	article	True	Interstitial Lung Diseases and Idiopathic Pulmonary Fibrosis	Pulmonary and Respiratory Medicine	Medicine	Health Sciences	Interstitial Lung Diseases and Idiopathic Pulmonary Fibrosis; IL-33, ST2, and ILC Pathways; Systemic Sclerosis and Related Diseases	False	False	True	False	False
W4410921082	Temporally resolved single-cell RNA sequencing reveals protective and pathological responses during herpes simplex virus CNS infection	2025-05-31	Xiangning Ding, Xin Lai, Ida Hyllen Klæstrup, Sara R. N. Jensen, Morten Milek Nielsen, Kasper Thorsen, Marina Romero‐Ramos, Yonglun Luo, Lin Lin, Line Sinnathamby Reinert, Søren R. Paludan	Steno Diabetes Center Aarhus, Aarhus University Hospital, Aarhus University	Journal of Neuroinflammation	https://doi.org/10.1186/s12974-025-03471-x	16	article	True	Neuroinflammation and Neurodegeneration Mechanisms	Neurology	Neuroscience	Life Sciences	Neuroinflammation and Neurodegeneration Mechanisms; Herpesvirus Infections and Treatments; Multiple Sclerosis Research Studies	False	False	True	False	False
W3132615309	Protein-based immune profiles of basal-like vs. luminal breast cancers	2021-02-23	Andrea Walens, Linnea T. Olsson, Xiaohua Gao, Alina M. Hamilton, Erin L. Kirk, Stephanie M. Cohen, Bentley R. Midkiff, Yongjuan Xia, Mark E. Sherman, Nana Nikolaishvili‐Feinberg, Jonathan Stuart Serody, Katherine A. Hoadley, Melissa A. Troester, Benjamin C. Calhoun	UNC Lineberger Comprehensive Cancer Center, University of North Carolina at Chapel Hill, Mayo Clinic in Florida	Laboratory Investigation	https://doi.org/10.1038/s41374-020-00506-0	17	article	True	Immunotherapy and Immune Responses	Immunology	Immunology and Microbiology	Life Sciences	Immunotherapy and Immune Responses; Cancer Immunotherapy and Biomarkers; Cancer Cells and Metastasis	False	False	True	False	False
W3016368875	Multiplexed Evaluation of Microdosed Antineoplastic Agents In Situ in the Tumor Microenvironment of Patients with Soft Tissue Sarcoma	2020-04-16	Kenneth R. Gundle, Gary B. Deutsch, Howard J. Goodman, Seth M. Pollack, Matthew J. Thompson, Jessica L. Davis, Mee-Young Lee, Daniel C. Ramirez, William S. Kerwin, Jessica A. Bertout, Marc O. Grenley, Kimberly H.W. Sottero, Emily Beirne, Jason P. Frazier, Joyoti Dey, Micah Ellison, Richard A. Klinghoffer, Robert G. Maki	Fred Hutch Cancer Center, University of Washington, Hofstra University, Oregon Health & Science University, Presage Biosciences (United States), Northwell Health, Portland VA Medical Center, Cold Spring Harbor Laboratory	Clinical Cancer Research	https://doi.org/10.1158/1078-0432.ccr-20-0614	17	article	False	Sarcoma Diagnosis and Treatment	Pulmonary and Respiratory Medicine	Medicine	Health Sciences	Sarcoma Diagnosis and Treatment; Cancer Research and Treatments; Cancer Cells and Metastasis	False	False	True	False	False
W4384526042	Spatially resolved, high-dimensional transcriptomics sorts out the evolution of biphasic malignant pleural mesothelioma: new paradigms for immunotherapy	2023-07-17	Federica Torricelli, Benedetta Donati, Francesca Reggiani, Veronica Manicardi, Simonetta Piana, Riccardo Valli, Filippo Lococo, Alessia Ciarrocchi	Azienda Sanitaria Unità Locale di Reggio Emilia, Università Cattolica del Sacro Cuore, Istituti di Ricovero e Cura a Carattere Scientifico, Agostino Gemelli University Polyclinic	Molecular Cancer	https://doi.org/10.1186/s12943-023-01816-9	14	article	True	Occupational and environmental lung diseases	Pulmonary and Respiratory Medicine	Medicine	Health Sciences	Occupational and environmental lung diseases; Immune cells in cancer; Myasthenia Gravis and Thymoma	False	False	True	False	False
W4283581621	GeoMX Digital Spatial Profiler Whole Transcriptome Assay for Human Pancreas v1	2022-05-13	Ann Dongtao Fu		Unknown	https://doi.org/10.17504/protocols.io.8epv59bong1b/v1	1	preprint	True	Pancreatic and Hepatic Oncology Research	Oncology	Medicine	Health Sciences	Pancreatic and Hepatic Oncology Research; Single-cell and spatial transcriptomics	False	False	True	False	False
W4416812423	Integrative spatial multi-omics reveal niche-specific inflammatory signaling and differentiation hierarchies in AML	2025-11-29	Enes Dasdemir, Ivo Veletić, Christopher P. Ly, Andres Ernesto Quesada, Christopher D. Pacheco, Fatima Zahra Jelloul, Pâmella Borges, Sreyashi Basu, Sonali Jindal, Zhiqiang Wang, Alexander J. Lazar, Khalida M. Wani, Dinler A. Antunes, Patrick Kevin Reville, Preethi H. Gunaratne, Robert J. Tower, Padmanee Sharma, Hussein A. Abbas	University of Houston, The University of Texas Southwestern Medical Center, The University of Texas MD Anderson Cancer Center	iScience	https://doi.org/10.1016/j.isci.2025.114289	4	article	True	Single-cell and spatial transcriptomics	Molecular Biology	Biochemistry, Genetics and Molecular Biology	Life Sciences	Single-cell and spatial transcriptomics; Acute Myeloid Leukemia Research; Genomics and Chromatin Dynamics	False	False	True	False	False
W4386646601	Spatial transcriptomics reveals distinct tissue niches linked with steroid responsiveness in acute gastrointestinal GVHD	2023-09-12	Bidish K. Patel, Michael J. Raabe, Evan R. Lang, Yuhui Song, Chenyue Lu, Vikram Deshpande, Linda T. Nieman, Martin J. Aryee, Yi‐Bin Chen, David Tsai Ting, Zachariah Michael DeFilipp	Massachusetts General Hospital, Dana-Farber Cancer Institute, Harvard University	Blood	https://doi.org/10.1182/blood.2023020644	11	article	True	Immune cells in cancer	Immunology	Immunology and Microbiology	Life Sciences	Immune cells in cancer; Clinical Nutrition and Gastroenterology; Hematopoietic Stem Cell Transplantation	False	False	True	False	False
W4386251973	Identifying prognostic markers in spatially heterogeneous breast cancer microenvironment	2023-08-29	Guohong Liu, Liping Wang, Lili Ji, Dan Nong He, Lihua Zeng, Guangzheng Zhuo, Qian Zhang, Dujuan Wang, Yunbao Pan	Wuhan University, Zhongnan Hospital of Wuhan University, Guangdong Medical College	Journal of Translational Medicine	https://doi.org/10.1186/s12967-023-04395-x	11	article	True	Single-cell and spatial transcriptomics	Molecular Biology	Biochemistry, Genetics and Molecular Biology	Life Sciences	Single-cell and spatial transcriptomics; Immune cells in cancer; Immunotherapy and Immune Responses	False	False	True	False	False
W7119118690	GeoMx Human Whole Transcriptome Atlas profiling on at-risk MASH F3 patients	2025-01-05	Olivier Govaere	KU Leuven	Zenodo (CERN European Organization for Nuclear Research)	https://doi.org/10.5281/zenodo.18153344	1	dataset	True	Unknown	Unknown	Unknown	Unknown	Unknown	False	False	True	False	False
W4387139207	Digital spatial profiling of melanoma shows CD95 expression in immune cells is associated with resistance to immunotherapy	2023-09-27	Sandra Martínez-Morilla, Myrto K. Moutafi, Aileen I. Fernandez, Shlomit Jessel, Prajan Divakar, Pok Fai Wong, Rolando García-Milian, Kurt Alex Schalper, Harriet M. Kluger, David L. Rimm	Nanostring Technologies (United States), Yale University	OncoImmunology	https://doi.org/10.1080/2162402x.2023.2260618	12	article	True	Cancer Immunotherapy and Biomarkers	Oncology	Medicine	Health Sciences	Cancer Immunotherapy and Biomarkers; Immunotherapy and Immune Responses; CAR-T cell therapy research	False	False	True	False	False
W4405190978	High Extracellular K + Skews T‐Cell Differentiation Towards Tumour Promoting Th2 and T reg Subsets	2024-12-09	Brandon Han Siang Wong, Zhi Sheng Poh, James Tan Chia Wei, Kottaiswamy Amuthavalli, Ying Swan Ho, Shuwen Chen, Shi Ya Mak, Xuezhi Bi, Richard David Webster, Vishal Girishchandra Shelat, K. George Chandy, Navin Kumar Verma	National Skin Centre, Agency for Science, Technology and Research, Skin Research Institute of Singapore, Nanyang Technological University, Tan Tock Seng Hospital, Bioprocessing Technology Institute	European Journal of Immunology	https://doi.org/10.1002/eji.202451440	8	article	True	Immune Cell Function and Interaction	Immunology	Immunology and Microbiology	Life Sciences	Immune Cell Function and Interaction; T-cell and B-cell Immunology; CAR-T cell therapy research	False	False	True	False	False
W7147337660	Spatial multi-omics characterization of neuroblastoma reveals ferroptosis-associated metabolic features in high-risk tumors	2026-03-31	Cui Tu, C. C. Terence Tan, James Monkman, Ana Clara Almeida, Gabrielle Antonio-Carreon, Natacha Omer, Giaan Hull, Kimberly Chung, Ahmed Murtaza Mehdi, Antonietta Salerno, Orazio Vittorio, Aaron T. Mayer, Cleber Machado-Souza, Nanthini Jayabalan, Yi‐Chin Toh, Hui Nee Hon, Fernanda de Almeida Brehm Pinhatti, Selene Elífio-Esposito, Wayne Nicholls, Lúcia de Noronha, Arutha Kulasinghe, Fernando Souza-Fonseca-Guimarães	The University of Melbourne, Children's Health Queensland Hospital and Health Service, The University of Queensland, Pontifícia Universidade Católica do Paraná, UNSW Sydney, Queensland University of Technology, Walter and Eliza Hall Institute of Medical Research, Monash University Malaysia, Children's Cancer Institute Australia	Genome Medicine	https://doi.org/10.1186/s13073-026-01622-0	6	article	True	Ferroptosis and cancer prognosis	Pulmonary and Respiratory Medicine	Medicine	Health Sciences	Ferroptosis and cancer prognosis; Cancer, Hypoxia, and Metabolism; Neuroblastoma Research and Treatments	False	False	True	False	False
W4394892559	Spatially Preserved Multi-Region Transcriptomic Subtyping and Biomarkers of Chemoimmunotherapy Outcome in Extensive-Stage Small Cell Lung Cancer	2024-04-17	Melina Peressini, Rosario García-Campelo, Bartomeu Massutí, Cristina Martí, Manuel Cobo, Vanesa Gutiérrez, Manuel Dómine, José Fuentes, Margarita Majem, Javier de Castro, Juan Felipe Cordoba, María P. Diz, Dolores Isla, Emilio Esteban, Enric Carcereny, Laia Vilà, Alberto Moreno-Vega, Silverio Ros, Amaia Moreno, Francisco J. García, Gerardo Huidobro, Carlos Aguado, Víctor Cebey-López, Javier Valdivia, Ramón Palmero, PILAR LIANES, Marta López-Brea, Oscar J. Vidal, Mariano Provencio, Edurne Arriola, Javier Baena, Mercedes Herrera, Helena Bote, Magdalena Molero, Vera Adradas, Santiago Ponce-Aix, Ángel Nuñez-Buiza, Alvaro Conrado Ucero, Susana Hernández, Fernando López‐Ríos, Esther Conde, Luis G Paz-Ares, Jon Zugazagoitia	Complejo Asistencial Universitario de León, Universidad Complutense de Madrid, Spanish National Cancer Research Centre, Universitat Autònoma de Barcelona, Institut Català d'Oncologia, Centro de Investigación Biomédica en Red de Cáncer, Hospital Regional Universitario de Málaga, Hospital La Paz Institute for Health Research, Hospital Universitario Fundación Jiménez Díaz, Hospital Clínico San Carlos, Hospital de Mataró, Hospital Universitari i Politècnic La Fe, Hospital Clínico Universitario Virgen de la Victoria, Institute of Research and Innovation Parc Tauli, Corporació Sanitària Parc Taulí, Marqués de Valdecilla University Hospital, Research Institute Hospital 12 de Octubre, Hospital Universitario La Paz, Hospital de Galdakao, Instituto de Salud Carlos III, Hospital Son Llatzer, Hospital Universitario 12 De Octubre, Hospital Universitario Puerta de Hierro Majadahonda, Institut Gustave Roussy, Hospital Universitario Virgen de la Arrixaca, Instituto de Investigación Biomédica de Málaga, Hospital Universitario Reina Sofía, Hospital Del Mar, Hospital General Universitario de Alicante Doctor Balmis, Hospital Universitario de Valme, Hospital Clínico Universitario Lozano Blesa, Complexo Hospitalario Universitario A Coruña, Hospital Universitari Arnau de Vilanova, Hospital de Sant Pau, Hospital Universitario Virgen de las Nieves, Hospital Universitario Central de Asturias, Hospital Universitari Sant Joan de Reus, Complejo Hospitalario Universitario de Santiago	Clinical Cancer Research	https://doi.org/10.1158/1078-0432.ccr-24-0104	15	article	False	Lung Cancer Research Studies	Oncology	Medicine	Health Sciences	Lung Cancer Research Studies; Ferroptosis and cancer prognosis; Chromatin Remodeling and Cancer	False	False	True	False	False
W3163550517	Multiplexed digital spatial profiling of invasive breast tumors from Black and White women	2021-05-21	Angela R. Omilian, Haiyang Sheng, Chi‐Chen Hong, Elisa Victoria Bandera, Thaer Khoury, Christine B. Ambrosone, Song Yao	Roswell Park Comprehensive Cancer Center, University at Buffalo, State University of New York, Rutgers, The State University of New Jersey, Rutgers Cancer Institute	Molecular Oncology	https://doi.org/10.1002/1878-0261.13017	18	article	True	Immunotherapy and Immune Responses	Immunology	Immunology and Microbiology	Life Sciences	Immunotherapy and Immune Responses; Cancer Immunotherapy and Biomarkers; Single-cell and spatial transcriptomics	False	False	True	False	False
W4390777010	Spatial proteomics reveals phenotypic and functional differences in T cell and macrophage subsets during villitis of unknown etiology	2024-01-09	Petra K. Lothert, Bohdana Fedyshyn, Sylvie Girard, Rana Chakraborty, Andrew P. Norgan, Elizabeth Ann L. Enninga	Mayo Clinic	Scientific Reports	https://doi.org/10.1038/s41598-024-51545-2	9	article	True	Reproductive System and Pregnancy	Immunology	Immunology and Microbiology	Life Sciences	Reproductive System and Pregnancy; Pregnancy and preeclampsia studies; Neonatal Respiratory Health Research	False	False	True	False	False
W3083062119	Abstract 2707: Molecularly guided highly multiplexed digital spatial analysis reveals differential gene expression profiles in the WNT-β-catenin pathway between melanoma and prostate tumors	2020-08-15	Anushka Dikshit, Daniel R. Zollinger, Chris Merritt, Karen Nguyen, Jill McKay-Fleisch, Courtney M. Anderson, Xiaojun Ma	Nanostring Technologies (United States), Advanced Cell Diagnostics (United States)	Cancer Research	https://doi.org/10.1158/1538-7445.am2020-2707	2	conference-abstract	False	Single-cell and spatial transcriptomics	Molecular Biology	Biochemistry, Genetics and Molecular Biology	Life Sciences	Single-cell and spatial transcriptomics; Immunotherapy and Immune Responses; Advanced biosensing and bioanalysis techniques	False	False	True	False	False
W7134175395	GeoMx and RNAscope : A Comparative Assessment of Their Utility for Spatial mRNA Expression Profiling in Formalin‐Fixed Breast Cancer Tissue	2026-02-01	C. E. Thomsen, Birgit Truumees, S T Nielsen, Boye Schnack Nielsen, Sara R. N. Jensen, Kasper Thorsen, Rasmus Røge	Aalborg University Hospital, Aalborg University, Bioneer (Denmark), Aarhus University Hospital	Cytometry Part A	https://doi.org/10.1002/cyto.a.70020	1	article	True	Single-cell and spatial transcriptomics	Molecular Biology	Biochemistry, Genetics and Molecular Biology	Life Sciences	Single-cell and spatial transcriptomics; Gene expression and cancer classification; Cancer Cells and Metastasis	False	False	True	False	False
W4391262040	Glomerular spatial transcriptomics of IgA nephropathy according to the presence of mesangial proliferation	2024-01-26	Sehoon Park, Minji Kang, Yong Chul Kim, Dong Ki Kim, Kook‐Hwan Oh, Kwon Wook Joo, Yon Su Kim, Hyun Je Kim, Kyung Chul Moon, Hajeong Lee	Seoul National University, Seoul National University Hospital	Scientific Reports	https://doi.org/10.1038/s41598-024-52581-8	10	article	True	Renal Diseases and Glomerulopathies	Nephrology	Medicine	Health Sciences	Renal Diseases and Glomerulopathies; Chronic Kidney Disease and Diabetes; Renal and related cancers	False	False	True	False	False
W4402391029	Full-length target sequences of GeoMx digital spatial profiling probes reveal that gene-promiscuity predicts probe sensitivity to EDTA tissue decalcification	2024-09-10	André Oszwald, Lucia Zisser, Helga Schachner, Christopher C. Kaltenecker, Gabriel Wasinger, Johannes Rohrbeck, Nicolas Kozakowski, Andreas Tiefenbacher, Andrew Jackson Rees, Renate Kain	Medical University of Vienna	Scientific Reports	https://doi.org/10.1038/s41598-024-72335-w	2	article	True	Radiomics and Machine Learning in Medical Imaging	Radiology, Nuclear Medicine and Imaging	Medicine	Health Sciences	Radiomics and Machine Learning in Medical Imaging; Molecular Biology Techniques and Applications; Gene expression and cancer classification	False	False	True	False	False
W4285796950	Idelalisib inhibits experimental proliferative vitroretinopathy	2022-07-19	Lijun Dong, Haote Han, Xionggao Huang, Gaoen Ma, Fang Dong, Hui Qi, Zhuo Han, Luping Wang, Jingkui Tian, Bart Vanhaesebroeck, Guoming Zhang, Shaochong Zhang, Hetian Lei	University of Chinese Academy of Sciences, Chinese Academy of Sciences, Jinan University, Henan Medical University, Hainan Medical University, Harvard University, Massachusetts Eye and Ear Infirmary, University College London, Zhejiang Cancer Hospital	Laboratory Investigation	https://doi.org/10.1038/s41374-022-00822-7	12	article	True	Retinal and Macular Surgery	Radiology, Nuclear Medicine and Imaging	Medicine	Health Sciences	Retinal and Macular Surgery; Retinal Development and Disorders; Ocular Oncology and Treatments	False	False	True	False	False
W4404468287	Using GeoMx DSP Spatial Proteomics to Investigate Immune Infiltration of NOD Mouse Islet and Exocrine Compartments	2024-11-18	Hasim Tekin, Claes Lindhardt, Julie Christine Antvorskov, Nicolai Schou Bager, Signe Regner Michaelsen, Aušrinė Areškevičiūtė, Jonas Pordel Vind, Bjarne Winther Kristensen, Knud Elnegaard Josefsen	Steno Diabetes Center Copenhagen, University of Copenhagen, Copenhagen University Hospital	Molecular Imaging and Biology	https://doi.org/10.1007/s11307-024-01961-7	1	article	True	Diabetes and associated disorders	Genetics	Biochemistry, Genetics and Molecular Biology	Life Sciences	Diabetes and associated disorders; Pancreatic function and diabetes; Single-cell and spatial transcriptomics	False	False	True	False	False
W4392471901	Digital spatial profiling identifies molecular changes involved in development of colitis-associated colorectal cancer	2024-03-04	Tamara Glyn, Sarah C. P. Williams, Martin R. Whitehead, Tim Eglinton, Nicholas P. West, Rachel Violet Purcell	Griffith University, University of Otago, Health New Zealand	Frontiers in Oncology	https://doi.org/10.3389/fonc.2024.1247106	13	article	True	Inflammatory Bowel Disease	Genetics	Biochemistry, Genetics and Molecular Biology	Life Sciences	Inflammatory Bowel Disease; Colorectal Cancer Surgical Treatments; Cancer Immunotherapy and Biomarkers	False	False	True	False	False
W4406864506	Comparative impact of tertiary lymphoid structures and tumor-infiltrating lymphocytes in cholangiocarcinoma	2025-01-01	Shin‐Yi Chung, Yi‐Chen Yeh, Chien-Jung Huang, Nai-Jung Chiang, Dennis Shin‐Shian Hsu, Ming‐Hsien Chan, Meng-Lun Lu, Tzu-Sheng Hsu, Yi-Ping Hung, Chun‐Nan Yeh, Michael Hsiao, Yu‐Chan Chang, Yu‐Chao Wang, Ming‐Huang Chen	Linkou Chang Gung Memorial Hospital, National Health Research Institutes, Chang Gung Memorial Hospital, Genomics Research Center, Academia Sinica, Taipei Veterans General Hospital, National Tsing Hua University, National Yang Ming Chiao Tung University, Taoyuan Chang Gung Memorial Hospital, National Yang Ming University	Journal for ImmunoTherapy of Cancer	https://doi.org/10.1136/jitc-2024-010173	20	article	True	Cholangiocarcinoma and Gallbladder Cancer Studies	Surgery	Medicine	Health Sciences	Cholangiocarcinoma and Gallbladder Cancer Studies; Cancer Immunotherapy and Biomarkers; Ferroptosis and cancer prognosis	False	False	True	False	False
W2949310777	Defining the microenvironment landscape of bladder cancer using highly multiplexed spatial genomic and proteomic analysis	2019-06-21	Jason Reeves, Zhaojie Zhang, Zachary K. Norgaard, Denise M Zhou, Jingjing Gong, Yan Mei Liang, Subhasree Das, Sarah E. Warren, Manav Korpal, Margaret L. Hoang, Joseph Beechem, Pavan Kumar, Victoria M. Rimkunas	Nanostring Technologies (United States)	bioRxiv (Cold Spring Harbor Laboratory)	https://doi.org/10.1101/675926	2	preprint	True	Bladder and Urothelial Cancer Treatments	Surgery	Medicine	Health Sciences	Bladder and Urothelial Cancer Treatments; Cancer Immunotherapy and Biomarkers; Immune cells in cancer	False	False	True	False	False
W4410534031	Spatial Transcriptomics Advances the Use of Canine Patients in Cancer Research: Analysis of Osteosarcoma-Bearing Pet Dogs Enrolled in a Clinical Trial	2025-05-20	Jessica A. Beck, Anjali Garg, S. Church, Christina N. Mazcko, Amy Kathleen LeBlanc	Nanostring Technologies (United States), National Cancer Institute, National Institutes of Health	Clinical Cancer Research	https://doi.org/10.1158/1078-0432.ccr-25-0687	4	article	True	Veterinary Oncology Research	Pulmonary and Respiratory Medicine	Medicine	Health Sciences	Veterinary Oncology Research; Single-cell and spatial transcriptomics; Human-Animal Interaction Studies	False	False	True	False	False
W4397034540	HLA-A+ tertiary lymphoid structures with reactivated tumor infiltrating lymphocytes are associated with a positive immunotherapy response in esophageal squamous cell carcinoma	2024-05-18	Dandan Zhang, Dongxian Jiang, Liping Jiang, Jiakang Ma, Xiaobing Wang, Xingyu Xu, Ziqiang Chen, Mengping Jiang, Wenjing Ye, Jie Wang, Weida Meng, Wenqing Qiu, Yingyong Hou, Jing Huang, Yuchen Jiao, Yun Liu, Zhihua Liu	Cancer Hospital of Chinese Academy of Medical Sciences, State Key Laboratory of Molecular Oncology, Fudan University Shanghai Cancer Center, State Key Laboratory of Medical Neurobiology, Huashan Hospital, Shanghai Xuhui Central Hospital, Chinese Academy of Medical Sciences & Peking Union Medical College, Fudan University, Shanghai Medical College of Fudan University, Frontiers Center for Brain Science of the Ministry of Education, Zhongshan Hospital	British Journal of Cancer	https://doi.org/10.1038/s41416-024-02712-9	16	article	True	Cancer Immunotherapy and Biomarkers	Oncology	Medicine	Health Sciences	Cancer Immunotherapy and Biomarkers; Esophageal Cancer Research and Treatment; Single-cell and spatial transcriptomics	False	False	True	False	False
W4321004270	The HOPX and BLBP landscape and gliogenic regions in developing human brain	2023-02-16	Camilla Bjørnbak Holst, Christian Beltoft Brøchner, Kristoffer Vitting‐Seerup, Kjeld Møllgård	Technical University of Denmark, University of Copenhagen, Copenhagen University Hospital	Journal of Anatomy	https://doi.org/10.1111/joa.13844	10	article	True	Barrier Structure and Function Studies	Neurology	Neuroscience	Life Sciences	Barrier Structure and Function Studies; MicroRNA in disease regulation; Neurogenesis and neuroplasticity mechanisms	False	False	True	False	False
W3021920958	Spatially Resolved Transcriptomes—Next Generation Tools for Tissue Exploration	2020-05-04	Michaela Asp, Joseph Bergenstråhle, Joakim Lundeberg	KTH Royal Institute of Technology, Science for Life Laboratory	BioEssays	https://doi.org/10.1002/bies.201900221	767	review	True	Single-cell and spatial transcriptomics	Molecular Biology	Biochemistry, Genetics and Molecular Biology	Life Sciences	Single-cell and spatial transcriptomics; Molecular Biology Techniques and Applications; Advanced biosensing and bioanalysis techniques	False	False	True	False	False
W4399700725	Hepatic LRP-1 plays an important role in amyloidosis in Alzheimer's disease mice: Potential role in chronic heavy alcohol feeding	2024-06-15	Devaraj Venkatapura Chandrashekar, G. Chuli Roules, Nataraj Jagadeesan, Urvashi R. Panchal, Adenike Oyegbesan, Oghenetega E. Imiruaye, Hai Zhang, Jerome Garcia, Kamaljit Kaur, Sanda Win, Tin Aung Than, Neil Kaplowitz, Moom Rahman Roosan, Derick Han, Rachita K. Sumbria	Keck Graduate Institute, University of Southern California, University of La Verne, University of California, Irvine, Chapman University	Neurobiology of Disease	https://doi.org/10.1016/j.nbd.2024.106570	25	article	True	Alzheimer's disease research and treatments	Physiology	Medicine	Health Sciences	Alzheimer's disease research and treatments; Amyloidosis: Diagnosis, Treatment, Outcomes; Alcohol Consumption and Health Effects	False	False	True	False	False
W4393990939	Disease and brain region specific immune response profiles in neurodegenerative diseases with pure and mixed protein pathologies	2024-04-05	Tim Bathe, Gabriela P. Hery, Jonathan Anthony B. Villareal, Jennifer Lynne Phillips, Eric M. Cohen, Rohan V. Sharma, Wangchen Tsering, Stefan Prokop	University of Florida	Acta Neuropathologica Communications	https://doi.org/10.1186/s40478-024-01770-7	13	article	True	Neuroinflammation and Neurodegeneration Mechanisms	Neurology	Neuroscience	Life Sciences	Neuroinflammation and Neurodegeneration Mechanisms; Alzheimer's disease research and treatments; Tryptophan and brain disorders	False	False	True	False	False
W4386396317	Spaceflight-Induced Gene Expression Profiles in the Mouse Brain Are Attenuated by Treatment with the Antioxidant BuOE	2023-09-01	Isaac Kremsky, Samir Ali, Seta Stanbouly, Jacob M. Holley, Stephen Justinen, Michael J. Pecaut, James D. Crapo, Xiao Wen Mao	Loma Linda University, University of Colorado Denver, National Jewish Health	International Journal of Molecular Sciences	https://doi.org/10.3390/ijms241713569	8	article	True	Spaceflight effects on biology	Physiology	Medicine	Health Sciences	Spaceflight effects on biology; Genetics, Aging, and Longevity in Model Organisms; Health, Environment, Cognitive Aging	False	False	True	False	False
W2956142670	Abstract 753: In situ RNA expression profiling of 1600+ immuno-oncology targets in FFPE tissue using NanoString GeoMx™Digital Spatial Profiler	2019-07-01	Margaret L. Hoang, Zoey Zhou, Michelle Kriner, Kristina Sorg, Zach Norgaard, Erin Piazza, Chris Merritt, Dae Joon Kim, Joseph Beechem	Nanostring Technologies (United States)	Cancer Research	https://doi.org/10.1158/1538-7445.am2019-753	2	conference-abstract	False	Single-cell and spatial transcriptomics	Molecular Biology	Biochemistry, Genetics and Molecular Biology	Life Sciences	Single-cell and spatial transcriptomics; Molecular Biology Techniques and Applications; Cancer Genomics and Diagnostics	False	False	True	False	False
W4402382391	Tumor and α‐ SMA ‐expressing stromal cells in pancreatic neuroendocrine tumors have a distinct RNA profile depending on tumor grade	2024-09-08	Helvijs Niedra, Raitis Pečulis, Rihards Saksis, Ilona Mandrika, Sofija Vilisova, Jurijs Nazarovs, Austra Breikša, Aija Gerina, Julie Earl, Ignacio Ruz‐Caracuel, Marta Gabriela Rosas, Aldis Puķītis, Natalja Senterjakova, Vita Rovīte	Centro de Investigación Biomédica en Red de Cáncer, Latvian Biomedical Research and Study Centre, Pauls Stradiņš Clinical University Hospital, Hospital Universitario Ramón y Cajal, Riga Stradiņš University, Instituto Ramón y Cajal de Investigación Sanitaria	Molecular Oncology	https://doi.org/10.1002/1878-0261.13727	8	article	True	Neuroendocrine Tumor Research Advances	Epidemiology	Medicine	Health Sciences	Neuroendocrine Tumor Research Advances; Pancreatic and Hepatic Oncology Research; Cancer Cells and Metastasis	False	False	True	False	False
W4393091184	Digital spatial proteomic profiling reveals immune checkpoints as biomarkers in lymphoid aggregates and tumor microenvironment of desmoplastic melanoma	2024-03-01	David G. Su, David A. Schoenfeld, Wael Ibrahim, Raysa G. Cabrejo, Dijana Djureinovic, Raymond P. Baumann, David L. Rimm, Sajid Ali Khan, Ruth Halaban, Harriet M. Kluger, Kelly L. Olino, Anjela Galan, James E. Clune	Yale University, Dartmouth–Hitchcock Medical Center, University of Miami	Journal for ImmunoTherapy of Cancer	https://doi.org/10.1136/jitc-2023-008646	15	article	True	Cutaneous Melanoma Detection and Management	Oncology	Medicine	Health Sciences	Cutaneous Melanoma Detection and Management; Cancer Immunotherapy and Biomarkers; Immunotherapy and Immune Responses	False	False	True	False	False
W4401152811	Heterogeneity of hepatocellular carcinoma that responds differently to combination therapy with TACE and Sorafenib as determined by digital spatial gene expression profiling	2024-07-29	Chenhao Xu, Renyi Su, Zhengyang Lu, Yisu Song, Xiaobing Zhang, Wenzhi Shu, Zhe Yang, Runzhou Zhuang, Xiao Yan Xu, Xuyong Wei	Zhejiang University, Zhejiang Chinese Medical University, First Affiliated Hospital Zhejiang University	Genes & Genomics	https://doi.org/10.1007/s13258-024-01548-0	4	article	False	Hepatocellular Carcinoma Treatment and Prognosis	Hepatology	Medicine	Health Sciences	Hepatocellular Carcinoma Treatment and Prognosis; Immune cells in cancer; Cancer Immunotherapy and Biomarkers	False	False	True	False	False
W4387614118	Expression of IDO1 in Tumor Microenvironment Significantly Predicts the Risk of Recurrence/Distant Metastasis for Patients With Esophageal Squamous Cell Carcinoma	2023-10-13	Cen Qiu, Qingyuan Lin, Saiyan Ji, Chenjie Han, Qingyuan Yang	Shanghai Jiao Tong University, Shanghai Ninth People's Hospital	Laboratory Investigation	https://doi.org/10.1016/j.labinv.2023.100263	13	article	True	Cancer Immunotherapy and Biomarkers	Oncology	Medicine	Health Sciences	Cancer Immunotherapy and Biomarkers; Ferroptosis and cancer prognosis; Esophageal Cancer Research and Treatment	False	False	True	False	False
W4387115665	Peritumoral Immune-suppressive Mechanisms Impede Intratumoral Lymphocyte Infiltration into Colorectal Cancer Liver versus Lung Metastases	2023-09-28	Jian Ye, Weihua Guo, Chongkai Wang, Colt A. Egelston, Massimo D’Apuzzo, Geereesh Shankar, Marwan Fakih, Peter P. Lee	Beckman Research Institute, City Of Hope National Medical Center, University of Cincinnati	Cancer Research Communications	https://doi.org/10.1158/2767-9764.crc-23-0212	16	article	True	Cancer Immunotherapy and Biomarkers	Oncology	Medicine	Health Sciences	Cancer Immunotherapy and Biomarkers; Hepatocellular Carcinoma Treatment and Prognosis; Immune cells in cancer	False	False	True	False	False
W4206199829	Advances in mixed cell deconvolution enable quantification of cell types in spatial transcriptomic data	2022-01-19	Patrick J. Danaher, Young‐Mi Kim, Brenn Nelson, Maddy Griswold, Zhi Gang Yang, Erin Piazza, Joseph Beechem	Nanostring Technologies (United States)	Nature Communications	https://doi.org/10.1038/s41467-022-28020-5	326	article	True	Single-cell and spatial transcriptomics	Molecular Biology	Biochemistry, Genetics and Molecular Biology	Life Sciences	Single-cell and spatial transcriptomics	False	False	True	False	False
W4404067898	Digital spatial profiling for pathologists	2024-11-05	Benedetta Donati, Gloria Manzotti, Federica Torricelli, Cristian Ascione, Riccardo Valli, Giacomo Santandrea, Moira Ragazzi, Eleonora Zanetti, Alessia Ciarrocchi, Simonetta Piana	Azienda Sanitaria Unità Locale di Reggio Emilia, University of Modena and Reggio Emilia	Archiv für Pathologische Anatomie und Physiologie und für Klinische Medicin	https://doi.org/10.1007/s00428-024-03955-w	3	article	False	AI in cancer detection	Artificial Intelligence	Computer Science	Physical Sciences	AI in cancer detection; Radiomics and Machine Learning in Medical Imaging; Occupational and environmental lung diseases	False	False	True	False	False
W7161791098	Dual platform spatial transcriptomics reveals parvalbumin interneuron subtype vulnerability in mouse models of Alzheimer’s disease	2026-05-20	Heewon Seo, Dylan J. Terstege, Yi Ren, Shiying Liu, Kimberly-Ann R. Goring, Bo Young Ahn, Jonathan R. Epp	Hotchkiss Brain Institute, University of Calgary	Nature Communications	https://doi.org/10.1038/s41467-026-73474-6	3	article	True	Alzheimer's disease research and treatments	Physiology	Medicine	Health Sciences	Alzheimer's disease research and treatments; Single-cell and spatial transcriptomics; Neurogenesis and neuroplasticity mechanisms	False	False	True	False	False
W4390876100	Spatial Transcriptomic Profiling of Tetraspanins in Stage 4 Colon Cancer from Primary Tumor and Liver Metastasis	2024-01-15	Thanawat Suwatthanarak, Kullanist Thanormjit, Tharathorn Suwatthanarak, Onchira Acharayothin, Asada Methasate, Vitoon Chinswangwatanakul, Pariyada Tanjak	Siriraj Hospital, Mahidol University	Life	https://doi.org/10.3390/life14010126	10	article	True	Cell Adhesion Molecules Research	Immunology and Allergy	Medicine	Health Sciences	Cell Adhesion Molecules Research; Caveolin-1 and cellular processes; RNA Research and Splicing	False	False	True	False	False
W4361277020	A maladaptive pleural environment suppresses preexisting anti-tumor activity of pleural infiltrating T cells	2023-03-30	Vera S. Donnenberg, James D. Luketich, Ibrahim S. Sultan, John Lister, David L. Bartlett, Sohini Ghosh, Albert D. Donnenberg	Drexel University, University of Pittsburgh Medical Center, Allegheny Health Network, McGowan Institute for Regenerative Medicine, UPMC Hillman Cancer Center, University of Pittsburgh	Frontiers in Immunology	https://doi.org/10.3389/fimmu.2023.1157697	15	article	True	CAR-T cell therapy research	Oncology	Medicine	Health Sciences	CAR-T cell therapy research; Cancer Research and Treatments; Cancer Immunotherapy and Biomarkers	False	False	True	False	False
W4362659908	An experimental comparison of the Digital Spatial Profiling and Visium spatial transcriptomics technologies for cancer research	2023-04-06	Taopeng Wang, Kate Harvey, John Reeves, Daniel Lee Roden, Nenad Bartoniček, Jessica Yang, Ghamdan Al‐Eryani, Dominik C. Kaczorowski, Chia-Ling Carynn Chan, Joseph E. Powell, Sandra A O'Toole, Elgene Lim, Alexander Swarbrick	NSW Health Pathology, Garvan Institute of Medical Research, UNSW Sydney, The University of Sydney, Royal Prince Alfred Hospital	bioRxiv (Cold Spring Harbor Laboratory)	https://doi.org/10.1101/2023.04.06.535805	9	preprint	True	Single-cell and spatial transcriptomics	Molecular Biology	Biochemistry, Genetics and Molecular Biology	Life Sciences	Single-cell and spatial transcriptomics; Gene expression and cancer classification; Molecular Biology Techniques and Applications	False	False	True	False	False
W7140034273	Protocol for spatial profiling of immune cells in the mouse cornea and conjunctiva using NanoString GeoMx DSP and nCounterPro platforms	2026-03-22	Lois Kim, Karthikeyan Ramasamy, Ajay Sharma	Chapman University	STAR Protocols	https://doi.org/10.1016/j.xpro.2026.104458	1	article	True	Retinal Development and Disorders	Molecular Biology	Biochemistry, Genetics and Molecular Biology	Life Sciences	Retinal Development and Disorders; Connexins and lens biology; Corneal surgery and disorders	False	False	True	False	False
W4399999539	Mapping the Spatial Dynamics of the CD4+ T Cell Spectrum in Classical Hodgkin Lymphoma	2024-06-25	Victoria Menéndez, José Luis Solórzano, Mónica García‐Cosío, Laura Cereceda, Eva Díaz, Mónica Estévez, Giovanna Roncador, Zaira Vega, Carlos Montalbán, Arutha Kulasinghe, Juan Fernando García	MD Anderson Cancer Center Madrid, The University of Queensland, Spanish National Cancer Research Centre, Hospital Universitario Ramón y Cajal	Modern Pathology	https://doi.org/10.1016/j.modpat.2024.100551	7	article	True	Lymphoma Diagnosis and Treatment	Pathology and Forensic Medicine	Medicine	Health Sciences	Lymphoma Diagnosis and Treatment; T-cell and B-cell Immunology; Immune Cell Function and Interaction	False	False	True	False	False
W4399525413	Clinicopathological features and cancer transcriptomic profiling of poorly cohesive gastric carcinoma subtypes	2024-06-11	Hung‐Hsuan Yen, Pin‐Yu Chen, Ruby Yun‐Ju Huang, Jung‐Ming Jeng, I‐Rue Lai	National Taiwan University, National Taiwan University Hospital	The Journal of Pathology Clinical Research	https://doi.org/10.1002/2056-4538.12387	5	article	True	Gastric Cancer Management and Outcomes	Pulmonary and Respiratory Medicine	Medicine	Health Sciences	Gastric Cancer Management and Outcomes; Gastrointestinal Tumor Research and Treatment; Cholangiocarcinoma and Gallbladder Cancer Studies	False	False	True	False	False
W4407722674	Spatially Resolved, Multiregion Proteomics for Prediction of Immunotherapy Outcome in Deficient Mismatch Repair Metastatic Colorectal Cancer	2025-02-19	Bahar Saberzadeh-Ardestani, Zhenglong Liu, Mariam I. Stein, William H. Sherman, Christy E. Trussoni, Charles W. Abbott, Dongyao Yan, Skyler Smith, Kandavel Shanmugam, Rondell Patrell Graham, Alos Diallo, Joshua Levy, Tamás Ördög, Frank A. Sinicrope	Cedars-Sinai Medical Center, Personalis (United States), Dartmouth College, Mayo Clinic Comprehensive Cancer Center (Minnesota), Mayo Clinic, University of Minnesota Rochester	Clinical Cancer Research	https://doi.org/10.1158/1078-0432.ccr-24-0853	13	article	True	Cancer Immunotherapy and Biomarkers	Oncology	Medicine	Health Sciences	Cancer Immunotherapy and Biomarkers; Single-cell and spatial transcriptomics; Genetic factors in colorectal cancer	False	False	True	False	False
W4362673052	Exploring Spatial Heterogeneity of Immune Cells in Nasopharyngeal Cancer	2023-04-05	Aastha Sobti, Christina Alexandra Sakellariou, Johan S. Nilsson, David Askmyr, Lennart Greiff, Malin Lindstedt	Skåne University Hospital, Lund University	Cancers	https://doi.org/10.3390/cancers15072165	14	article	True	Immunotherapy and Immune Responses	Immunology	Immunology and Microbiology	Life Sciences	Immunotherapy and Immune Responses; Immune cells in cancer; Cancer Immunotherapy and Biomarkers	False	False	True	False	False
W4226424741	Mixed Effects Machine Learning Models for Colon Cancer Metastasis Prediction using Spatially Localized Immuno-Oncology Markers.	2022-01-06	Joshua Levy, Carly A. Bobak, Mustafa Nasir-Moin, Eren M. Veziroglu, Scott M. Palisoul, Rachael E. Barney, Lucas A. Salas, Brock C. Christensen, Gregory J. Tsongalis, Louis Joseph Vaickus	Dartmouth College	PubMed		4	conference-paper	True	Health, Environment, Cognitive Aging	Health, Toxicology and Mutagenesis	Environmental Science	Physical Sciences	Health, Environment, Cognitive Aging; Single-cell and spatial transcriptomics; Radiomics and Machine Learning in Medical Imaging	False	False	True	False	False
W4392912751	Modulation of hippocampal protein expression by a brain penetrant biologic TNF-α inhibitor in the 3xTg Alzheimer’s disease mice	2024-03-18	Nataraj Jagadeesan, G. Chuli Roules, Devaraj Venkatapura Chandrashekar, Joshua Yang, Sanjana Kolluru, Rachita K. Sumbria	Chapman University, University of California, Irvine	Journal of Translational Medicine	https://doi.org/10.1186/s12967-024-05008-x	17	article	True	Alzheimer's disease research and treatments	Physiology	Medicine	Health Sciences	Alzheimer's disease research and treatments; Barrier Structure and Function Studies; Neuroinflammation and Neurodegeneration Mechanisms	False	False	True	False	False
W4405930713	Spatial proteomic differences in chronic traumatic encephalopathy, Alzheimer's disease, and primary age‐related tauopathy hippocampi	2024-12-31	Timothy E. Richardson, Miranda E. Orr, Timothy C. Orr, Susan Karijn Rohde, Alexander J. Ehrenberg, Emma L Thorn, Thomas D. Christie, Victoria Flores‐Almazan, Robina Afzal, Claudia De Sanctis, Carolina Maldonado‐Díaz, Satomi Hiya, Leyla Canbeldek, Lakshmi Shree Kulumani Mahadevan, Connie Slocum, Jorge L. Samanamud, Kevin M. Clare, Nicholas Scibetta, Raquel Teixeira Yokoda, Daniel Koenigsberg, Gabriel A. Marx, Justin Kauffman, Adam Goldstein, Enna Selmanovic, Eleanor Drummond, Thomas Wısnıewskı, Charles L. White, Alison Goate, John F. Crary, Kurt W. Farrell, Michael Louis Alosco, Jesse Mez, Ann Carolyn McKee, Thor D. Stein, Kevin F. Bieniek, Tiffany F. Kautz, Elena V. Daoud, Jamie M. Walker	Innovative Genomics Institute, Albert Einstein College of Medicine, Icahn School of Medicine at Mount Sinai, Washington University in St. Louis, The University of Texas Southwestern Medical Center, Boston University, St. Louis VA Medical Center, Montefiore Medical Center, VA Boston Healthcare System, New York University, University of California, Berkeley, The University of Texas at San Antonio Health Science Center, The University of Sydney, Vrije Universiteit Amsterdam, Amsterdam Neuroscience, University of California, San Francisco	Alzheimer s & Dementia	https://doi.org/10.1002/alz.14487	9	article	True	Alzheimer's disease research and treatments	Physiology	Medicine	Health Sciences	Alzheimer's disease research and treatments; Tryptophan and brain disorders; Dementia and Cognitive Impairment Research	False	False	True	False	False
W4402515134	Effect of the intratumoral microbiota on spatial and cellular heterogeneity in cancer	2022-12-14	Jorge Luis Galeano Niño	Fred Hutch Cancer Center	Unknown	https://doi.org/10.52843/cassyni.77602k	10	other	False	Cancer Immunotherapy and Biomarkers	Oncology	Medicine	Health Sciences	Cancer Immunotherapy and Biomarkers; Cancer Research and Treatments; Immune cells in cancer	False	False	True	False	False
W4312087860	Investigation of differentially expressed proteins through neurofibrillary tangle maturation in Alzheimer’s disease using NanoString’s GeoMx Digital Spatial Profiler	2022-12-01	Christina M. Moloney, Chia‐Chen Liu, Daniel P. Wickland, Elizabeth R. Lesser, Jennifer M. Kachergus, Marka van Blitterswijk, Neill R. Graff‐Radford, Dennis W. Dickson, E. Aubrey Thompson, Melissa Erin Murray	Mayo Clinic, Mayo Clinic in Florida	Alzheimer s & Dementia	https://doi.org/10.1002/alz.066668	1	article	True	Alzheimer's disease research and treatments	Physiology	Medicine	Health Sciences	Alzheimer's disease research and treatments; S100 Proteins and Annexins; Clusterin in disease pathology	False	False	True	False	False
W3002386158	Validation of Antibody Panels for High-Plex Immunohistochemistry Applications	2019-12-01	Douglas A. Hinerfeld, Kristi Barker, Chris Merritt, Joseph Beechem	Nanostring Technologies (United States)	Europe PMC (PubMed Central)		3	article	True	Monoclonal and Polyclonal Antibodies Research	Radiology, Nuclear Medicine and Imaging	Medicine	Health Sciences	Monoclonal and Polyclonal Antibodies Research; Advanced Biosensing Techniques and Applications; Nanofabrication and Lithography Techniques	False	False	True	False	False
W4412826451	Surgical and Blood-Based Minimal Residual Disease in Patients with Ovarian Cancer after First-line Therapy: Clinical Outcomes and Translational Opportunities	2025-08-01	Anne T. Knisely, Yibo Dai, Graham L. Barlow, Sanghoon Lee, Barrett Craig Lawson, Helen D. Clark, Bryan M. Fellman, Ying Yuan, Wei Lü, Idania Carolina Lubo Julio, Rossana N. Lazcano, Manoj Chelvanambi, Brenda Melendez, Bharat Singh, Bhavana Singh, Khalida Wani, Jianfeng Chen, Chih‐Chen Yeh, Jianjun Gao, Sean Barnes, Ou Shi, Khaja B. Khan, Alejandra G. Serrano, Lorena Isabel Gomez-Bolanos, Carly Bess Scalise, Samantha K. Cheung, Punashi Dutta, Sharlene Velichko, Adam C. ElNaggar, Minetta C. Liu, Roni Nitecki, Jeffrey How, Lois Michelle Ramondetta, David M. Boruta, Gwyn Richardson, Aaron Shafer, Shannon Neville Westin, Travis T. Sims, Anil K. Sood, Pedro Tomas Ramirez, Alexander J. Lazar, Pamela T. Soliman, Karen H. Lu, Cara Haymaker, Luisa M. Solis Soto, Jennifer Ann Wargo, Rachel Nicole Grisham, Kai W. Wucherpfennig, Linghua Wang, Amir Anthony Jazaeri	The University of Texas Health Science Center at Houston, Memorial Sloan Kettering Cancer Center, Dana-Farber Cancer Institute, Natera (United States), The University of Texas MD Anderson Cancer Center, Moffitt Cancer Center, Houston Methodist, University of Alabama at Birmingham	Clinical Cancer Research	https://doi.org/10.1158/1078-0432.ccr-25-0512	10	article	True	Ovarian cancer diagnosis and treatment	Reproductive Medicine	Medicine	Health Sciences	Ovarian cancer diagnosis and treatment; Single-cell and spatial transcriptomics; PARP inhibition in cancer therapy	False	False	True	False	False
W4410991668	Profiling lamina specific pyramidal neurons using postmortem human formalin fixed paraffin embedded frontal cortex tissue in combination with digital spatial profiling	2025-06-03	Aleksandra Stanisavljevic, Kyrillos W. Ibrahim, Philip H. Stavrides, J Christopher Bare, Melissa J. Alldred, Adriana Heguy, Ralph A. Nixon, Stephen D. Ginsberg	Nathan Kline Institute for Psychiatric Research, New York University	Journal of Neuroscience Methods	https://doi.org/10.1016/j.jneumeth.2025.110512	2	article	True	Single-cell and spatial transcriptomics	Molecular Biology	Biochemistry, Genetics and Molecular Biology	Life Sciences	Single-cell and spatial transcriptomics; Cell Image Analysis Techniques; Molecular Biology Techniques and Applications	False	False	True	False	False
W3083237115	Abstract 2825: High-plex, spatial RNA profiling of tumor infiltrating leukocytes and the tumor microenvironment of microsatellite instable colorectal cancer using GeoMx™ Digital Spatial Profiler	2020-08-15	Zachary K. Norgaard, Dan G. Zollinger, Jason Reeves, Zoey Zhou, Michelle Kriner, Jill McKay-Fleisch, Arya J. Bahrami, Sarah E. Warren, S. Church, Chris Merritt, Margaret L. Hoang, Joseph Beechem	Nanostring Technologies (United States)	Cancer Research	https://doi.org/10.1158/1538-7445.am2020-2825	2	conference-abstract	False	Cancer Immunotherapy and Biomarkers	Oncology	Medicine	Health Sciences	Cancer Immunotherapy and Biomarkers; Single-cell and spatial transcriptomics; Immunotherapy and Immune Responses	False	False	True	False	False
W4408987347	Spatial transcriptomic profiling of the human fallopian tube epithelium reveals region-specific gene expression patterns	2025-03-29	Jared Sipes, Sagar Rayamajhi, Leonidas E. Bantis, Rashna Madan, Amrita Mitra, Rajni V. Puri, Mohammod Mahmudur Rahman, Foyez Ahmmed, Harsh B. Pathak, Andrew K. Godwin	University of Kansas, University of Kansas Medical Center, The University of Kansas Cancer Center, Comilla University	Communications Biology	https://doi.org/10.1038/s42003-025-07871-w	5	article	True	Ovarian cancer diagnosis and treatment	Reproductive Medicine	Medicine	Health Sciences	Ovarian cancer diagnosis and treatment	False	False	True	False	False
W7127050652	Capturing the inflammatory landscape within kidney compartments of human diabetic kidney disease: a digital spatial profiling study	2026-02-02	Khaled M. Elhusseiny, Farha G. Deceus, Lynn D. Cornell, Xiaohui Bian, Yaohua Ma, Jennifer M. Kachergus, E. Aubrey Thompson, LaTonya J. Hickson	Mayo Clinic, University of Calgary, Sheng Jing Hospital, China Medical University	Frontiers in Endocrinology	https://doi.org/10.3389/fendo.2026.1744430	3	article	True	Chronic Kidney Disease and Diabetes	Nephrology	Medicine	Health Sciences	Chronic Kidney Disease and Diabetes; Single-cell and spatial transcriptomics; Neutrophil, Myeloperoxidase and Oxidative Mechanisms	False	False	True	False	False
W7117899891	Spatially distinct cellular and molecular landscapes define prognosis in triple-negative breast cancer	2025-12-31	Kavitha Mukund, Darya Veraksa, David E. Frankhouser, Lixin Yang, Jerneja Tomšič, Raju K. Pillai, Srijan Atti, Zahra Mesrizadeh, Daniel D. Schmolze, Jovanny Zabaleta, Xiao‐Cheng Wu, Mary-Anne LeBlanc, Lucio Miele, Augusto C. Ochoa, Victoria L. Seewaldt, Shankar Subramaniam	University of California San Diego, Louisiana State University Health Sciences Center New Orleans, City Of Hope National Medical Center, City of Hope	Cell Reports	https://doi.org/10.1016/j.celrep.2025.116752	5	article	True	Cancer Immunotherapy and Biomarkers	Oncology	Medicine	Health Sciences	Cancer Immunotherapy and Biomarkers; Breast Cancer Treatment Studies; Single-cell and spatial transcriptomics	False	False	True	False	False
W4308380044	151 Using additional morphology markers in NanoString® GeoMx® whole transcriptome atlas assay to assess NSCLC tumor subtype	2022-11-01	Jessica Runyon, Christian J. Nievera, Vijay R. Baichwal		Regular and Young Investigator Award Abstracts	https://doi.org/10.1136/jitc-2022-sitc2022.0151	1	conference-abstract	True	Lung Cancer Diagnosis and Treatment	Pulmonary and Respiratory Medicine	Medicine	Health Sciences	Lung Cancer Diagnosis and Treatment; Medical Imaging and Pathology Studies; Cancer Genomics and Diagnostics	False	False	True	False	False
W4405043593	Multimodal Spatial Transcriptomic Profiling Elucidates Niche-Specific Dynamics in Medullary and Extramedullary Acute Myeloid Leukemia	2024-11-05	Enes Dasdemir, Ivo Veletić, Christopher P. Ly, Andres Ernesto Quesada, Fatima Zahra Jelloul, Pâmella Borges, Sreyashi Basu, Sonali Jindal, Zhiqiang Wang, Alexander J. Lazar, Khalida Wani, Dinler A. Antunes, Patrick Kevin Reville, Preethi H. Gunaratne, Robert J. Tower, Padmanee Sharma, Hussein Abdullah Abbas	University of Houston, The University of Texas Southwestern Medical Center, The University of Texas MD Anderson Cancer Center	Blood	https://doi.org/10.1182/blood-2024-201932	5	conference-abstract	True	Acute Myeloid Leukemia Research	Hematology	Medicine	Health Sciences	Acute Myeloid Leukemia Research; Molecular Biology Techniques and Applications; MicroRNA in disease regulation	False	False	True	False	False
W4411078025	Cell‐specific protein expression in Alzheimer's disease prefrontal cortex	2025-06-01	Maryam Gholampour, Malay Kumar Basu, Russell Howard Swerdlow, Xinming Zhuo, Mohammad Haeri	University of Kansas, Columbia University Irving Medical Center, University of Kansas Medical Center	Alzheimer s & Dementia	https://doi.org/10.1002/alz.70339	5	article	True	Alzheimer's disease research and treatments	Physiology	Medicine	Health Sciences	Alzheimer's disease research and treatments; Dementia and Cognitive Impairment Research; Advanced Proteomics Techniques and Applications	False	False	True	False	False
W4365816757	Tumor lineage-specific immune response in brain metastatic disease: opportunities for targeted immunotherapy regimen?	2023-04-15	Shiva Najjary, Johan M. Kros, Willem de Koning, Disha Vadgama, Karishma Lila, Janina L Wolf, Dana A. M. Mustafa	Erasmus MC, Erasmus University Rotterdam, University of Bern	Acta Neuropathologica Communications	https://doi.org/10.1186/s40478-023-01542-9	4	article	True	Brain Metastases and Treatment	Pulmonary and Respiratory Medicine	Medicine	Health Sciences	Brain Metastases and Treatment; Lung Cancer Research Studies; Glioma Diagnosis and Treatment	False	False	True	False	False
W4362592446	Abstract 986: A BioPharma best practices framework to enable successful morphology guided spatial biology studies using NanoString GeoMx® Digital Spatial Profiler	2023-04-04	Leslie W. Abad, Maxine A. McClain, Edward D. Bonnevie, Bowen Chen, S. Church, Gokhan Demirkan, Premi Haynes, Kelly M. Hunter, Anil Kersarwani, David Krull, Yan Liang, Prithwish Pal, Corinne Ramos, Deniliz Rodriguez, Jessica Runyon, Julien Tessier, Esperanza Anguiano	Nanostring Technologies (United States), GlaxoSmithKline (United States), Illumina (United States)	Cancer Research	https://doi.org/10.1158/1538-7445.am2023-986	1	conference-abstract	False	Molecular Biology Techniques and Applications	Molecular Biology	Biochemistry, Genetics and Molecular Biology	Life Sciences	Molecular Biology Techniques and Applications; Single-cell and spatial transcriptomics; Gene expression and cancer classification	False	False	True	False	False
W4399489441	High-throughput transcriptome profiling indicates ribosomal RNAs to be associated with resistance to immunotherapy in non-small cell lung cancer (NSCLC)	2024-06-01	Myrto K. Moutafi, Katherine Bates, Thazin Nwe Aung, Rolando García-Milian, Vasiliki Xirou, Ioannis Athanasios Vathiotis, Niki Gavrielatou, Athanasios Angelakis, Kurt Alex Schalper, Leonidas Salichos, David L. Rimm	Amsterdam University Medical Centers, Amsterdam UMC Location University of Amsterdam, Yale University, New York Institute of Technology, Amsterdam Public Health	Journal for ImmunoTherapy of Cancer	https://doi.org/10.1136/jitc-2024-009039	16	article	True	Cancer Immunotherapy and Biomarkers	Oncology	Medicine	Health Sciences	Cancer Immunotherapy and Biomarkers; Ferroptosis and cancer prognosis; Immunotherapy and Immune Responses	False	False	True	False	False
W4389222044	Multi-Dimensional Molecular and Tumor-Microenvironment Analysis of Classic Hodgkin Lymphoma	2023-11-02	Tomohiro Aoki, Gerben Duns, Shinya Rai, Andrew G. Lytle, Yifan Yin, Clémentine Sarkozy, Stacy S. Hung, Katy Milne, Adèle Telenius, Luke T. O’Brien, Celia Strong, Talia Goodyear, Shaocheng Wu, Katsuyoshi Takata, Tomoko Miyata‐Takata, Merrill Boyle, Susana Ben‐Neriah, Andrew P. Weng, Andrew J. L. Roth, Anca A. Prica, Robert Kridel, Brad H. Nelson, Pedro Farinha, Kerry J. J. Savage, David W. Scott, Christian Steidl	Niigata University, University of Victoria, Princess Margaret Cancer Centre, Institut Curie, BC Cancer Agency, University Health Network	Blood	https://doi.org/10.1182/blood-2023-174139	11	conference-abstract	False	Lymphoma Diagnosis and Treatment	Pathology and Forensic Medicine	Medicine	Health Sciences	Lymphoma Diagnosis and Treatment	False	False	True	False	False
W4306157956	Use of high-plex data reveals novel insights into the tumour microenvironment of clear cell renal cell carcinoma	2022-10-13	Raffaele De Filippis, Georg Wölflein, In Hwa Um, Peter D. Caie, Sarah E. Warren, Andrew M. White, Elizabeth Suen, Emily Yeg Hei To, Ognjen Arandjelović, David James Harrison	University of St Andrews, Nanostring Technologies (United States)	medRxiv	https://doi.org/10.1101/2022.10.13.22281035	4	preprint	True	Renal cell carcinoma treatment	Pulmonary and Respiratory Medicine	Medicine	Health Sciences	Renal cell carcinoma treatment; Ferroptosis and cancer prognosis; Cancer Genomics and Diagnostics	False	False	True	False	False
W4409309796	ROICellTrack: a deep learning framework for integrating cellular imaging modalities in subcellular spatial transcriptomic profiling of tumor tissues	2025-04-08	Xiaofei Song, Xiaoqing Yu, Carlos Moran Segura, Hongzhi Xu, Tingyi Li, Joshua T. Davis, Aram Vosoughi, George Daniel Grass, Roger Li, Xuefeng Wang	Moffitt Cancer Center	Bioinformatics	https://doi.org/10.1093/bioinformatics/btaf152	4	article	True	Single-cell and spatial transcriptomics	Molecular Biology	Biochemistry, Genetics and Molecular Biology	Life Sciences	Single-cell and spatial transcriptomics; Ferroptosis and cancer prognosis; Cancer Immunotherapy and Biomarkers	False	False	True	False	False
W3206922912	Visualizing in deceased COVID-19 patients how SARS-CoV-2 attacks the respiratory and olfactory mucosae but spares the olfactory bulb	2021-11-01	Mona Khan, Seung‐Jun Yoo, Marnick Clijsters, Wout Backaert, Arno Vanstapel, Kato Speleman, Charlotte Lietaer, Sumin Choi, TYLER D. HETHER, Lukas Marcelis, Andy Nam, Liuliu Pan, Jason Reeves, Pauline Van Bulck, Hai Meng Zhou, Marc Bourgeois, Yves A. Debaveye, Paul De Munter, Jan Gunst, Mark Jorissen, Katrien Lagrou, Natalie Lorent, Arne Neyrinck, Marijke Peetermans, Dietmar Rudolf Thal, Christophe Vandenbriele, Joost Wauters, Peter Mombaerts, Laura Van Gerven	KU Leuven, AZ Sint-Jan, Nanostring Technologies (United States), Universitair Ziekenhuis Leuven, Max Planck Research Unit for Neurogenetics	Cell	https://doi.org/10.1016/j.cell.2021.10.027	401	article	True	Olfactory and Sensory Function Studies	Sensory Systems	Neuroscience	Life Sciences	Olfactory and Sensory Function Studies; Long-Term Effects of COVID-19; SARS-CoV-2 and COVID-19 Research	False	False	True	False	False
W7154484986	Microbial Monotherapy With Leuconostoc sp LB-P8 Improves Inflammation and Fibrosis in Mouse Primary Sclerosing Cholangitis by Inhibiting Transforming Growth Factor β1/SMAD Signaling	2026-01-01	Kihyoun Park, Joon Yong Kim, Seong Woon Roh, Bansi P. Savaliya, C. Alexander Turner, Nicholas Pirius, Nicholas F. LaRusso, Kyoungsub Song, Steven P. O’Hara	Mayo Clinic	Cellular and Molecular Gastroenterology and Hepatology	https://doi.org/10.1016/j.jcmgh.2026.101789	2	article	True	Liver Diseases and Immunity	Hepatology	Medicine	Health Sciences	Liver Diseases and Immunity; Liver physiology and pathology; Gut microbiota and health	False	False	True	False	False
W4413366445	DgeaHeatmap: an R package for transcriptomic analysis and heatmap generation	2024-12-26	Leonie Johanna Lancelle, Phani Sankar Potru, Björn Spittau, Susanne Wiemann	Bielefeld University	Bioinformatics Advances	https://doi.org/10.1093/bioadv/vbaf194	1	article	True	Single-cell and spatial transcriptomics	Molecular Biology	Biochemistry, Genetics and Molecular Biology	Life Sciences	Single-cell and spatial transcriptomics; Gene expression and cancer classification; Bioinformatics and Genomic Networks	False	False	True	False	False
W4239055810	Abstract 753: In situ RNA expression profiling of 1600+ immuno-oncology targets in FFPE tissue using NanoString GeoMx™Digital Spatial Profiler	2019-07-01	Margaret L. Hoang, Zoey Zhou, Michelle Kriner, Kristina Sorg, Zach Norgaard, Erin Piazza, Chris Merritt, Dae Kim, Joseph Beechem	Nanostring Technologies (United States)	Molecular and Cellular Biology / Genetics	https://doi.org/10.1158/1538-7445.sabcs18-753	1	conference-abstract	False	Nanoplatforms for cancer theranostics	Biomedical Engineering	Engineering	Physical Sciences	Nanoplatforms for cancer theranostics; Advanced Biosensing Techniques and Applications; Molecular Biology Techniques and Applications	False	False	True	False	False
W4384202896	Spatially Resolved Proteomic and Transcriptomic Profiling of Anaplastic Lymphoma Kinase-Rearranged Pulmonary Adenocarcinomas Reveals Key Players in Inter- and Intratumoral Heterogeneity	2023-07-12	Beáta Szeitz, Tibor Glasz, Zoltán Herold, Gábor Tóth, Mirjam Balbisi, János Fillinger, Szabolcs Horváth, Réka Mohácsi, Ho Jeong Kwon, Judit Moldvay, Lilla Turiák, Attila Marcell Szász	Institute of Organic Chemistry, HUN-REN Research Centre for Natural Sciences, Semmelweis University, Országos Korányi Tbc és Pulmonológiai Intézet, Yonsei University	International Journal of Molecular Sciences	https://doi.org/10.3390/ijms241411369	5	article	True	Lung Cancer Treatments and Mutations	Pulmonary and Respiratory Medicine	Medicine	Health Sciences	Lung Cancer Treatments and Mutations; RNA modifications and cancer; Ferroptosis and cancer prognosis	False	False	True	False	False
W4380029464	Abstract 6619: Virtual staining enabled combined morphological and spatial transcriptomic analysis of individual malignant B cells and local tumor microenvironments	2023-04-04	Michael Edward Kallen, Alyssa B. Rosenbloom, Zihang Fang, Raymond T. Kozikowski, Yair Rivenson, Kevin d. Haan, Serge Alexanian, Mark Conner, Daniel Newhouse, Felicia New, Yan Mei Liang, Kyla Teplitz, Joachim Schmid, Jaemyeong Jung	Nanostring Technologies (United States), University of Maryland, Baltimore	Cancer Research	https://doi.org/10.1158/1538-7445.am2023-6619	3	conference-abstract	False	Molecular Biology Techniques and Applications	Molecular Biology	Biochemistry, Genetics and Molecular Biology	Life Sciences	Molecular Biology Techniques and Applications; Single-cell and spatial transcriptomics	False	False	True	False	False
W4403090543	Spatial profiling of METex14-altered NSCLC under tepotinib treatment: Shifting the immunosuppressive landscape	2024-10-03	Manon A. Simard, Carlos Cabrera-Gálvez, Santiago Viteri, Felix Geist, Nadine Reischmann, Michael Zühlsdorf, Niki Karachaliou	Merck KGaA, Darmstadt (Germany), Merck Healthcare KGaA, Darmstadt (Germany)	Neoplasia	https://doi.org/10.1016/j.neo.2024.101063	3	article	True	Lung Cancer Treatments and Mutations	Pulmonary and Respiratory Medicine	Medicine	Health Sciences	Lung Cancer Treatments and Mutations; Cancer Immunotherapy and Biomarkers; Cancer Genomics and Diagnostics	False	False	True	False	False
W4282915022	Abstract 3801: Comprehensive characterization of the biology of inflammatory bowel disease-associated colorectal cancer using the GeoMx® Digital Spatial Profiler (DSP)	2022-06-15	Anna Juncker‐Jensen, Lakshmi Chandramohan	NeoGenomics (United States)	Cancer Research	https://doi.org/10.1158/1538-7445.am2022-3801	1	conference-abstract	False	Inflammatory Bowel Disease	Genetics	Biochemistry, Genetics and Molecular Biology	Life Sciences	Inflammatory Bowel Disease; Atherosclerosis and Cardiovascular Diseases; Cancer Immunotherapy and Biomarkers	False	False	True	False	False
W4224284036	[Retracted] Global Increase in Breast Cancer Incidence: Risk Factors and Preventive Measures	2022-01-01	Dharambir Kashyap, Deeksha Pal, Riya Sharma, Vivek Kumar Garg, Neelam Goel, Deepika Koundal, Atef Zaguia, Shubham Koundal, Assaye Belay	University of Petroleum and Energy Studies, Panjab University, Post Graduate Institute of Medical Education and Research, Taif University, Mizan Tepi University, Chandigarh University	BioMed Research International	https://doi.org/10.1155/2022/9605439	551	article	True	BRCA gene mutations in cancer	Genetics	Biochemistry, Genetics and Molecular Biology	Life Sciences	BRCA gene mutations in cancer; Breast Cancer Treatment Studies; Cancer Genomics and Diagnostics	False	False	True	False	False
W4413101257	Spatial transcriptomic analysis of muscle biopsy from patients with treatment-naive juvenile dermatomyositis reveals mitochondrial abnormalities despite disease-related interferon-driven signature	2025-08-09	Aris E Syntakas, Melissa Kartawinata, Nia M.L. Evans, Huong Diem Nguyen, Charalampia Papadopoulou, Muthana Al Obaidi, Clarissa Pilkington, Yvonne Glackin, Christopher B. Mahony, Adam P. Croft, Simon D. Eaton, Mario Cortina‐Borja, Olumide Kayode Ogunbiyi, Ashirwad Merve, Lucy R. Wedderburn, Meredyth Grace Llewellyn Wilkinson	UCL Biomedical Research Centre, NIHR Great Ormond Street Hospital Biomedical Research Centre, NIHR Birmingham Biomedical Research Centre, University of Birmingham, National Institute for Health and Care Research, University College London, Great Ormond Street Hospital, Great Ormond Street Hospital for Children NHS Foundation Trust	Annals of the Rheumatic Diseases	https://doi.org/10.1016/j.ard.2025.07.015	7	article	True	Inflammatory Myopathies and Dermatomyositis	Epidemiology	Medicine	Health Sciences	Inflammatory Myopathies and Dermatomyositis; Systemic Sclerosis and Related Diseases; Muscle Physiology and Disorders	False	False	True	False	False
W7130830743	Distinct immune microenvironments in ovarian cancer subtypes indicate potential for immunotherapies	2026-02-21	Asger Meldgaard Frank, Elias Carlsson, Huaqiang Ouyang, Lina M. Olsson, Constantina Claudia Mateoiu, Sara Ek, Karin Sundfeldt, Anna Sandström Gerdtsson	Medicon Village, Sahlgrenska University Hospital, University of Gothenburg, Tianjin Medical University, Lund University, Tianjin Medical University Cancer Institute and Hospital	Journal of Translational Medicine	https://doi.org/10.1186/s12967-026-07879-8	2	article	True	Cancer Immunotherapy and Biomarkers	Oncology	Medicine	Health Sciences	Cancer Immunotherapy and Biomarkers; Ferroptosis and cancer prognosis; interferon and immune responses	False	False	True	False	False
W4400274142	CD163+ macrophages in mantle cell lymphoma induce activation of prosurvival pathways and immune suppression	2024-07-03	Joana M. Rodrigues, Lavanya Lokhande, Lina M. Olsson, May Hassan, Angelica Johansson, Anna Janská, Darshan Kumar, Lina Schmidt, Anna Nikkarinen, Peter Hollander, Ingrid Cecilia Glimelius, Anna Porwit, Anna Sandström Gerdtsson, Mats Jerkeman, Sara Ek	Herttoniemi Hospital, Lund University, Uppsala University	Blood Advances	https://doi.org/10.1182/bloodadvances.2023012039	7	article	True	Immune Cell Function and Interaction	Immunology	Immunology and Microbiology	Life Sciences	Immune Cell Function and Interaction; Immune cells in cancer; Immunotherapy and Immune Responses	False	False	True	False	False
W4415105678	Spatial transcriptomics and immunophenotyping uncover chronic inflammation-induced immune adaptations favoring dysplasia development in patients at risk of colitis-associated cancer	2025-10-01	Sofía Frigerio, Hina Naz Khan, Mojtaba Amini, Bregje Mol, Andra Neefjes‐Borst, Manon E. Wildenberg, Cyriel Y. Ponsioen, Geert D’Haens, Yvonne Vercoulen, Joep Grootjans	Oncode Institute, University Medical Center Utrecht, Amsterdam Gastroenterology Endocrinology Metabolism, Amsterdam University Medical Centers, University of Amsterdam, Utrecht University, Cancer Center Amsterdam	Journal of Crohn s and Colitis	https://doi.org/10.1093/ecco-jcc/jjaf184	8	article	True	Inflammatory Bowel Disease	Genetics	Biochemistry, Genetics and Molecular Biology	Life Sciences	Inflammatory Bowel Disease; Gut microbiota and health; Immune cells in cancer	False	False	True	False	False
W4392183632	A spatial proteomic study of platinum refractory HGSOC implicates dual AKT and WNT activity linked to an immunosuppressive tumor microenvironment	2024-02-20	Carly Bess Scalise, Kaitlyn Kincaid, Haley B. Thigpen, Jennah Moore, Bailee Dover, Lyse A. Norian, Selene Meza‐Perez, Troy D. Randall, Michael J. Birrer, Kunle O. Odunsi, Rebecca Christian Arend	Roswell Park Comprehensive Cancer Center, University of Arkansas for Medical Sciences, UAB Medicine, University of Alabama at Birmingham	Gynecologic Oncology	https://doi.org/10.1016/j.ygyno.2024.02.008	6	article	True	Ferroptosis and cancer prognosis	Pulmonary and Respiratory Medicine	Medicine	Health Sciences	Ferroptosis and cancer prognosis; Immunotherapy and Immune Responses; Immune cells in cancer	False	False	True	False	False
W4389029896	1887. Deep Spatial Characterization of Tertiary Lymphoid Structures in Pulmonary Tuberculosis Granulomas	2023-11-27	Emmanuel C. Ogbonna	Harvard University	Open Forum Infectious Diseases	https://doi.org/10.1093/ofid/ofad500.1715	3	article	True	Diagnosis and treatment of tuberculosis	Surgery	Medicine	Health Sciences	Diagnosis and treatment of tuberculosis; Tuberculosis Research and Epidemiology; Mycobacterium research and diagnosis	False	False	True	False	False
W4313236841	A single-cell atlas of glioblastoma evolution under therapy reveals cell-intrinsic and cell-extrinsic therapeutic targets	2022-12-20	Lin Wang, Jangham Jung, Husam A. Babikir, Karin Shamardani, Saket Jain, Xi Feng, Nalin M. Gupta, Susanna Rosi, Susan Chang, David Ronan Raleigh, David A. Solomon, Joanna J. Phillips, Aaron  A. Diaz	University of California, San Francisco	Nature Cancer	https://doi.org/10.1038/s43018-022-00475-x	364	article	True	Single-cell and spatial transcriptomics	Molecular Biology	Biochemistry, Genetics and Molecular Biology	Life Sciences	Single-cell and spatial transcriptomics; Glioma Diagnosis and Treatment; Immune cells in cancer	False	False	True	False	False
W4400146259	Molecular analysis of human tick-bitten skin yields signatures associated with distinct spatial and temporal trajectories - A proof-of-concept study	2024-06-29	Wenna Lee, Rym Ben-Othman, Patrycja Skut, Amy Huei‐Yi Lee, Amanda Iasmim Alves Barbosa, Miles H Beaman, Andrew J Currie, Nathan Tobias Harvey, Prasad Kumarasinghe, Roy A. Hall, James D. Potter, Stephen Graves, Nicholas P. West, Amanda J. Cox, Peter Irwin, Tobias R. Kollmann, Charlotte L. Oskam	The University of Western Australia, Griffith University, The University of Queensland, Barwon Health, The Kids Research Institute Australia, Simon Fraser University, Queen Elizabeth II Medical Centre, Pathwest Laboratory Medicine, Harry Butler Institute, Murdoch University, Coordenação de Aperfeicoamento de Pessoal de Nível Superior, Ministry of Education	Heliyon	https://doi.org/10.1016/j.heliyon.2024.e33600	4	article	True	Vector-borne infectious diseases	Parasitology	Immunology and Microbiology	Life Sciences	Vector-borne infectious diseases; Viral Infections and Vectors; Vector-Borne Animal Diseases	False	False	True	False	False
W4402170103	Spatial Transcriptomics Analysis: Maternal Obesity Impairs Myogenic Cell Migration and Differentiation during Embryonic Limb Development	2024-08-31	Yao Gao, Md Nazmul Hossain, Liang Zhao, Jeanene Marie de Avila, Nathan C. Law, Mei-Jun Zhu, Gordon K. Murdoch, ‬Min Du	Washington State University, Nanjing Agricultural University	International Journal of Molecular Sciences	https://doi.org/10.3390/ijms25179488	5	article	True	Muscle Physiology and Disorders	Molecular Biology	Biochemistry, Genetics and Molecular Biology	Life Sciences	Muscle Physiology and Disorders; Congenital heart defects research; Adipose Tissue and Metabolism	False	False	True	False	False
W4411380015	Progenitor Cell Dynamics in Androgenetic Alopecia: Insights from Spatially Resolved Transcriptomics	2025-06-17	Sasin Charoensuksira, Piyaporn Surinlert, Aungkana Krajarng, Thararat Nualsanit, Witchuda Payuhakrit, Pimchanok Panpinyaporn, Wilunplus Khumsri, Wilai Thanasarnaksorn, Atchima Suwanchinda, Suradej Hongeng, Saranyoo Ponnikorn	Thammasat University, Ramathibodi Hospital, Chulalongkorn University, Mahidol University	International Journal of Molecular Sciences	https://doi.org/10.3390/ijms26125792	5	article	True	RNA regulation and disease	Molecular Biology	Biochemistry, Genetics and Molecular Biology	Life Sciences	RNA regulation and disease; Hair Growth and Disorders; Immune Cell Function and Interaction	False	False	True	False	False
W4399893090	Quantification and Profiling of Early and Late Differentiation Stage T Cells in Mantle Cell Lymphoma Reveals Immunotherapeutic Targets in Subsets of Patients	2024-06-21	Lavanya Lokhande, Daniel Nilsson, Joana de Matos Rodrigues, May Hassan, Lina M. Olsson, Paul Theodor Pyl, Louella J. Vasquez, Anna Porwit, Anna Sandström Gerdtsson, Mats Jerkeman, Sara Ek	National Bioinformatics Infrastructure Sweden, Science for Life Laboratory, Lund University	Cancers	https://doi.org/10.3390/cancers16132289	6	article	True	CAR-T cell therapy research	Oncology	Medicine	Health Sciences	CAR-T cell therapy research; Cancer Immunotherapy and Biomarkers; T-cell and B-cell Immunology	False	False	True	False	False
W4400968040	Decoding the muscle transcriptome of patients with late-onset Pompe disease reveals markers of disease progression	2024-07-22	Alexandra Monceau, Rasya Gokul Nath, Xavier Suárez‐Calvet, Olimpia Musumeci, António Toscano, Biruta Kierdaszuk, Anna Kostera‐Pruszczyk, Cristina Domínguez‐González, Aurelio Hernández‐Laín, Carmen Paradas, Eloy Rivas, George K. Papadimas, Constantinos Hristou Papadopoulos, Margarita Chrysanthou‐Piterou, Eduard Gallardo, Montse Olivé, James B Lilleker, Mark Roberts, Doménica Marchese, Giulia Lunazzi, Holger Heyn, Esther Fernández‐Simón, Elisa Villalobos, James E. Clark, Panos Katsikis, Catherine Collins, Priyanka Mehra, Zoe Laidler, Amy E. Vincent, Giorgio A. Tasca, Chiara Marini‐Bettolo, Michela Guglieri, Volker W. Straub, Nina Raben, Jordi Díaz‐Manera	Barcelona Institute of Science and Technology, Manchester Academic Health Science Centre, Biomedical Research Networking Center on Neurodegenerative Diseases, Centre for Biomedical Network Research on Rare Diseases, National and Kapodistrian University of Athens, National Institutes of Health, Hospital Universitario Virgen del Rocío, Newcastle University, National Heart, Lung, and Blood Institute, University of Messina, Centre for Genomic Regulation, Research Institute Hospital 12 de Octubre, Medical University of Warsaw, Instituto de Biomedicina de Sevilla, Hospital Universitario 12 De Octubre, Universidad de Sevilla, Wellcome Centre for Mitochondrial Research, Eginition Hospital, University of Manchester, Northern Care Alliance NHS Foundation Trust, Universitat Pompeu Fabra, Instituto de Salud Carlos III, Hospital de Sant Pau	Brain	https://doi.org/10.1093/brain/awae249	8	article	True	Lysosomal Storage Disorders Research	Physiology	Medicine	Health Sciences	Lysosomal Storage Disorders Research; Biochemical and Molecular Research; Glycogen Storage Diseases and Myoclonus	False	False	True	False	False
W4411045256	Spatial Transcriptomics Shows a Distinctive Tumour Microenvironment in the Invasive Versus Premalignant Portion of Early Cutaneous Squamous Cell Carcinoma	2025-06-01	Jeong‐An Gim, Chungyeul Kim, Hyongmin Oh, Ko Eun Kim, Jiehyun Jeon, Aeree Kim, Yoo Sang Baek	Soonchunhyang University, Korea University Guro Hospital, Korea University Medical Center, Korea University	Experimental Dermatology	https://doi.org/10.1111/exd.70125	5	article	True	Immunotherapy and Immune Responses	Immunology	Immunology and Microbiology	Life Sciences	Immunotherapy and Immune Responses; Nonmelanoma Skin Cancer Studies; Cancer Immunotherapy and Biomarkers	False	False	True	False	False
W4410208402	Identification of Prognostic Biomarkers of Ovarian High-Grade Serous Carcinoma: A Preliminary Study Using Spatial Transcriptome Analysis and Multispectral Imaging	2025-05-08	Haeyoun Kang, Je‐Gun Joung, Hyun Park, Min Chul Choi, Doohyun Koh, Ju-Yeon Jeong, Jimin Lee, Sook-Young Kim, Daun Jung, Sohyun Hwang, Hee Jung An	CHA Future Medicine Research Institute, Asan Medical Center, CHA University, CHA University Bundang Medical Center, University of Ulsan	Cells	https://doi.org/10.3390/cells14100681	4	article	True	Immune cells in cancer	Immunology	Immunology and Microbiology	Life Sciences	Immune cells in cancer; Cancer Immunotherapy and Biomarkers; interferon and immune responses	False	False	True	False	False
W4406110503	Linking tumor immune infiltration to enhanced longevity in recurrence-free breast cancer	2025-01-01	Laura Angelats, Laia Paré, Carlota Rubio-Pérez, Esther Sanfeliu, A. González, Elia Seguí, Guillermo Javierre Villacampa, Mercedes Marín‐Aguilera, Sònia Pernas, Bruno Conte, Víctor Albarrán, Olga Martínez‐Sáez, Andrew J. Aguirre, P. Galván, Aranzazu Fernández-Martínez, Sandra Cobo, M. Rey, Anabel Martínez-Romero, Benjamín Walbaum G., Francesco Schettini, María Vidal, William J. Buckingham, Montserrat Muñoz-Mateu, B. Adamo, Yuri Agrawal, Sònia Guedan, Tomás Pascual, Judith Agudo, Marta Grzelak, Nicholas C. Borcherding, Holger Heyn, Ana P. Vivancos, J.S Parker, Patricia Villagrasa, Charles M. Perou, Aleix Prat, Fara Brasó‐Maristany	Universitat de Barcelona, Vall d'Hebron Institute of Oncology, Dana-Farber Cancer Institute, UNC Lineberger Comprehensive Cancer Center, Institut d'Investigació Biomédica de Bellvitge, University of North Carolina at Chapel Hill, Dana-Farber/Harvard Cancer Center, Consorci Institut D'Investigacions Biomediques August Pi I Sunyer, Harvard University, Hospital Clínic de Barcelona, New York Stem Cell Foundation, Hospital Quirónsalud Barcelona, Institut Català d'Oncologia	ESMO Open	https://doi.org/10.1016/j.esmoop.2024.104109	8	article	True	Cancer Immunotherapy and Biomarkers	Oncology	Medicine	Health Sciences	Cancer Immunotherapy and Biomarkers; Single-cell and spatial transcriptomics; Ferroptosis and cancer prognosis	False	False	True	False	False
W4288447807	Single-nucleus and spatial transcriptome profiling of pancreatic cancer identifies multicellular dynamics associated with neoadjuvant treatment	2022-07-28	William L. Hwang, Karthik A. Jagadeesh, Jimmy A. Guo, Hannah I. Hoffman, Payman Yadollahpour, Jason Reeves, Rahul R. Mohan, Eugene Drokhlyansky, Nicholas Van Wittenberghe, Orr Ashenberg, Samouil L. Farhi, Denis Schapiro, Prajan Divakar, Eric M. Miller, Daniel R. Zollinger, George M. Eng, Jason M. Schenkel, Jennifer J. Su, Carina Shiau, Patrick Z. Yu, William A. Freed-Pastor, Domenic Abbondanza, Arnav Mehta, Joshua Gould, Conner D. Lambden, Caroline B. M. Porter, Alexander M. Tsankov, Danielle A. Dionne, Julia Waldman, Michael S. Cuoco, LAN THI HOANG NGUYEN, Toni Marie Delorey, Devan Phillips, Jaimie Lynn Barth, Marina Kem, Clifton Rodrigues, Debora Ciprani, Jorge Roldán, Piotr J. Zelga, Vjola Jorgji, Jonathan H. Chen, Zackery A. Ely, Daniel Yan Zhao, Kit A. Fuhrman, Robin Fropf, Joseph Beechem, Jay S. Loeffler, David P. Ryan, Colin D. Weekes, Cristina Rosa Ferrone, Motaz Qadan, Martin J. Aryee, Rakesh K. Jain, Donna S Neuberg, Jennifer Yon-Li Wo, Theodore Sunki Hong, Ramnik J. Xavier, Andrew J. Aguirre, Orit Rozenblatt–Rosen, Mari A. Mino-Kenudson, Carlos F. Fernandez-del Castillo, Andrew Scott Liss, David Tsai Ting, Tyler Jacks, Aviv Regev	New York Medical College, Massachusetts Institute of Technology, Koch Institute for Integrative Cancer Research At MIT, Center for Systems Biology, Dana-Farber Cancer Institute, Heidelberg University, Nanostring Technologies (United States), Harvard University, Broad Institute, Brigham and Women's Hospital, Genentech, Massachusetts General Hospital, University Hospital Heidelberg, University of California, San Francisco	Nature Genetics	https://doi.org/10.1038/s41588-022-01134-8	438	article	True	Pancreatic and Hepatic Oncology Research	Oncology	Medicine	Health Sciences	Pancreatic and Hepatic Oncology Research; Single-cell and spatial transcriptomics; Cancer Genomics and Diagnostics	False	False	True	False	False
W3134382826	Inter- and intra-tumor heterogeneity of metastatic prostate cancer determined by digital spatial gene expression profiling	2021-03-03	Lauren Brady, Michelle Kriner, Ilsa M. Coleman, Colm M. Morrissey, Martine P. Roudier, Lawrence D. True, Roman Gulati, Stephen R. Plymate, Zoey Zhou, Brian Birditt, Rhonda K. Meredith, Gary K. Geiss, Margaret L. Hoang, Joseph Beechem, Peter S. Nelson	Nanostring Technologies (United States), Fred Hutch Cancer Center, University of Washington	Nature Communications	https://doi.org/10.1038/s41467-021-21615-4	308	article	True	Prostate Cancer Treatment and Research	Pulmonary and Respiratory Medicine	Medicine	Health Sciences	Prostate Cancer Treatment and Research; Cancer Immunotherapy and Biomarkers; Immunotherapy and Immune Responses	False	False	True	False	False
W7126039765	Spatial profiling of the metabolism-immune axis in ovarian cancer	2026-01-29	Zhi-Bin Wang, Minghui Long, Ping Yu, Yali Wang, Zheng Yang, Ma-Sha Huang	Shanghai Jiao Tong University, Henan Medical University, Hunan Cancer Hospital, Central South University, Ruijin Hospital	Frontiers in Pharmacology	https://doi.org/10.3389/fphar.2025.1672020	5	article	True	Immune cells in cancer	Immunology	Immunology and Microbiology	Life Sciences	Immune cells in cancer; Cancer, Hypoxia, and Metabolism; Ferroptosis and cancer prognosis	False	False	True	False	False
W4411058095	Multi-omic spatial profiling reveals the unique SARS-CoV-2 lung microenvironment and collagen VI as a predictive biomarker in severe COVID-19	2025-06-05	Éanna Fennell, Graham S. Taylor, Ciara I. Leahy, Aisling M. Ross, Gary M. Reynolds, Tracey Perry, Esther Youd, Jacob Skidmore, Radwan Darwish, Kelly J. Hunter, Benjamin E. Willcox, Philip M. Jermann, Chowdhury Arif Jahangir, Arman Rahman, William M. Gallagher, Nadezhda Nikulina, Bassem Ben Cheikh, Oliver Braubach, Aaron T. Mayer, Lawrence S. Young, Dimitris K Grammatopoulos, Sian Elizabeth Faustini, Alex G Richter, Alexander C. Dowell, Tonny Venith, Onn Shaun Thein, Dhruv Parekh, Kylie B. R. Belchamber, DAVID R. THICKETT, Aaron Scott, Richard L. Attanoos, Lucia Mundo, Stefano Lazzi, Lorenzo Leoncini, Gareth Leopold, Neil Matthew Steven, Jannie Marie Bülow Sand, M.A. Karsdal, Diana Julie Leeming, Stefan D. Dojcinov, Aedín C. Culhane, Paul Gerard Murray, Matthew Pugh	University of Siena, University Hospital of Wales, University of Glasgow, Justus-Liebig-Universität Gießen, University of Warwick, Dana-Farber Cancer Institute, University of Birmingham, University College Dublin, Akoya Biosciences (United States), University Hospital of Basel, Queen Elizabeth Hospital Birmingham, Swansea Bay University Health Board, Nordic Bioscience (Denmark), Harvard University, Royal College of Surgeons in Ireland - Bahrain, University of Basel, University of Limerick	European Respiratory Journal	https://doi.org/10.1183/13993003.01699-2023	5	article	True	COVID-19 Clinical Research Studies	Infectious Diseases	Medicine	Health Sciences	COVID-19 Clinical Research Studies; Long-Term Effects of COVID-19; Single-cell and spatial transcriptomics	False	False	True	False	False
W4414307966	Spatial transcriptomic analysis reveals lack of response to PD-1 blockade in recurrent glioblastoma	2025-09-17	Sara Blaabjerg Artzi, Marc Nihøj Klausen, Dylan Scott Lykke Harwood, Signe Regner Michaelsen, Simone Bendix Maarup, Alessio Locallo, Vincent Fougner, Nicolai Schou Bager, Nadine Margaretha Hammouda, Dorte Schou Nørøxe, Benedikte Hasselbalch, Ulrik Lassen, Joachim Weischenfeldt, Bjarne Winther Kristensen	University of Copenhagen, Rigshospitalet, Copenhagen University Hospital	Acta Neuropathologica	https://doi.org/10.1007/s00401-025-02937-9	5	article	True	Glioma Diagnosis and Treatment	Genetics	Medicine	Health Sciences	Glioma Diagnosis and Treatment; Immune cells in cancer; Cancer Immunotherapy and Biomarkers	False	False	True	False	False
W4317434093	Multiplexed 3D atlas of state transitions and immune interaction in colorectal cancer	2023-01-01	Jia‐Ren Lin, Shu Wang, Shannon Coy, Yu‐An Chen, Clarence Yapp, Madison Tyler, Maulik K. Nariya, Cody N. Heiser, Ken S. Lau, Sandro Santagata, Peter Karl Sorger	Harvard University, Brigham and Women's Hospital, Vanderbilt University	Cell	https://doi.org/10.1016/j.cell.2022.12.028	310	article	True	Single-cell and spatial transcriptomics	Molecular Biology	Biochemistry, Genetics and Molecular Biology	Life Sciences	Single-cell and spatial transcriptomics; Cell Image Analysis Techniques; Cancer Cells and Metastasis	False	False	True	False	False
W7117129521	Cardiac sarcoidosis: new insights beyond the granuloma using spatial proteomics	2025-12-17	Eliot G. Peyster, D. Robertson Smith, Therese Bittermann, Paco Eduardo Bravo, Kenneth B. Margulies	Children's Hospital of Philadelphia, University of Pennsylvania, The University of Queensland, Wesley Hospital, Wesley Research Institute	European Heart Journal	https://doi.org/10.1093/eurheartj/ehaf990	6	article	True	Sarcoidosis and Beryllium Toxicity Research	Physiology	Medicine	Health Sciences	Sarcoidosis and Beryllium Toxicity Research; Studies on Chitinases and Chitosanases; Advanced Proteomics Techniques and Applications	False	False	True	False	False
W4400040053	Long-Term Follow-up of Levonorgestrel Intrauterine Device for Atypical Hyperplasia and Early Endometrial Cancer Reveals Relapse Characterized by Immune Exhaustion	2024-06-26	Mikayla Borthwick Bowen, Brenda Melendez, Qian Zhang, Richard Kenneth Yang, Bryan M. Fellman, Barrett Craig Lawson, Naomi N. Adjei, Joseph Celestino, Khalida Wani, Bhavana Pendurthi Singh, Diana L. Urbauer, Alexander J. Lazar, Karen H. Lu, Jennifer Ann Wargo, Shannon Neville Westin, Melinda S. Yates	University of North Carolina at Chapel Hill, The University of Texas MD Anderson Cancer Center	Clinical Cancer Research	https://doi.org/10.1158/1078-0432.ccr-24-0362	8	article	True	Endometrial and Cervical Cancer Treatments	Obstetrics and Gynecology	Medicine	Health Sciences	Endometrial and Cervical Cancer Treatments; Reproductive System and Pregnancy; Gynecological conditions and treatments	False	False	True	False	False
W4410822831	Digital spatial profiling of advanced solid tumors and lymphomas from a phase 1 trial of copanlisib and nivolumab.	2025-05-28	Sayak Ghatak, Lindsay M. Dutko, Kaci Paulus, Mary Jane Ong, Peter Wu, Christina Rosenberger, Li Chen, Parimal Kumar, Biswajit Das, Geraldine O’Sullivan Coyne, Barry C. Johnson, Jibran Ahmed, Alice P. Chen, Chris Karlovich	National Cancer Institute, Leidos Biomedical Research Inc. (United States), National Institutes of Health, Frederick National Laboratory for Cancer Research	Journal of Clinical Oncology	https://doi.org/10.1200/jco.2025.43.16_suppl.3127	1	conference-abstract	True	Radiomics and Machine Learning in Medical Imaging	Radiology, Nuclear Medicine and Imaging	Medicine	Health Sciences	Radiomics and Machine Learning in Medical Imaging; Cancer Genomics and Diagnostics; Colorectal Cancer Treatments and Studies	False	False	True	False	False
W4402992641	Transcriptomic and proteomic spatial profiling of pediatric and adult diffuse midline glioma H3 K27-Altered	2024-09-30	Sudarshawn N. Damodharan, Jack M. Shireman, Elliot Xie, Elisabeth Distler, Christina M. Kendziorski, Mahua Dey	University of Wisconsin Carbone Cancer Center, University of Chicago, University of Wisconsin–Madison	Scientific Reports	https://doi.org/10.1038/s41598-024-73199-w	4	article	True	Glioma Diagnosis and Treatment	Genetics	Medicine	Health Sciences	Glioma Diagnosis and Treatment; interferon and immune responses; Ferroptosis and cancer prognosis	False	False	True	False	False
W4409625750	Abstract 1880: Advancing spatial discovery multiomics: Integration of a novel 1,000+ plex discovery proteome atlas with an 18,000+ plex whole transcriptome atlas for same-slide investigation of multiple cancer pathologies	2025-04-21	Ashley Heck, Hiromi Sato, Christine Kang, Brian Filanoski, Lori Hamanashi, Giang T. Ong, Terence C. Theisen, Erin Piazza, Kyla Teplitz, Margaret L. Hoang, Michael D. Rhodes, Joseph Beechem		Cancer Research	https://doi.org/10.1158/1538-7445.am2025-1880	1	conference-abstract	False	Advanced Biosensing Techniques and Applications	Molecular Biology	Biochemistry, Genetics and Molecular Biology	Life Sciences	Advanced Biosensing Techniques and Applications; Gene expression and cancer classification; Bioinformatics and Genomic Networks	False	False	True	False	False
W4407875269	Molecular and immunological features associated with long-term benefits in metastatic NSCLC patients undergoing immune checkpoint blockade	2025-02-24	Pedro Rocha, Rafael Bach, Laura Masfarré, Sharia D. Hernandez, Nil Navarro-Gorro, Adrià Rossell, Xavier Villanueva, Mario Giner, Ignacio Sánchez, Miguel Alejandro Galindo-Campos, Raúl Del Rey-Vergara, Albert Iñañez, Beatriz Sánchez‐Espiridión, Wei Lü, Ariadna Acedo-Terrades, Pau Berenguer‐Molins, Albert Sánchez‐Font, Roberto Chalela, Víctor Curull, Álvaro Taus, Max Hardy-Werbin, Mark Sausen, Andrew P. Georgiadis, James Robert White, Jennifer Jackson, Laura Moliner, Sergi Clavé, Beatríz Bellosillo, Ana Maria Rovira, Ignacio Ivan Wistuba, Luisa M. Solis Soto, Júlia Perera‐Bel, Edurne Arriola	Institut Català d'Ornitologia, Centro de Investigación Biomédica en Red de Cáncer, Hospital del Mar Research Institute, The University of Texas MD Anderson Cancer Center, Hospital Del Mar, LabCorp (United States), Institut Català d'Oncologia	OncoImmunology	https://doi.org/10.1080/2162402x.2025.2469377	8	article	True	Cancer Immunotherapy and Biomarkers	Oncology	Medicine	Health Sciences	Cancer Immunotherapy and Biomarkers; Lung Cancer Research Studies; Ferroptosis and cancer prognosis	False	False	True	False	False
W4407737294	Spatial organization of B lymphocytes and prognosis prediction in patients with gastric cancer	2025-02-19	Ryan Yong Kiat Tay, Manavi Sachdeva, Haoran Ma, Young‐Woo Kim, Myeong‐Cherl Kook, Hyunki Kim, Jae‐Ho Cheong, Lindsay C. Hewitt, Katharina Nekolla, Günter Schmidt, Takaki Yoshikawa, Takashi Oshima, Tomio Arai, Supriya Srivastava, Ming Teh, Xuewen Ong, Su Ting Tay, Taotao Sheng, Joseph Jonathan Zhao, Patrick Tan, Heike Irmgard Grabsch, Raghav Sundar	National Cancer Center, SingHealth Duke-NUS Academic Medical Centre, Yonsei University, Yonsei University Health System, National Cancer Center Hospital, National University Cancer Institute, Singapore, Maastricht University Medical Centre, Kanagawa Cancer Center, University of Leeds, Yokohama City University, National University Hospital, National University of Singapore, SingHealth, Maastricht University, Duke-NUS Medical School, AstraZeneca (Germany), Tokyo Metropolitan Institute of Gerontology, Tokyo Metropolitan Komagome Hospital, National Cancer Centre Singapore, Agency for Science, Technology and Research, Genome Institute of Singapore, National Heart Centre Singapore, Cancer Science Institute of Singapore	Gastric Cancer	https://doi.org/10.1007/s10120-025-01593-y	5	article	True	Cancer Immunotherapy and Biomarkers	Oncology	Medicine	Health Sciences	Cancer Immunotherapy and Biomarkers; Inflammatory Biomarkers in Disease Prognosis; Immunotherapy and Immune Responses	False	False	True	False	False
W4407408572	Spatially distinct cellular and molecular landscapes define prognosis in triple negative breast cancer	2025-02-12	Kavitha Mukund, Darya Veraksa, David E. Frankhouser, Lixin Yang, Jerneja Tomšič, Raju K. Pillai, Srijan Atti, Zahra Mesrizadeh, Daniel B. Schmolze, Xiao‐Cheng Wu, Mary-Anne LeBlanc, Lucio Miele, Augusto C. Ochoa, Victoria L. Seewaldt, Shankar Subramaniam	University of California San Diego, Louisiana State University Health Sciences Center New Orleans, Louisiana State University, City Of Hope National Medical Center, City of Hope	bioRxiv (Cold Spring Harbor Laboratory)	https://doi.org/10.1101/2025.02.10.637503	5	preprint	True	Single-cell and spatial transcriptomics	Molecular Biology	Biochemistry, Genetics and Molecular Biology	Life Sciences	Single-cell and spatial transcriptomics; Cancer Immunotherapy and Biomarkers; Ferroptosis and cancer prognosis	False	False	True	False	False
W4404280932	Spatial Transcriptomics Reveals Inflammation and Trans-differentiation States of Acute Myeloid Leukemia in Extramedullary and Medullary Tissues	2024-11-12	Enes Dasdemir, Ivo Veletić, Christopher P. Ly, Andres Ernesto Quesada, Christopher D. Pacheco, Fatima Zahra Jelloul, Pamela Borges, Sreyashi Basu, Sonali Jindal, Zhiqiang Wang, Alexander J. Lazar, Khalida M. Wani, Dinler A. Antunes, Patrick Kevin Reville, Preethi H. Gunaratne, Robert J. Tower, Padmanee Sharma, Hussein A. Abbas	University of Houston, The University of Texas Southwestern Medical Center, The University of Texas MD Anderson Cancer Center	bioRxiv (Cold Spring Harbor Laboratory)	https://doi.org/10.1101/2024.11.11.622999	3	preprint	False	Acute Myeloid Leukemia Research	Hematology	Medicine	Health Sciences	Acute Myeloid Leukemia Research; Bone and Joint Diseases	False	False	True	False	False
W4403555474	Immunoproteomics Reveal Different Characteristics for the Prognostic Markers of Intratumoral-Infiltrating CD3+ T Lymphocytes and Immunoscore in Colorectal Cancer	2024-10-19	Saiyan Ji, Huanying Fang, Jingjie Guan, Kun He, Qingyuan Yang	Shandong First Medical University, Shanghai Jiao Tong University, Shanghai Ninth People's Hospital	Laboratory Investigation	https://doi.org/10.1016/j.labinv.2024.102159	5	article	True	Cancer Immunotherapy and Biomarkers	Oncology	Medicine	Health Sciences	Cancer Immunotherapy and Biomarkers; Immunotherapy and Immune Responses; Immune Cell Function and Interaction	False	False	True	False	False
W4393089338	Abstract 3652: Spatial transcriptomic study of the tumor microenvironment in HNSCC	2024-03-22	Caitlin Schroyer, Shanshan Zhou	LabCorp (United States)	Cancer Research	https://doi.org/10.1158/1538-7445.am2024-3652	1	conference-abstract	False	Radiomics and Machine Learning in Medical Imaging	Radiology, Nuclear Medicine and Imaging	Medicine	Health Sciences	Radiomics and Machine Learning in Medical Imaging; Cancer Research and Treatments; Cancer Genomics and Diagnostics	False	False	True	False	False
W4225563096	The Spatial Landscape of Progression and Immunoediting in Primary Melanoma at Single-Cell Resolution	2022-04-04	Ajit J. Nirmal, Zoltan Maliga, Tuulia Vallius, Brian Quattrochi, Alyce A. Chen, Connor A. Jacobson, Roxanne J. Pelletier, Clarence Yapp, Raquel Arias-Camison, Yu‐An Chen, Christine Guo Lian, Gëorge F. Murphy, Sandro Santagata, Peter Karl Sorger	Dana-Farber Cancer Institute, Harvard University, Brigham and Women's Hospital	Cancer Discovery	https://doi.org/10.1158/2159-8290.cd-21-1357	231	article	True	Cutaneous Melanoma Detection and Management	Oncology	Medicine	Health Sciences	Cutaneous Melanoma Detection and Management; Melanoma and MAPK Pathways; Cancer Immunotherapy and Biomarkers	False	False	True	False	False
W4285984603	824 Spatial transcriptomic analysis of HS skin lesions reveals that tunnels are immunologically active and activity correlates with disease severity	2022-07-20	Carolyn Dunlap, C. Li, John W. Frew, J. Guo, Israel F. Charo, Tom Schall, Kathleen M. C. Sullivan	Nanostring Technologies (United States), UNSW Sydney, ChemoCentryx (United States)	Journal of Investigative Dermatology	https://doi.org/10.1016/j.jid.2022.05.838	1	article	True	Hidradenitis Suppurativa and Treatments	Dermatology	Medicine	Health Sciences	Hidradenitis Suppurativa and Treatments; Colorectal and Anal Carcinomas; Inflammasome and immune disorders	False	False	True	False	False
W4397044202	Spatial Transcriptomic Analysis Reveals Altered Gene Expression in Glomerular Parietal Epithelial Cells Following Tubular Injury	2023-11-01	Haichun Yang, Jianyong Zhong, Shilin Zhao, Angela R.S. Kruse, Morad C. Malek, Jeffrey M. Spraggins, Agnes B. Fogo	Vanderbilt University Medical Center, Vanderbilt University	Journal of the American Society of Nephrology	https://doi.org/10.1681/asn.20233411s1315c	1	conference-abstract	False	Chronic Kidney Disease and Diabetes	Nephrology	Medicine	Health Sciences	Chronic Kidney Disease and Diabetes	False	False	True	False	False
W4385738263	Spatial Transcriptomic Analysis of Focal and Normal Areas of Myocyte Disarray in Human Hypertrophic Cardiomyopathy	2023-08-10	Jason Laird, Gayani Perera, Rebecca Batorsky, Hongjie Wang, Knarik Arkun, Michael T. Chin	Tufts University, Tufts Medical Center	International Journal of Molecular Sciences	https://doi.org/10.3390/ijms241612625	8	article	True	Cardiomyopathy and Myosin Studies	Cardiology and Cardiovascular Medicine	Medicine	Health Sciences	Cardiomyopathy and Myosin Studies; Single-cell and spatial transcriptomics; Congenital heart defects research	False	False	True	False	False
W4390191672	Investigating neuronal senescence marker, p19INK4d, in mouse and human brains	2023-12-01	Hannah R. Hudson, Timothy C. Orr, Miranda E. Orr	Wake Forest University, Wake Forest University Health Sciences	Alzheimer s & Dementia	https://doi.org/10.1002/alz.082962	2	article	True	Telomeres, Telomerase, and Senescence	Physiology	Medicine	Health Sciences	Telomeres, Telomerase, and Senescence; Genetics and Neurodevelopmental Disorders; CCD and CMOS Imaging Sensors	False	False	True	False	False
W4405511626	Initial regional cytoarchitectonic differences in dorsal and orbitobasal human developing frontal cortex revealed by spatial transcriptomics	2024-12-18	Janja Kopić, Parthiv Haldipur, Kathleen J. Millen, Ivica Kostović, Jure Krasić, Željka Krsnik	University of Zagreb, Hrvatski institut za istraživanje mozga, Seattle Children's Research Institute	Brain Structure and Function	https://doi.org/10.1007/s00429-024-02865-6	4	article	False	Single-cell and spatial transcriptomics	Molecular Biology	Biochemistry, Genetics and Molecular Biology	Life Sciences	Single-cell and spatial transcriptomics; MicroRNA in disease regulation; RNA Research and Splicing	False	False	True	False	False
W3083207509	Abstract 5607: Broad acting glutamine antagonism remodels the tumor microenvironment, induces distinctive immune modulation, and synergizes with immune checkpoint blockade	2020-08-15	Yumi Yokoyama, Robert A. Wild		Cancer Research	https://doi.org/10.1158/1538-7445.am2020-5607	3	conference-abstract	False	Cancer, Hypoxia, and Metabolism	Cancer Research	Biochemistry, Genetics and Molecular Biology	Life Sciences	Cancer, Hypoxia, and Metabolism; Immune cells in cancer; Cancer Research and Treatments	False	False	True	False	False
W7117326805	Spatially resolved transcriptomics/proteomics identifies increased inflammatory response in Alzheimer's disease patients with Cerebral Amyloid Angiopathy	2025-12-01	Juan E Maldonado Weng, Harun Najib Noristani, Carmen E Schuldt, Pascale N. Lacor	Eli Lilly (United States)	Alzheimer s & Dementia	https://doi.org/10.1002/alz70856_103597	1	article	True	Alzheimer's disease research and treatments	Physiology	Medicine	Health Sciences	Alzheimer's disease research and treatments; Intracerebral and Subarachnoid Hemorrhage Research; Neuroinflammation and Neurodegeneration Mechanisms	False	False	True	False	False
W2091130503	Modeling and performance evaluation of the sleep mode in the IEEE 802.16e wireless networks with self-similar traffic	2009-08-01	Zhanqiang Huo, Shunfu Jin, Naishuo Tian, Yan Wang	Hebei University of Technology, Yanshan University	中国邮电高校学报：英文版	https://doi.org/10.1016/s1005-8885(08)60245-9	3	article	False	Green IT and Sustainability	Electrical and Electronic Engineering	Engineering	Physical Sciences	Green IT and Sustainability; Advanced Wireless Network Optimization; Advanced MIMO Systems Optimization	False	False	True	False	False
W7117757130	Mechanistic insights from transcript analysis of long-term pig to non-human primate kidney xenografts	2025-12-31	Ivy A. Rosales, Alessia Giarraputo, Claire Trivin-Avillach, Ahmad Karadagi, Christina M. Laguerre, Toru Goto, Jeremy Marcin, Nicole Lauren Brousaides, Tatsuo Kawai, Robert B. Colvin	Massachusetts General Hospital, Harvard University	Kidney International	https://doi.org/10.1016/j.kint.2025.11.018	5	article	False	Xenotransplantation and immune response	Surgery	Medicine	Health Sciences	Xenotransplantation and immune response; Renal and related cancers; Organ Transplantation Techniques and Outcomes	False	False	True	False	False
W3133845106	Shotgun transcriptome, spatial omics, and isothermal profiling of SARS-CoV-2 infection reveals unique host responses, viral diversification, and drug interactions	2021-03-12	Daniel Butler, Christopher Mozsary, Cem Meydan, Jonathan Foox, Joel A. Rosiene, Alon Shaiber, David Danko, Ebrahim Afshinnekoo, Matthew J. MacKay, Fritz Joachim Sedlazeck, Nikolay A. Ivanov, Maria A. Sierra, Diana Pohle, Michael Zietz, Undina Gisladottir, Vijendra Ramlall, Evan Sholle, Edward James Schenck, Craig D. Westover, Ciaran Hassan, Krista A. Ryon, Benjamin Young, Chandrima Bhattacharya, Dianna L. Ng, Andrea C. Granados, Yale A. Santos, Venice Servellita, Scot Federman, Phyllis Ruggiero, Arkarachai Fungtammasan, Chen-Shan Chin, Nathaniel Michael Pearson, Bradley W. Langhorst, Nathan A. Tanner, Youngmi Kim, Jason Reeves, TYLER D. HETHER, Sarah E. Warren, Michael D. Bailey, Justyna Gawrys, Dmitry Meleshko, Dong Xu, Mara Couto-Rodriguez, Dorottya Nagy‐Szakal, Joseph Barrows, Heather Wells, Niamh Breda O'Hara, Jeffrey Rosenfeld, Ying Chen, Peter A.D. Steel, Amos J. Shemesh, Jenny Xiang, Jean Thierry‐Mieg, Danielle Thierry‐Mieg, Angelika Iftner, Daniela Bezdan, Elizabeth Sánchez, Thomas R. Campion, John D. Sipley, Lin William Cong, Arryn R. Craney, Priya Velu, Ari M. Melnick, Sagi D. Shapira, Iman Hajirasouliha, Alain Borczuk, Thomas Iftner, Mirella Salvatore, Massimo F. Loda, Lars F. Westblade, Melissa M. Cushing, Shixiu Wu, Shawn Levy, Charles Y. Chiu, Robert E. Schwartz, Nicholas P. Tatonetti, Hanna Rennert, Marcin B. Imielinski, Christopher E. Mason	DNAnexus (United States), Rutgers Cancer Institute, Columbia University Irving Medical Center, Baylor College of Medicine, Hangzhou Cancer Hospital, SUNY Downstate Health Sciences University, Rutgers, The State University of New Jersey, Nanostring Technologies (United States), University of Tübingen, New York Genome Center, Universitätsklinikum Tübingen, National Institutes of Health, Weill Cornell Medicine, New England Biolabs (United States), National Center for Biotechnology Information, HudsonAlpha Institute for Biotechnology, Columbia University, University of California, San Francisco	Nature Communications	https://doi.org/10.1038/s41467-021-21361-7	191	article	True	SARS-CoV-2 and COVID-19 Research	Infectious Diseases	Medicine	Health Sciences	SARS-CoV-2 and COVID-19 Research; COVID-19 Clinical Research Studies; SARS-CoV-2 detection and testing	False	False	True	False	False
W4392683098	Spatially conserved pathoprotein profiling in the human suprachiasmatic nucleus in progressive Alzheimer disease stages	2024-03-12	Gowoon Son, Mihovil Mladinov, Felipe Luiz Pereira, Song Hua Li, Chia‐Ling Tu, Grace Judge, Yumi Yang, Cláudia Kimie Suemoto, Renata Elaine Paraízo Leite, Vítor Ribeiro Paes, Carlos Augusto Pasqualucci, Wilson Jacob Filho, Salvatore Spina, William W. Seeley, Wenhan Chang, Thomas C. Neylan, Lea T. Grinberg	San Francisco VA Medical Center, Universidade de São Paulo, University of California, San Francisco	bioRxiv (Cold Spring Harbor Laboratory)	https://doi.org/10.1101/2024.03.07.584000	5	preprint	True	Circadian rhythm and melatonin	Endocrine and Autonomic Systems	Neuroscience	Life Sciences	Circadian rhythm and melatonin; Tryptophan and brain disorders; Stress Responses and Cortisol	False	False	True	False	False
W4410935434	Single-cell and spatial transcriptome profiling identifies cellular heterogeneity and immunosuppressive tumor microenvironment in inflammatory breast cancer	2025-06-01	Xueni Sun, Jing Xia, Haiyang Jiang, Ting Duan, Chunli Zhang, Qinyi Li, Zuyi Yang, Ruonan Zhang, Xia Ding, Xidong Gu, Xiaohong Xie, Tian Xie, Xinbing Sui	Hangzhou Normal University, Beijing University of Chinese Medicine, Zhejiang Chinese Medical University	Journal of Advanced Research	https://doi.org/10.1016/j.jare.2025.05.061	8	article	True	Single-cell and spatial transcriptomics	Molecular Biology	Biochemistry, Genetics and Molecular Biology	Life Sciences	Single-cell and spatial transcriptomics; Cancer Immunotherapy and Biomarkers; Ferroptosis and cancer prognosis	False	False	True	False	False
W4392765054	Potential Role of Lymphocyte CD44 in Determining Treatment Selection Between Stereotactic Body Radiation Therapy and Surgery for Early-Stage Non-Small Cell Lung Cancer	2024-03-05	Weiwei Yan, Ziyuan Ren, Xi Chen, Ran Zhang, Juncai Lv, Vivek Verma, Meng Wu, Dawei Chen, Jinming Yu	Shandong First Medical University, Shandong University, The University of Texas MD Anderson Cancer Center, Shandong Tumor Hospital	International Journal of Radiation Oncology*Biology*Physics	https://doi.org/10.1016/j.ijrobp.2024.02.048	5	article	False	Cancer Immunotherapy and Biomarkers	Oncology	Medicine	Health Sciences	Cancer Immunotherapy and Biomarkers; Lung Cancer Diagnosis and Treatment; Inflammatory Biomarkers in Disease Prognosis	False	False	True	False	False
W4407261278	Spatial transcriptomics defines the cell-specific RNA landscape of equine dorsal root ganglia	2025-02-06	Carrie J. Finno, Stefan-Laural Rogers, Callum George Donnelly, Verena K. Affolter, Kevin Woolard, Andrew David Miller, Rebecca R. Bellone, Jessica L. Petersen	Nanostring Technologies (United States), University of California, Davis, University of Nebraska–Lincoln, Cornell University	Veterinary Pathology	https://doi.org/10.1177/03009858241312623	2	article	True	Cancer-related molecular mechanisms research	Cancer Research	Biochemistry, Genetics and Molecular Biology	Life Sciences	Cancer-related molecular mechanisms research; Medicinal Plant Pharmacodynamics Research; Genetic and phenotypic traits in livestock	False	False	True	False	False
W7167928204	Spatial transcriptomics reveals molecular differences associated with malignant transformation in oral epithelial dysplasia	2026-07-10	Naren Raja, H Pathak, Amrita Mitra, Sufi Mary Thomas, Yong Wang, Tanya Marie Gibson, Rong Wang	University of Kansas Medical Center, University of Missouri–Kansas City	Frontiers in Immunology	https://doi.org/10.3389/fimmu.2026.1817749	1	article	True	Oral Health Pathology and Treatment	Periodontics	Dentistry	Health Sciences	Oral Health Pathology and Treatment; Single-cell and spatial transcriptomics; Ferroptosis and cancer prognosis	False	False	True	False	False
W3197979465	Low-Dose Radiotherapy Reverses Tumor Immune Desertification and Resistance to Immunotherapy	2021-09-03	Fernanda G. Herrera, Catherine Ronet, Maria Ochoa de Olza, David Barras, Isaac Crespo, Massimo Andreatta, Jesus Corria-Osorio, Aodrenn Spill, Fabrizio Benedetti, Raphael Genolet, Angela Orcurto, Martina Imbimbo, Eleonora Ghisoni, Blanca Navarro, Dominik R. Berthold, Apostolos Sarivalasis, Khalil Zaman, Rafael Duran, Clarisse Dromain, John Prior, Niklaus Schaefer, Jean Bourhis, Georgia Dimopoulou, Zoi Tsourti, Marius Messemaker, Thomas Smith, Sarah E. Warren, Periklis Foukas, Sylvie Rusakiewicz, Mikaël J. Pittet, Stefan Zimmermann, Christine Sempoux, Urania Dafni, Alexandre Harari, Lana E. Kandalaft, Santiago J. Carmona, Denarda Dangaj Laniti, Melita Irving, George Coukos	Centre Hospitalier Universitaire Vaudois, University of Lausanne, University of Geneva, Center for Systems Biology, University General Hospital Attikon, Nanostring Technologies (United States), National and Kapodistrian University of Athens, Harvard University, Massachusetts General Hospital	Cancer Discovery	https://doi.org/10.1158/2159-8290.cd-21-0003	454	article	True	Cancer Immunotherapy and Biomarkers	Oncology	Medicine	Health Sciences	Cancer Immunotherapy and Biomarkers; Immune Cell Function and Interaction; Immunotherapy and Immune Responses	False	False	True	False	False
W2947888232	Effects of immune architecture on response to adjuvant capecitabine in triple-negative breast cancer (FinXX trial).	2019-05-20	Saranya Chumsri, Karama Asleh, Heather Ann Brauer, Douglas A. Hinerfeld, Jennifer M. Kachergus, Susanna Lauttia, Henrik Lindman, Torsten O. Nielsen, Heikki Joensuu, E. Aubrey Thompson	Helsinki University Hospital, University of Helsinki, Mayo Clinic in Florida, Nanostring Technologies (United States), Uppsala University Hospital, University of British Columbia	Journal of Clinical Oncology	https://doi.org/10.1200/jco.2019.37.15_suppl.3142	1	conference-abstract	False	Cancer Treatment and Pharmacology	Oncology	Medicine	Health Sciences	Cancer Treatment and Pharmacology; Cancer Genomics and Diagnostics; Breast Cancer Treatment Studies	False	False	True	False	False
W4388082079	68 Automating a spatial profiling workflow to explore the effects of hypoxia in the tumor microenvironment in head and neck cancer	2023-10-31	Jenifer Caldara, S. Church, Regan Baird, David Mason, Kyla Teplitz, James Robert Mansfield, Kelly M. Hunter, Joana Campos, Jill M. Brooks	Nanostring Technologies (United States), University of Birmingham	Regular and Young Investigator Award Abstracts	https://doi.org/10.1136/jitc-2023-sitc2023.0068	1	conference-abstract	True	Cancer, Hypoxia, and Metabolism	Cancer Research	Biochemistry, Genetics and Molecular Biology	Life Sciences	Cancer, Hypoxia, and Metabolism; Medical Imaging Techniques and Applications; Radiomics and Machine Learning in Medical Imaging	False	False	True	False	False
W4323853767	Mapping the Immune Cell Microenvironment with Spatial Profiling in Muscle Tissue Injected with the Venom of Daboia russelii	2023-03-10	Ana K. Oliveira, Patcharin Pramoonjago, Alexandra Rucavado, Christopher A. Moskaluk, Dilza Trevisan-Silva, Teresa Escalante, José Marı́a Gutiérrez, Jay W. Fox	University of Virginia, Universidad de Costa Rica	Toxins	https://doi.org/10.3390/toxins15030208	3	article	True	Venomous Animal Envenomation and Studies	Genetics	Biochemistry, Genetics and Molecular Biology	Life Sciences	Venomous Animal Envenomation and Studies; Rabies epidemiology and control; Ion channel regulation and function	False	False	True	False	False
W4411501011	Overexpression of CTLA-4 and fibronectin, and lower expression of CD137 (4-1BB) is associated with brain metastasis of primary skin melanomas. An analysis of local immune response by digital spatial profiling	2025-06-20	Shiva Najjary, Nur al Amery, Mengqi Huang, Disha Vadgama, Alexander C. J. van Akkooi, H. Jacobus Gilhuis, Zineb Belcaid, Dana A. M. Mustafa, Johan M. Kros	Erasmus MC, The University of Sydney, Melanoma Institute Australia, Reinier de Graaf Hospital, Royal Prince Alfred Hospital	Frontiers in Immunology	https://doi.org/10.3389/fimmu.2025.1578986	3	article	True	Cutaneous Melanoma Detection and Management	Oncology	Medicine	Health Sciences	Cutaneous Melanoma Detection and Management; Cancer Immunotherapy and Biomarkers; Immunotherapy and Immune Responses	False	False	True	False	False
W4404029001	Induced collagen type‐I secretion by hepatocytes of the melanoma liver metastasis is associated with a reduction in tumour‐infiltrating lymphocytes	2024-11-01	Shodai Mizuno, Matias Alberto Bustos, Yoshinori Hayashi, Kodai Abe, Satoru Furuhashi, Yalda B. Naeini, Xiaowei Xu, Anton J. Bilchik, Dave S.�B. Hoon	Saint John's Health Center, University of Pennsylvania, Abramson Cancer Center	Clinical and Translational Medicine	https://doi.org/10.1002/ctm2.70067	6	article	True	Chemokine receptors and signaling	Oncology	Medicine	Health Sciences	Chemokine receptors and signaling; Liver physiology and pathology; Hepatocellular Carcinoma Treatment and Prognosis	False	False	True	False	False
W4415759127	Spatial protein profiling reveals active roles for astrocytes in the chronic active lesion core during multiple sclerosis	2025-11-01	Brandon C. Smith, Anthony M. Chomyk, Maria L. Habean, Benjamin C. F. Shaw, Rachel A. Tinkey, Bruce D. Trapp, Jessica L. Williams	Case Western Reserve University, Cleveland Clinic, Kent State University	Acta Neuropathologica	https://doi.org/10.1007/s00401-025-02953-9	3	article	True	Multiple Sclerosis Research Studies	Pathology and Forensic Medicine	Medicine	Health Sciences	Multiple Sclerosis Research Studies; Neuroinflammation and Neurodegeneration Mechanisms; Immunotherapy and Immune Responses	False	False	True	False	False
W4308379196	167 Comprehensive profiling of cancer-associated fibroblasts in CD8+T cell-exclusive non-small cell lung cancer tumor microenvironments using the Nanostring GeoMX® digital spatial profiler	2022-11-01	Christina Cho, Gavitt Alida Woodard, Francesc López‐Giráldez, Ti Badri, Matthew D. Vesely, Lieping Chen	Yale University	Regular and Young Investigator Award Abstracts	https://doi.org/10.1136/jitc-2022-sitc2022.0167	1	conference-abstract	True	Single-cell and spatial transcriptomics	Molecular Biology	Biochemistry, Genetics and Molecular Biology	Life Sciences	Single-cell and spatial transcriptomics; Cancer Cells and Metastasis; Cancer Genomics and Diagnostics	False	False	True	False	False
W4403315566	Spatial Transcriptomic Signatures of Early Acute T Cell–mediated Rejection in Kidney Transplants	2024-10-10	Minji Kang, Haeyoon Kwon, Jeongin Song, Yunyoung Jang, Seung Hee Yang, Seung-Min Cha, Ji Hwan Moon, Yong Chul Kim, Hyun Je Kim	Seoul National University, Seoul National University Hospital, Dongguk University Ilsan Hospital, Samsung Medical Center	Transplantation Direct	https://doi.org/10.1097/txd.0000000000001705	5	article	True	Renal Transplantation Outcomes and Treatments	Transplantation	Medicine	Health Sciences	Renal Transplantation Outcomes and Treatments; T-cell and B-cell Immunology; Immunotherapy and Immune Responses	False	False	True	False	False
W4401728107	Spatial transcriptomics profiling of gallbladder adenocarcinoma: a detailed two-case study of progression from precursor lesions to cancer	2024-08-20	Sophie Pirenne, Fátima Manzano‐Núñez, Axelle E. Loriot, Sabine Cordi, Lieven Desmet, Selda Aydın, Catherine Hubert, Sébastien Toffoli, Nisha Limaye, Christine L Sempoux, Mina Komuta, Laurent Gatto, Frédéric P. Lemaigre	Centre Hospitalier Universitaire Vaudois, University of Lausanne, Institute of Pathology and Genetics, Cliniques Universitaires Saint-Luc, Universitair Ziekenhuis Leuven, International University of Health and Welfare, UCLouvain, de Duve Institute	BMC Cancer	https://doi.org/10.1186/s12885-024-12770-0	7	article	True	Cholangiocarcinoma and Gallbladder Cancer Studies	Surgery	Medicine	Health Sciences	Cholangiocarcinoma and Gallbladder Cancer Studies; Gallbladder and Bile Duct Disorders; Pancreatic and Hepatic Oncology Research	False	False	True	False	False
W1967712948	Docking and 3-D QSAR studies on the binding of tetrahydropyrimid-2-one HIV-1 protease inhibitors	2013-03-19	Shashidhar N. Rao, Govardhan A. Balaji, Vitukudi N. Balaji	Rutgers, The State University of New Jersey	Journal of Molecular Structure	https://doi.org/10.1016/j.molstruc.2013.03.022	3	article	False	HIV/AIDS drug development and treatment	Infectious Diseases	Medicine	Health Sciences	HIV/AIDS drug development and treatment; Computational Drug Discovery Methods; Protein Structure and Dynamics	False	False	True	False	False
W4303183948	Ultra High-Plex Spatial Proteogenomic Investigation of Giant Cell Glioblastoma Multiforme Immune Infiltrates Reveals Distinct Protein and RNA Expression Profiles	2022-10-06	Shilah A. Bonnett, Alyssa B. Rosenbloom, Giang T. Ong, Mark Conner, Aric B.E. Rininger, Daniel Newhouse, Felicia New, Chi Q. Phan, Saskia Ilcisin, Hiromi Sato, John Sverre Lyssand, Gary K. Geiss, Joseph Beechem	Nanostring Technologies (United States)	bioRxiv (Cold Spring Harbor Laboratory)	https://doi.org/10.1101/2022.10.04.510833	3	preprint	True	Single-cell and spatial transcriptomics	Molecular Biology	Biochemistry, Genetics and Molecular Biology	Life Sciences	Single-cell and spatial transcriptomics; interferon and immune responses; Advanced Proteomics Techniques and Applications	False	False	True	False	False
W4226490139	Neurovascular injury with complement activation and inflammation in COVID-19	2022-04-29	Myoung Hwa Lee, Daniel P. Perl, Joseph P. Steiner, Nicholas Pasternack, Wenxue Li, Dragan Maric, Farinaz Safavi, Iren Horkayne‐Szakaly, Robert Christopher Jones, Michelle N. Stram, Joel T. Moncur, Marco M. Hefti, Rebecca Dunn Folkerth, Avindra Nath	National Institute of Neurological Disorders and Stroke, Uniformed Services University of the Health Sciences, Joint Pathology Center, New York University, National Institutes of Health, University of Iowa, Office of Chief Medical Examiner, Defense Health Agency	Brain	https://doi.org/10.1093/brain/awac151	247	article	True	Long-Term Effects of COVID-19	Neurology	Medicine	Health Sciences	Long-Term Effects of COVID-19; Neuroinflammation and Neurodegeneration Mechanisms; COVID-19 Clinical Research Studies	False	False	True	False	False
W4377093458	Advances in spatial transcriptomics and related data analysis strategies	2023-05-18	Jun Du, Yuchen Yang, Zhijie An, Minghui Zhang, Xue-Hang Fu, Zoufang Huang, Ye Yuan, Jian Hou	Renji Hospital, Shanghai Jiao Tong University, Ministry of Education of the People's Republic of China, First Affiliated Hospital of Gannan Medical University, Gannan Medical University	Journal of Translational Medicine	https://doi.org/10.1186/s12967-023-04150-2	198	article	True	Single-cell and spatial transcriptomics	Molecular Biology	Biochemistry, Genetics and Molecular Biology	Life Sciences	Single-cell and spatial transcriptomics; Cancer-related molecular mechanisms research; Gene expression and cancer classification	False	False	True	False	False
W4220882995	PSMA-targeting TGFβ-insensitive armored CAR T cells in metastatic castration-resistant prostate cancer: a phase 1 trial	2022-03-21	Vivek Narayan, Julie S. Barber-Rotenberg, In-Young Jung, Simon Francis Lacey, Andrew J. Rech, Megan M. Davis, Wei‐Ting Hwang, Priti Lal, Erica L. Carpenter, Shannon L. Maude, Gabriela Plesa, Neha Vapiwala, Anne Chew, Michael Moniak, Ronnie Sebro, Michael D. Farwell, Amy Marshall, Joan M. Gilmore, Lester Lledo, Karen Dengel, S. Church, TYLER D. HETHER, Jun Xu, Mercy Gohil, Thomas H. Buckingham, Stephanie S. Yee, Vanessa E. Gonzalez, Irina M. Kulikovskaya, Fang Chen, Lifeng Tian, Kyle Tien, Whitney Lynn Gladney, Christopher L. Nobles, Hayley E. Raymond, Prostate Cancer Cellular Therapy Program Investigators, Diane Frazee, Mary Truran, Elizabeth A. Veloso, Holly McConville, Jonathan Aguedelo, Samantha Hower, Sophia Ngo, Julie K. Jadlowsky, J. Joseph Melenhorst, Aoife M. Roche, J.K. Everett, Minnal Gupta, Farzana Nazimuddin, Chelsie Bartoszek, Natalka Koterba, Rachael Reynolds, Farris Ellington, Christopher C. Kloss, Ji‐Hyun Lee, Yangbing Zhao, John Scholler, James L. Riley, Christina Bailey, Andrew White, Briana M. Hudson, Pearl Chang, Marcela Valderrama Maus, Bruce L. Levine, Elizabeth Olson Hexner, Don L. Siegel, Frederic D. Bushman, Carl H. June, Joseph A. Fraietta, Naomi Balzer Haas	Children's Hospital of Philadelphia, University of Pennsylvania, Abramson Cancer Center, Nanostring Technologies (United States), Harvard University, Massachusetts General Hospital	Nature Medicine	https://doi.org/10.1038/s41591-022-01726-1	536	article	True	CAR-T cell therapy research	Oncology	Medicine	Health Sciences	CAR-T cell therapy research; Virus-based gene therapy research; Immunotherapy and Immune Responses	False	False	True	False	False
W4413450317	Spatial transcriptomic analysis across histological subtypes reveals molecular heterogeneity and prognostic markers in early‐stage lung adenocarcinoma	2025-08-01	Hua Geng, Wenhao Zhou, Haitao Luo, Jiaqian Wang, Shixiong Li, Congcong Song, Yujie Zhao, Meilin Xu	Tianjin Chest Hospital	Clinical and Translational Medicine	https://doi.org/10.1002/ctm2.70439	5	article	True	Ferroptosis and cancer prognosis	Pulmonary and Respiratory Medicine	Medicine	Health Sciences	Ferroptosis and cancer prognosis; Single-cell and spatial transcriptomics; Lung Cancer Diagnosis and Treatment	False	False	True	False	False
W3178454853	Abstract 129: An integrated multi-omic cellular atlas of human breast cancers	2021-07-01	Sunny Z. Wu, Daniel Lee Roden, Ghamdan Al‐Eryani, Simon R. Junankar, Elgene Lim, Aatish Thennavan, Alma Andersson, Stephen A. Williams, Jingjing Gong, Robin Fropf, Kit A. Fuhrman, Joakim Lundeberg, Chuck M. Perou, Alexander Swarbrick	Garvan Institute of Medical Research, 10X Genomics (United States), University of North Carolina at Chapel Hill, KTH Royal Institute of Technology, Nanostring Technologies (United States)	Cancer Research	https://doi.org/10.1158/1538-7445.am2021-129	3	conference-abstract	False	Single-cell and spatial transcriptomics	Molecular Biology	Biochemistry, Genetics and Molecular Biology	Life Sciences	Single-cell and spatial transcriptomics	False	False	True	False	False
W4410250782	Spatial transcriptomic applications in orthopedics	2025-05-10	Thomas Lee Jenkins, Jasper H. N. Yik, Dominik R. Haudenschild	Houston Methodist	Connective Tissue Research	https://doi.org/10.1080/03008207.2025.2501703	2	article	True	Osteoarthritis Treatment and Mechanisms	Rheumatology	Medicine	Health Sciences	Osteoarthritis Treatment and Mechanisms; Single-cell and spatial transcriptomics; Bone fractures and treatments	False	False	True	False	False
W4406485503	Similar Spatial Expression of Immune‐Related Proteins in SARS‐CoV‐2 Placentitis and Chronic Histiocytic Intervillositis	2025-01-01	Michelle Broekhuizen, Marie‐Louise van der Hoorn, Disha Vadgama, Michael Eikmans, Bojou J. Neecke, Johannes J. Duvekot, Pieter L. A. Fraaij, Irwin K. M. Reiss, Dana A. M. Mustafa, Lotte E. van der Meeren, Sam Schoenmakers	Erasmus MC, Leiden University Medical Center	European Journal of Immunology	https://doi.org/10.1002/eji.202451386	3	article	True	SARS-CoV-2 and COVID-19 Research	Infectious Diseases	Medicine	Health Sciences	SARS-CoV-2 and COVID-19 Research; COVID-19 Impact on Reproduction; COVID-19 Clinical Research Studies	False	False	True	False	False
W4414606822	Spatial and Single-cell Transcriptomics Reveal Programs Governing Fibroblastic Foci Fibroblasts	2025-09-29	Yan Stein, Ophir Freund, Sarah Borsekofsky, Doron Cohn‐Schwartz, Liran Levy, Efrat Ofek, Avishay Spitzer, Taylor Sterling Adams, Jonas C. Schupp, Naftali Kaminski, Amir Bar‐Shai, Avraham Unterman	Yale University, Tel Aviv University, Sheba Medical Center, Tel Aviv Sourasky Medical Center	bioRxiv (Cold Spring Harbor Laboratory)	https://doi.org/10.1101/2025.09.26.678416	1	preprint	True	Fibroblast Growth Factor Research	Molecular Biology	Biochemistry, Genetics and Molecular Biology	Life Sciences	Fibroblast Growth Factor Research; Occupational and environmental lung diseases	False	False	True	False	False
W4400108812	Tumor-specific MHC class II upregulation associated with response to anti-PD-L1 therapy in patients with urothelial cancer.	2024-06-01	İlayda Hasakioğulları, Mark M. Kockx, Bernadett Emma Szabados, Matthew Young, Thomas B. Powles	Barts Cancer Institute, Queen Mary University of London	Journal of Clinical Oncology	https://doi.org/10.1200/jco.2024.42.16_suppl.4584	1	conference-abstract	True	Bladder and Urothelial Cancer Treatments	Surgery	Medicine	Health Sciences	Bladder and Urothelial Cancer Treatments; Cancer Immunotherapy and Biomarkers; Immune Cell Function and Interaction	False	False	True	False	False
W4321365848	A robust Platform for Integrative Spatial Multi-omics Analysis to Map Immune Responses to SARS-CoV-2 infection in Lung Tissues	2023-02-20	Xiao Tan, Laura F. Grice, Minh Tran, Onkar Mulay, James H. Monkman, Tony Blick, Tuan Vo, Ana Clara Almeida, Jarbas da Silva Motta, Karen Fernandes de Moura, Cleber Machado Souza, Paulo Souza‐Fonseca‐Guimaraes, Cristina Pellegrino Baena, Lúcia de Noronha, Fernanda Simoes Fortes Guimaraes, Hung Nguyen Luu, Tingsheng Drennon, Stephen R. Williams, Jacob Stern, Cedric R. Uytingco, Liuliu Pan, Andy Nam, Caroline Cooper, Kirsty Renfree Short, Gabrielle Therese Belz, Fernando Souza-Fonseca-Guimarães, Arutha Kulasinghe, Quan Hoang Nguyen	10X Genomics (United States), The University of Queensland, Universidade Positivo, Pontifícia Universidade Católica do Paraná, Pontifical Catholic University of Puerto Rico, Nanostring Technologies (United States), UPMC Hillman Cancer Center, Institute for Molecular Bioscience, University of Pittsburgh	bioRxiv (Cold Spring Harbor Laboratory)	https://doi.org/10.1101/2023.02.19.529128	2	preprint	True	Single-cell and spatial transcriptomics	Molecular Biology	Biochemistry, Genetics and Molecular Biology	Life Sciences	Single-cell and spatial transcriptomics; Immune responses and vaccinations; Immune cells in cancer	False	False	True	False	False
W4384816777	A spatially resolved timeline of the human maternal–fetal interface	2023-07-19	Shirley Greenbaum, Inna Averbukh, Erin Soon, Gabrielle A. Rizzuto, Alex Baranski, Noah F. Greenwald, Adam Kagel, Marc MB Bosse, Eleni A. Greenwood, Zumana Khair, Shirley Kwok, Shiri Warshawsky, Hadeesha Piyadasa, Mako Goldston, Angie Spence, Geneva Miller, Morgan Sarah Schwartz, William D. Graf, David Van Valen, Virginia D. Winn, Travis J. Hollmann, Leeat Keren, Matt van de Rijn, Michael R. Angelo	Stanford University, Hadassah Medical Center, Memorial Sloan Kettering Cancer Center, Hebrew University of Jerusalem, Stanford Medicine, Weizmann Institute of Science, California Institute of Technology, University of California, San Francisco	Nature	https://doi.org/10.1038/s41586-023-06298-9	192	article	True	Pregnancy and preeclampsia studies	Obstetrics and Gynecology	Medicine	Health Sciences	Pregnancy and preeclampsia studies; Reproductive System and Pregnancy; Birth, Development, and Health	False	False	True	False	False
W4392094500	Digital spatial profiling of segmental outflow regions in trabecular meshwork reveals a role for ADAM15	2024-02-23	Jennifer A. Faralli, Mark S. Filla, Yong-Feng Yang, Ying Sun, Kassidy L. Johns, Kate E. Keller, Donna M. Pesciotta Peters	Oregon Health & Science University, University of Wisconsin–Madison	PLoS ONE	https://doi.org/10.1371/journal.pone.0298802	4	article	True	HER2/EGFR in Cancer Research	Oncology	Medicine	Health Sciences	HER2/EGFR in Cancer Research; Protease and Inhibitor Mechanisms; Proteoglycans and glycosaminoglycans research	False	False	True	False	False
W4393073212	Abstract 4206: Regional transcriptomic profiling of the head and neck squamous cell carcinoma tumor microenvironment paired with murine models identify extracellular matrix components that mediate tumor progression and immune suppression	2024-03-22	John D. Aleman, Khoa A. Nguyen, Erica Chan Wong, Yao Ke, Hanne Lind, Clifford G. Tepper, Andrew C. Birkeland, Christian D. Young, Sana D. Karam, Xiaojing Wang	University of California, Davis, University of Colorado Anschutz	Cancer Research	https://doi.org/10.1158/1538-7445.am2024-4206	1	conference-abstract	False	Ferroptosis and cancer prognosis	Pulmonary and Respiratory Medicine	Medicine	Health Sciences	Ferroptosis and cancer prognosis; RNA modifications and cancer; Cancer-related molecular mechanisms research	False	False	True	False	False
W4393910746	Chronic villitis as a distinctive feature of placental injury in maternal SARS-CoV-2 infection	2024-04-03	Lauryn C. Gabby, Chelsea K. Jones, Brendan B. McIntyre, Zoe Manalo, Morgan Meads, Donald P. Pizzo, Jessica Diaz-Vigil, Francesca Soncin, Kathleen M Fisch, Gladys Alexandra Ramos, Marni B Jacobs, Mana M. Parast	University of California San Diego, Sanford Consortium for Regenerative Medicine	American Journal of Obstetrics and Gynecology	https://doi.org/10.1016/j.ajog.2024.04.002	10	article	True	COVID-19 Impact on Reproduction	Obstetrics and Gynecology	Medicine	Health Sciences	COVID-19 Impact on Reproduction; Pregnancy and preeclampsia studies; Gestational Diabetes Research and Management	False	False	True	False	False
W4308396108	569 A CIVO intratumor microdose Phase 0 Trial of subasumstat (TAK-981) in combination with cetuximab or avelumab reveals Type 1 Interferon induction and immune activation in head and neck cancer patients	2022-11-01	Jeffrey J. Houlton, Daniel R. Clayburgh, Ryan Li, Nathan J. Schauer, Marc O. Grenley, Connor Burns, Angela Merrell, Jason P. Frazier, Jonathan M.J. Derry, Emily Beirne, Wendy Jenkins, Allison Berger, Richard A. Klinghoffer	Oregon Health & Science University, University of Washington, Presage Biosciences (United States)	Regular and Young Investigator Award Abstracts	https://doi.org/10.1136/jitc-2022-sitc2022.0569	3	conference-abstract	True	Cancer Immunotherapy and Biomarkers	Oncology	Medicine	Health Sciences	Cancer Immunotherapy and Biomarkers; Lung Cancer Treatments and Mutations; Lymphoma Diagnosis and Treatment	False	False	True	False	False
W4413051570	CXCL16 Producing Tumor Clones Are Shaping Immunosuppressive Microenvironment in Squamous Cell Carcinoma via CXCR6 Regulatory T Cell	2025-08-01	Hyun Seung Choi, Sunyoung Jung, Ki‐Myo Kim, Mihyun Lee, Jun Ho Park, Jun Ho Park, Sanha Hwang, Seung Min Cha, Jade N. Young, Dina Poplausky, Hyunsung Nam, Nicholas Gulati, Chung‐Gyu Park, Hyun Je Kim, Ji‐Ung Park, Ji‐Ung Park	Seoul National University, Seoul National University Hospital, SNUH SMG-SNU Boramae Medical Center, Icahn School of Medicine at Mount Sinai	Cancer Medicine	https://doi.org/10.1002/cam4.71060	3	article	True	Nonmelanoma Skin Cancer Studies	Epidemiology	Medicine	Health Sciences	Nonmelanoma Skin Cancer Studies; Cutaneous Melanoma Detection and Management; Chemokine receptors and signaling	False	False	True	False	False
W4403509895	CD34 as a potential prognostic indicator for camrelizumab response in advanced non-small-cell lung cancer: insights from digital spatial profiling	2024-01-01	Xinyi Huang, Baoqing Tian, Ziyuan Ren, Jingxin Zhang, Weiwei Yan, You Mo, Jupeng Yuan, Yujiao Ma, Ruiyang Wang, Rufei Liu, Minxin Chen, Jinming Yu, Dawei Chen	Shandong First Medical University, First Affiliated Hospital of Shantou University Medical College, Shandong University, Affiliated Hospital of Shandong University of Traditional Chinese Medicine, Second Affiliated Hospital of Shandong University of TCM, Shandong Tumor Hospital	Therapeutic Advances in Medical Oncology	https://doi.org/10.1177/17588359241289671	3	article	True	Cancer Immunotherapy and Biomarkers	Oncology	Medicine	Health Sciences	Cancer Immunotherapy and Biomarkers; Radiomics and Machine Learning in Medical Imaging; Single-cell and spatial transcriptomics	False	False	True	False	False
W4312004682	SPATIALLY RESOLVED MAPPING OF CELL-SPECIFIC SENESCENT PROFILES IN AGING MOUSE BRAIN	2022-11-01	Chase Carver, Marissa J. Schafer	Mayo Clinic	Innovation in Aging	https://doi.org/10.1093/geroni/igac059.2212	3	article	True	Neuroinflammation and Neurodegeneration Mechanisms	Neurology	Neuroscience	Life Sciences	Neuroinflammation and Neurodegeneration Mechanisms; Single-cell and spatial transcriptomics; Immune cells in cancer	False	False	True	False	False
W4402496290	Digital Spatial Profiling identifies distinct patterns of immuno-oncology-related gene expression within oropharyngeal tumours in relation to HPV and p16 status	2024-09-12	Jill M. Brooks, Yuanning Zheng, Kelly J. Hunter, Benjamin E. Willcox, Janet Dunn, Paul Nankivell, Olivier Gevaert, Hisham Mohamed Mehanna	Stanford University, University of Warwick, NIHR Birmingham Biomedical Research Centre, University of Birmingham, Stanford Medicine, National Institute for Health and Care Research	Frontiers in Oncology	https://doi.org/10.3389/fonc.2024.1428741	5	article	True	Head and Neck Cancer Studies	Otorhinolaryngology	Medicine	Health Sciences	Head and Neck Cancer Studies; Oral Health Pathology and Treatment; Esophageal Cancer Research and Treatment	False	False	True	False	False
W4382931624	Spatially resolved transcriptomic profiling for glomerular and tubulointerstitial gene expression in C3 glomerulopathy	2023-06-30	Jung Hun Koh, Minji Kang, Sehoon Park, Jeong Min Cho, Semin Cho, Yaerim Kim, Soojin Lee, Hajeong Lee, Kwon Wook Joo, Yon Su Kim, Kyung Chul Moon, Hyun Je Kim, Dong Ki Kim	Keimyung University, Seoul National University, Seoul National University Hospital, Eulji Medical Center, Chung-Ang University Gwangmyeong Hospital, Eulji University Uijeongbu Eulji Medical Center	medRxiv	https://doi.org/10.1101/2023.06.30.23292064	3	preprint	True	Renal Diseases and Glomerulopathies	Nephrology	Medicine	Health Sciences	Renal Diseases and Glomerulopathies; Amyloidosis: Diagnosis, Treatment, Outcomes; Complement system in diseases	False	False	True	False	False
W4409038907	Balancing LncRNA H19 and miR‐675 Bioconversion as a Key Regulator of Embryonic Myogenesis Under Maternal Obesity	2025-03-31	Yao Gao, Md Nazmul Hossain, Liang Zhao, Xiangdong Liu, Yanting Chen, Jeanene Marie de Avila, Meijun J. Zhu, Gordon K. Murdoch, ‬Min Du	Washington State University, Dana-Farber Cancer Institute, Nanjing Agricultural University	Journal of Cachexia Sarcopenia and Muscle	https://doi.org/10.1002/jcsm.13791	6	article	True	Genetic Syndromes and Imprinting	Genetics	Biochemistry, Genetics and Molecular Biology	Life Sciences	Genetic Syndromes and Imprinting; Cancer-related molecular mechanisms research; Gestational Diabetes Research and Management	False	False	True	False	False
W7133330569	Heterogeneity and immune microenvironment of early invasive estrogen receptor-positive breast cancer reveal an immune-rich subset	2026-03-03	Drashti Jain, Linda Liao, Vida Talebian, Megan Hopkins, Mary Anne Quintayo, Cheryl A. Crozier, Jane Bayani, Alison Cheung, Yaffe Mj, John M.S. Bartlett, Melanie Spears	Sunnybrook Health Science Centre, Edinburgh Cancer Research, Ontario Institute for Cancer Research, Western General Hospital, University of Toronto	npj Breast Cancer	https://doi.org/10.1038/s41523-025-00875-z	1	article	True	Cancer Immunotherapy and Biomarkers	Oncology	Medicine	Health Sciences	Cancer Immunotherapy and Biomarkers; Immunotherapy and Immune Responses; Breast Cancer Treatment Studies	False	False	True	False	False
W4407874081	Quinpirole ameliorates the dysfunction of microglia in human LRRK2-R1441G transgenic mice	2025-02-24	Yuanxin Chen, Shiquan Cui, Huaixin Wang, Chenbo Zeng, Hui Zhang	Thomas Jefferson University, University of Georgia	bioRxiv (Cold Spring Harbor Laboratory)	https://doi.org/10.1101/2025.02.23.639776	2	preprint	True	Neuroinflammation and Neurodegeneration Mechanisms	Neurology	Neuroscience	Life Sciences	Neuroinflammation and Neurodegeneration Mechanisms; Immune Response and Inflammation; Immune cells in cancer	False	False	True	False	False
W4294052977	Computational solutions for spatial transcriptomics	2022-01-01	Iivari Kleino, Paulina Frolovaitė, Tomi Suomi, Laura L. Elo	University of Turku, Åbo Akademi University	Computational and Structural Biotechnology Journal	https://doi.org/10.1016/j.csbj.2022.08.043	133	article	True	Single-cell and spatial transcriptomics	Molecular Biology	Biochemistry, Genetics and Molecular Biology	Life Sciences	Single-cell and spatial transcriptomics; Molecular Biology Techniques and Applications; Gene expression and cancer classification	False	False	True	False	False
W4383106834	Spatial Transcriptomic Analysis of Focal and Normal Areas of Myocyte Disarray in Human Hypertrophic Cardiomyopathy	2023-07-04	Jason Laird, Gayani Perera, Rebecca Batorsky, Hongjie Wang, Knarik Arkun, Michael T. Chin	Tufts University, Tufts Medical Center	Preprints.org	https://doi.org/10.20944/preprints202307.0139.v1	5	preprint	True	Cardiomyopathy and Myosin Studies	Cardiology and Cardiovascular Medicine	Medicine	Health Sciences	Cardiomyopathy and Myosin Studies; Single-cell and spatial transcriptomics; Studies on Chitinases and Chitosanases	False	False	True	False	False
W3112860625	Temporal and spatial heterogeneity of host response to SARS-CoV-2 pulmonary infection	2020-12-09	Niyati Desai, Azfar Neyaz, Annamária Szabolcs, Angela R. Shih, Jonathan H. Chen, Vishal Thapar, Linda T. Nieman, Alexander Solovyov, Arnav Mehta, David Lieb, Anupriya S. Kulkarni, Christopher M. Jaicks, Katherine H. Xu, Michael J. Raabe, Christopher J. Pinto, Dejan Juric, Ivan A. Chebib, Robert B. Colvin, Arthur Y. Kim, ROBERT J. MONROE, Sarah E. Warren, Patrick J. Danaher, Jason Reeves, Jingjing Gong, Erroll H. Rueckert, Benjamin D. Greenbaum, Nir Hacohen, Stephen M. Lagana, Miguel N. Rivera, Lynette Marie Sholl, James R. Stone, David Tsai Ting, Vikram Deshpande	Memorial Sloan Kettering Cancer Center, Columbia University Irving Medical Center, Nanostring Technologies (United States), Harvard University, Broad Institute, Brigham and Women's Hospital, Advanced Cell Diagnostics (United States), Massachusetts General Hospital	Nature Communications	https://doi.org/10.1038/s41467-020-20139-7	274	article	True	COVID-19 Clinical Research Studies	Infectious Diseases	Medicine	Health Sciences	COVID-19 Clinical Research Studies; SARS-CoV-2 and COVID-19 Research; Respiratory viral infections research	False	False	True	False	False
W4380049347	The Technical Feasibility of Digital Spatial Profiling in Immune/Inflammation Study of Thrombosis	2023-06-01	Jianjun Jiang, Yang Liu	Qilu Hospital of Shandong University, Shandong University	Journal of Inflammation Research	https://doi.org/10.2147/jir.s405903	2	article	True	Single-cell and spatial transcriptomics	Molecular Biology	Biochemistry, Genetics and Molecular Biology	Life Sciences	Single-cell and spatial transcriptomics; Neutrophil, Myeloperoxidase and Oxidative Mechanisms; Cell Adhesion Molecules Research	False	False	True	False	False
W4417354712	Cholesterol-metabolic tumor-associated macrophages regulate tumor budding-like cell subpopulation to promote chordoma stemness via BACH1/ANGPTL4/SDC4 axis	2025-12-11	Bo‐Wen Zheng, Chao Xia, Wei Huang, Hua-Qing Niu, Bang-Min Luo, Shen-Quan Liang, Bo‐Yv Zheng, Lingxiang Jiang, Pengfei Wu, Jing Li, Makoto Endo, Tao‐Lan Zhang, Ming-Xiang Zou	First Affiliated Hospital of University of South China, Xiangya Hospital Central South University, Second Xiangya Hospital of Central South University, Peking University People's Hospital, University of South China, Second Affiliated Hospital of Zhengzhou University, Wuhan Union Hospital, General Hospital of Central Theater Command, Guangzhou Medical University, Indiana University School of Medicine, Huazhong University of Science and Technology, Peking University, Chenzhou First People's Hospital, Zhengzhou University, Indiana University Melvin and Bren Simon Comprehensive Cancer Center, Guangzhou Women and Children Medical Center, Indiana University Indianapolis, Central South University, Kyushu University	Neuro-Oncology	https://doi.org/10.1093/neuonc/noaf286	3	article	True	Lipid metabolism and disorders	Cardiology and Cardiovascular Medicine	Medicine	Health Sciences	Lipid metabolism and disorders; Cancer, Lipids, and Metabolism; Peroxisome Proliferator-Activated Receptors	False	False	True	False	False
W4406374707	The Progression of Mycosis Fungoides During Treatment with Mogamulizumab: A BIO-MUSE Case Study of the Tumor and Immune Response in Peripheral Blood and Tissue	2025-01-14	Angelica Johansson, Eirini Kalliara, Emma Belfrage, Teodor Alling, Paul Theodor Pyl, Anna Sandström Gerdtsson, Urban Gullberg, Anna Porwit, Kristina Drott, Sara Ek	National Bioinformatics Infrastructure Sweden, Science for Life Laboratory, Skåne University Hospital, Lund University	Biomedicines	https://doi.org/10.3390/biomedicines13010186	2	article	True	Cutaneous lymphoproliferative disorders research	Dermatology	Medicine	Health Sciences	Cutaneous lymphoproliferative disorders research; CAR-T cell therapy research; Lymphoma Diagnosis and Treatment	False	False	True	False	False
W4416538710	Spatial transcriptomic alterations of the dorsal horn in dogs with neuropathic pain	2025-11-14	Tenna Remler Pedersen, Jørgen Steen Agerholm, Clare Rusbridge, Nanna Brix Finnerup, Fernando Constantino‐Casas, Merete Fredholm, Mette Berendt, Jens Randel Nyengaard	University of Copenhagen, Aarhus University Hospital, University of Surrey, Aarhus University, Danish Pain Research Center, University of Cambridge	PAIN Reports	https://doi.org/10.1097/pr9.0000000000001360	2	article	True	Pain Mechanisms and Treatments	Physiology	Medicine	Health Sciences	Pain Mechanisms and Treatments; Veterinary Orthopedics and Neurology; Tendon Structure and Treatment	False	False	True	False	False
W4403202335	RUNX2 as a novel biomarker for early identification of patients progressing to advanced-stage mycosis fungoides	2024-10-07	Maria Danielsen, Thomas Emmanuel, Morten Muhlig Nielsen, Lise M. Lindahl, Maria Gluud, Niels Ødum, Line Raaby, Torben Steiniche, Lars Iversen, Rikke Bech, Terkild B. Buus, Claus Johansen	Aarhus University Hospital, University of Copenhagen	Frontiers in Oncology	https://doi.org/10.3389/fonc.2024.1421443	3	article	True	Cutaneous lymphoproliferative disorders research	Dermatology	Medicine	Health Sciences	Cutaneous lymphoproliferative disorders research; Single-cell and spatial transcriptomics; Cutaneous Melanoma Detection and Management	False	False	True	False	False
W4412045759	Spatial transcriptome analysis of myenteric plexus and intestinal epithelium of colon in patients with Parkinson’s disease	2025-07-05	Chaewon Shin, Karoliina Eliisa Ruhno, Jung Hwan Shin, Sanha Hwang, Jin Young Go, Minji Kang, Hyun Je Kim, Hyun Je Kim, Ji Hwan Moon, Han‐Joon Kim, Han‐Joon Kim	Seoul National University, Seoul National University Hospital, Seoul National University Bundang Hospital, Samsung Medical Center	Acta Neuropathologica Communications	https://doi.org/10.1186/s40478-025-02047-3	3	article	True	Parkinson's Disease Mechanisms and Treatments	Neurology	Medicine	Health Sciences	Parkinson's Disease Mechanisms and Treatments; Neuroinflammation and Neurodegeneration Mechanisms; Dysphagia Assessment and Management	False	False	True	False	False
W4311652140	Identification of Spatial Proteomic Signatures of Colon Tumor Metastasis: A Digital Spatial Profiling Approach	2022-12-06	Joshua Levy, John P. Zavras, Eren M. Veziroglu, Mustafa Nasir-Moin, Fred Kolling, Brock C. Christensen, Lucas A. Salas, Rachael E. Barney, Scott M. Palisoul, Bing Ren, Xiaoying Liu, Darcy A. Kerr, Kelli B. Pointer, Gregory J. Tsongalis, Louis Joseph Vaickus	Dartmouth Hospital, Dartmouth College, Dartmouth Cancer Center, Dartmouth–Hitchcock Medical Center, Harvard University, Dartmouth Health	medRxiv	https://doi.org/10.1101/2022.12.04.22283073	2	preprint	True	Cancer Immunotherapy and Biomarkers	Oncology	Medicine	Health Sciences	Cancer Immunotherapy and Biomarkers; Colorectal Cancer Treatments and Studies; Colorectal Cancer Screening and Detection	False	False	True	False	False
W4384819865	Diverse clonal fates emerge upon drug treatment of homogeneous cancer cells	2023-07-19	Yogesh Goyal, Gianna T. Busch, Maalavika Pillai, Jingxin Li, Ryan H. Boe, Emanuelle I. Grody, Manoj Chelvanambi, Ian P. Dardani, Benjamin L. Emert, Nicholas Bodkin, Jonas Braun, Dylan F. Fingerman, Amanpreet Kaur, Naveen Jain, Pavithran T. Ravindran, Ian A. Mellis, Karun Kiani, Gretchen Marie Alicea, Mitchell E. Fane, S. Ahmed, Haiyin Li, Yeqing Chen, Cedric Chai, Jessica Kaster, Russell Gardner Witt, Rossana Lazcano, Davis R. Ingram, Sarah B. Johnson, Khalida Wani, Margaret C. Dunagin, Alexander J. Lazar, Ashani T. Weeraratna, Jennifer Ann Wargo, Meenhard Herlyn, Arjun Raj	Robert H. Lurie Comprehensive Cancer Center of Northwestern University, University of Pennsylvania, Johns Hopkins University, Johns Hopkins Hospital, The Wistar Institute, The University of Texas MD Anderson Cancer Center, Northwestern University, Johns Hopkins Medicine	Nature	https://doi.org/10.1038/s41586-023-06342-8	196	article	True	Single-cell and spatial transcriptomics	Molecular Biology	Biochemistry, Genetics and Molecular Biology	Life Sciences	Single-cell and spatial transcriptomics; Cancer Genomics and Diagnostics; Gene Regulatory Network Analysis	False	False	True	False	False
W3167262900	Case study: Digital spatial profiling of metastatic clear cell carcinoma reveals intra-tumor heterogeneity in epithelial-mesenchymal gradient	2021-05-28	Duncan Yi-Te Wang, Tuan Zea Tan, Ya-Ting Tai, Jieru Ye, Wei‐Chou Lin, Lin‐Hung Wei, Ruby Yun‐Ju Huang	Cancer Science Institute of Singapore, National Taiwan University Hospital, National University of Singapore, National Taiwan University	bioRxiv (Cold Spring Harbor Laboratory)	https://doi.org/10.1101/2021.05.27.445912	2	preprint	True	Cancer Cells and Metastasis	Oncology	Medicine	Health Sciences	Cancer Cells and Metastasis; Cancer Genomics and Diagnostics; Cancer, Hypoxia, and Metabolism	False	False	True	False	False
W7135221827	Spatial transcriptomics for gene discovery identifies Slc13a5 as a modulator of bone mechanoadaptation	2026-03-13	Quentin A Meslier, Alec T Beeve, Arushi Gupta, Daniel Palomo, Samia Saleem, Serena Eck, Lisa Y. Lawson, John T. Shuster, Michelle Brennan, Naomi Dirckx, Matthew J. Silva, Erica L. Scheller	Washington University in St. Louis, Saint Louis University, University of Wisconsin–Madison	bioRxiv (Cold Spring Harbor Laboratory)	https://doi.org/10.64898/2026.03.11.711126	2	preprint	True	Bone health and osteoporosis research	Orthopedics and Sports Medicine	Medicine	Health Sciences	Bone health and osteoporosis research; Bone Metabolism and Diseases; Alkaline Phosphatase Research Studies	False	False	True	False	False
W4388089817	6 Interrogation of spatial transcriptomics on canine tumor and normal tissue	2023-10-31	S. Church, Ben C. S. Sutton, Erin Piazza, Kyla Teplitz	Nanostring Technologies (United States)	Regular and Young Investigator Award Abstracts	https://doi.org/10.1136/jitc-2023-sitc2023.0006	1	conference-abstract	True	Cancer Research and Treatments	Biotechnology	Biochemistry, Genetics and Molecular Biology	Life Sciences	Cancer Research and Treatments; Veterinary Oncology Research; Virus-based gene therapy research	False	False	True	False	False
W4225985346	The blood-brain barrier is dysregulated in COVID-19 and serves as a CNS entry route for SARS-CoV-2	2022-01-20	Susanne Krasemann, Undine Haferkamp, Susanne Pfefferle, Marcel S. Woo, Fabian Heinrich, Michaela Schweizer, Antje Appelt‐Menzel, Alevtina Cubukova, Janica Barenberg, Jennifer Leu, Kristin Hartmann, Edda Thies, Jessica Lisa Littau, Diego Sepúlveda Falla, Liang Zhang, Kathy Ton, Yan Mei Liang, Jakob Matschke, Franz Lennard Ricklefs, Thomas Sauvigny, Jan Peter Sperhake, Antonia Fitzek, Anna Gerhartl, Andreas Brachner, Nina Geiger, Eva‐Maria König, Jochen Bodem, Sören Franzenburg, André Franke, Stefan Moese, Franz-Josef Müller, Gerd Geißlinger, Carsten Claussen, Aimo Kannt, Andrea Zaliani, Philip M. Gribbon, Benjamin Ondruschka, Winfried Neuhaus, Manuel Alexander Friese, Markus Glatzel, Ole Pleß	Fraunhofer Institute for Translational Medicine and Pharmacology, German Center for Infection Research, University Medical Center Hamburg-Eppendorf, Universitätsklinikum Würzburg, Fraunhofer-Gesellschaft, Fraunhofer Institute for Silicate Research, University of Würzburg, Nanostring Technologies (United States), Bernhard Nocht Institute for Tropical Medicine, AIT Austrian Institute of Technology GmbH, Institute of Neuroimmunology and Multiple Sclerosis, University Hospital Schleswig-Holstein	Stem Cell Reports	https://doi.org/10.1016/j.stemcr.2021.12.011	248	article	True	Long-Term Effects of COVID-19	Neurology	Medicine	Health Sciences	Long-Term Effects of COVID-19; COVID-19 Clinical Research Studies; Neuroinflammation and Neurodegeneration Mechanisms	False	False	True	False	False
W4404540454	Hepatic and pulmonary macrophage activity in a mucosal challenge model of Ebola virus disease	2024-11-20	Timothy G. Wanninger, Ómar A. Saldarriaga, Esteban Arroyave, Daniel E. Millian, Jason E. Comer, Slobodan Paessler, Heather L. Stevenson	The University of Texas Medical Branch at Galveston, Louisiana State University Health Sciences Center Shreveport, Louisiana State University	Frontiers in Immunology	https://doi.org/10.3389/fimmu.2024.1439971	2	article	True	Viral Infections and Outbreaks Research	Infectious Diseases	Medicine	Health Sciences	Viral Infections and Outbreaks Research; Mosquito-borne diseases and control; Immune responses and vaccinations	False	False	True	False	False
W4304083982	The spatial transcriptomic landscape of non-small cell lung cancer brain metastasis	2022-10-10	Qi Zhang, Rober Abdo, Cristiana Iosef, Tomonori Kaneko, Matthew J. Cecchini, Victor K. M. Han, Shawn S.‐C. Li	Western University, Children’s Health Research Institute	Nature Communications	https://doi.org/10.1038/s41467-022-33365-y	203	article	True	Ferroptosis and cancer prognosis	Pulmonary and Respiratory Medicine	Medicine	Health Sciences	Ferroptosis and cancer prognosis; Cancer Immunotherapy and Biomarkers; RNA modifications and cancer	False	False	True	False	False
W3186482245	spatialGE: Quantification and visualization of the tumor microenvironment heterogeneity using spatial transcriptomics	2021-07-27	Oscar E. Ospina, Christopher M. Wilson, Alex C. Soupir, Anders Berglund, Inna Smalley, Kenneth Yee Tsai, Brooke L. Fridley	Moffitt Cancer Center	bioRxiv (Cold Spring Harbor Laboratory)	https://doi.org/10.1101/2021.07.27.454023	1	preprint	True	Single-cell and spatial transcriptomics	Molecular Biology	Biochemistry, Genetics and Molecular Biology	Life Sciences	Single-cell and spatial transcriptomics; Gene expression and cancer classification; Cancer Genomics and Diagnostics	False	False	True	False	False
W7159685286	Conventional type-1 DC density is associated with checkpoint inhibitor response across multiple types of cancer	2026-04-30	Álvaro López‐Janeiro, José González-Gomariz, Fadi Issa, Joanna Hester, Angelo Porciuncula, Álvaro Teijeira, Carlos Luri‐Rey, David Ruiz-Guillamon, José Luis Perez‐Gracia, Elisabeth Pérez-Ruíz, Isabel Barragan, Salvador Martín‐Algarra, Miguel F. Sanmamed, Ignacio Ortego, Maria Esperanza Rodriguez-Ruiz, Raluca Alexandru, Inmaculada Rodríguez, Saioa Arrieta-Aranzueque, David Rimm, Thazin Aung, Kurt Alex Schalper, Carlos E. de Andrea, Ignacio Melero	Hospital Clínico Universitario Virgen de la Victoria, Universidad de Navarra, Centro de Investigación Biomédica en Red de Cáncer, Hospital Regional Universitario de Málaga, Instituto de Investigación Biomédica de Málaga, University of Oxford, Centro de Investigación Médica Aplicada, Karolinska Institutet, Yale University, Clinica Universidad de Navarra, Navarre Institute of Health Research	Journal of Clinical Investigation	https://doi.org/10.1172/jci200987	2	article	True	Immunotherapy and Immune Responses	Immunology	Immunology and Microbiology	Life Sciences	Immunotherapy and Immune Responses; Cancer Immunotherapy and Biomarkers; vaccines and immunoinformatics approaches	False	False	True	False	False
W4412819712	Spatial Omics Profiling of Treatment-Naïve Lung Adenocarcinoma with Brain Metastasis as the Initial Presentation	2025-07-31	Seoyeon Gwon, Inju Cho, Jieun Lee, S Y Lee, Kyue-Hee Choi, Tae Jung Kim	Catholic University of Korea, The Catholic University of Korea Yeouido St. Mary's Hospital	Cancers	https://doi.org/10.3390/cancers17152529	2	article	True	Brain Metastases and Treatment	Pulmonary and Respiratory Medicine	Medicine	Health Sciences	Brain Metastases and Treatment; Cancer Immunotherapy and Biomarkers; Advanced Proteomics Techniques and Applications	False	False	True	False	False
W4312087962	Anterior hypothalamic pathology in Alzheimer’s disease: A human postmortem study using spatial in‐situ proteomics	2022-12-01	Gowoon Son, Mihovil Mladinov, Felipe Luiz Pereira, Song Hua Li, Chia‐Ling Tu, Salvatore Spina, William W. Seeley, Wenhan Chang, Lea T. Grinberg	San Francisco VA Medical Center, University of California, San Francisco	Alzheimer s & Dementia	https://doi.org/10.1002/alz.060951	2	article	False	Sleep and Wakefulness Research	Cognitive Neuroscience	Neuroscience	Life Sciences	Sleep and Wakefulness Research; Circadian rhythm and melatonin; Alzheimer's disease research and treatments	False	False	True	False	False
W4395005218	Upregulated Matrisomal Proteins and Extracellular Matrix Mechanosignaling Underlie Obesity-Associated Promotion of Pancreatic Ductal Adenocarcinoma	2024-04-21	Richard T. Waldron, Aurelia Lugea, Hui-Hua Chang, Hsin‐Yuan Su, Crystal Quiros, Michael S. Lewis, Mingtian Che, V. Krishnan Ramanujan, Enrique Rozengurt, Guido Eibl, Stephen Jacob Pandol	University of California, Los Angeles, Cedars-Sinai Medical Center, VA Greater Los Angeles Healthcare System	Cancers	https://doi.org/10.3390/cancers16081593	3	article	True	Pancreatic and Hepatic Oncology Research	Oncology	Medicine	Health Sciences	Pancreatic and Hepatic Oncology Research; Phagocytosis and Immune Regulation; Pancreatitis Pathology and Treatment	False	False	True	False	False
W4366978056	Multiplex Immunohistochemistry and Immunofluorescence: A Practical Update for Pathologists	2023-04-25	Paul W. Harms, Timothy L. Frankel, Myrto K. Moutafi, Arvind Rao, David L. Rimm, Janis Marie Taube, Dafydd Thomas, May P. Chan, Liron Pantanowitz	Michigan Medicine, U-M Rogel Cancer Center, Johns Hopkins University, University of Michigan, Yale University, Sidney Kimmel Comprehensive Cancer Center	Modern Pathology	https://doi.org/10.1016/j.modpat.2023.100197	185	article	True	Cancer Genomics and Diagnostics	Cancer Research	Biochemistry, Genetics and Molecular Biology	Life Sciences	Cancer Genomics and Diagnostics; Cancer Immunotherapy and Biomarkers; Cancer Cells and Metastasis	False	False	True	False	False
W4402551804	Abstract C073: FOLFIRINOX with Glycogen Synthase Kinase-3 Beta (GSK-3β) Inhibitor Elraglusib and Transforming Growth Factor- β (TGFβ) Inhibitor Losartan in Untreated Metastatic Pancreatic Ductal Adenocarcinoma(PDAC): Interim analysis of safety cohort	2024-09-15	Priyadarshini Pathak, Eric W. Lin, Ildiko E. Phillips, David Tsai Ting, Colin D. Weekes	Massachusetts General Hospital	Cancer Research	https://doi.org/10.1158/1538-7445.pancreatic24-c073	2	conference-abstract	False	Pancreatic and Hepatic Oncology Research	Oncology	Medicine	Health Sciences	Pancreatic and Hepatic Oncology Research; Wnt/β-catenin signaling in development and cancer; Cancer Diagnosis and Treatment	False	False	True	False	False
W4405418663	Association of Computed Tomography Scan-Assessed Body Composition with Immune and PI3K/AKT Pathway Proteins in Distinct Breast Cancer Tumor Components	2024-12-14	Ting‐Yuan David Cheng, Dongtao Ann Fu, Sara Moscovita Falzarano, Runzhi Zhang, Susmita R. Datta, Weizhou Zhang, Angela R. Omilian, Livingstone Aduse‐Poku, Jiang Bian, Jerome Irianto, Jaya Ruth Asirvatham, Martha Campbell‐Thompson	Roswell Park Comprehensive Cancer Center, Baylor Scott & White Health, University of Florida, Florida State University, The Ohio State University, University of Florida Health	International Journal of Molecular Sciences	https://doi.org/10.3390/ijms252413428	2	article	True	Nutrition and Health in Aging	Physiology	Medicine	Health Sciences	Nutrition and Health in Aging; Metabolism, Diabetes, and Cancer; Radiomics and Machine Learning in Medical Imaging	False	False	True	False	False
W3212800239	250 Spatial-transcriptomic analysis of tumor-immune microenvironment in AML patients receiving pembrolizumab and decitabine	2021-11-01	Chen Ning Zhao, Abigail Wong-Rolle, Prajan Divakar, Katherine R. Calvo, Christopher Simon Hourigan	National Cancer Institute, Nanostring Technologies (United States), National Institutes of Health, National Institutes of Health Clinical Center, National Heart, Lung, and Blood Institute	Regular and Young Investigator Award Abstracts	https://doi.org/10.1136/jitc-2021-sitc2021.250	2	conference-abstract	True	CAR-T cell therapy research	Oncology	Medicine	Health Sciences	CAR-T cell therapy research; Acute Myeloid Leukemia Research; Immune cells in cancer	False	False	True	False	False
W4409127671	Multiplex Spatial Proteomic Analysis of HER2–Positive Breast Tumors Reveals Unique Molecular and Immunologic Features Associated With Treatment Response	2025-04-01	Maeve Hennessy, Ashley Cimino‐Mathews, Jodi M. Carter, Jennifer M. Kachergus, Yaohua Ma, Jeffrey P. Leal, Lilja B. Sólnes, Rita L. Denbow, Vandana Gupta Abramson, Lisa A. Carey, Mothaffar F. Rimawi, Jennifer M. Specht, Anna Maria Storniolo, Vicente Valero, Christos Vaklavas, Eric P. Winer, Ian E. Krop, Antonio C. Wolff, Richard L. Wahl, Edith A. Perez, Chiung‐Yu Huang, Vered Stearns, E. Aubrey Thompson, Roisín M. Connolly	University of Alberta, Mayo Clinic Comprehensive Cancer Center (Florida), Vanderbilt University, University of Washington, Washington University in St. Louis, Baylor College of Medicine, Johns Hopkins University, University of North Carolina at Chapel Hill, Mayo Clinic in Florida, University College Cork, The University of Texas MD Anderson Cancer Center, Yale Cancer Center, Indiana University Indianapolis, Indiana University Melvin and Bren Simon Comprehensive Cancer Center, Weill Cornell Medicine, Sidney Kimmel Comprehensive Cancer Center, University of Alabama at Birmingham, University of California, San Francisco	JCO Precision Oncology	https://doi.org/10.1200/po-24-00546	3	article	True	HER2/EGFR in Cancer Research	Oncology	Medicine	Health Sciences	HER2/EGFR in Cancer Research; Advanced Biosensing Techniques and Applications; Cell Image Analysis Techniques	False	False	True	False	False
W4312174611	Cuproptosis related genes associated with Jab1 shapes tumor microenvironment and pharmacological profile in nasopharyngeal carcinoma	2022-12-23	Liping Wang, Dujuan Wang, Liu Yang, Xiaojiao Zeng, Qian Zhang, Guohong Liu, Yunbao Pan	Wuhan University, Zhongnan Hospital of Wuhan University, Guangdong Medical College	Frontiers in Immunology	https://doi.org/10.3389/fimmu.2022.989286	161	article	True	Ferroptosis and cancer prognosis	Pulmonary and Respiratory Medicine	Medicine	Health Sciences	Ferroptosis and cancer prognosis; Cancer Immunotherapy and Biomarkers; FOXO transcription factor regulation	False	False	True	False	False
W7154484532	Toxic lipid-induced epigenetic activation of ICAM1 in liver sinusoidal endothelium regulates myeloid-driven fibro-inflammatory response in MASH	2026-04-15	Qianqian Guo, Nantawat Satthawiwat, Akitoshi Sano, Chady Meroueh, Asma Hamdi, 戴新, Khaled Warasnhe, Alexander M. Washington, Patrick P. Starlinger, Alex Krivonos, Sheng Cao, Enis Kostallari, Johan W. Jonker, Bart van de Sluis, Feda H. Hamdan, Samar H. Ibrahim	Chulalongkorn University, Mayo Clinic, University of Groningen, Tianjin Medical University, Mayo Clinic Hospital, University Medical Center Groningen, Tianjin Medical University General Hospital	Hepatology	https://doi.org/10.1097/hep.0000000000001742	2	article	True	Liver physiology and pathology	Hepatology	Medicine	Health Sciences	Liver physiology and pathology; Drug-Induced Hepatotoxicity and Protection; Cell Adhesion Molecules Research	False	False	True	False	False
W4411309298	In Situ Vaccination with Poly-ICLC Combined with Systemic Nivolumab for the Treatment of Unresectable Hepatocellular Carcinoma	2025-06-01	Ja‐Der Liang, Po‐Chin Liang, Chia‐Tung Shun, Chien‐Hung Chen, Yao‐Ming Wu, Yu-Chen Hsu, Ying-Te Lee, Pei‐Ming Yang, Guan‐Tarn Huang, Andres Μ. Salazar, Mei–Hsuan Lee, Jin‐Chuan Sheu, Meng‐Tzu Weng	China Medical University Hospital, National Taiwan University, Oncovir (United States), National Taiwan University Hospital, China Medical University	Journal of Hepatocellular Carcinoma	https://doi.org/10.2147/jhc.s520710	2	article	True	Hepatocellular Carcinoma Treatment and Prognosis	Hepatology	Medicine	Health Sciences	Hepatocellular Carcinoma Treatment and Prognosis; Immunotherapy and Immune Responses; Cancer Immunotherapy and Biomarkers	False	False	True	False	False
W4376613627	20P Spatial analysis of residual tumor tissue provides new clues for post-neoadjuvant treatment approaches in triple-negative breast cancer	2023-05-01	Myriam Kossaï, Judith Passildas Jahanmohan, Nathalie Lacrampe, Ioana Molnar, M.A. Mouret Reynier, Catherine Abrial, Xavier Durando, Frederique Madeleine Penault-Llorca, N. Radosevic	Inserm, Centre Jean Perrin	ESMO Open	https://doi.org/10.1016/j.esmoop.2023.101244	1	article	True	Radiomics and Machine Learning in Medical Imaging	Radiology, Nuclear Medicine and Imaging	Medicine	Health Sciences	Radiomics and Machine Learning in Medical Imaging; Cancer Research and Treatments; Cancer Immunotherapy and Biomarkers	False	False	True	False	False
W4295500412	The Single-Cell Immunogenomic Landscape of B and Plasma Cells in Early-Stage Lung Adenocarcinoma	2022-09-13	Dapeng Hao, Guangchun Han, Ansam F. Sinjab, Lorena Isabel Gomez-Bolanos, Rossana Lazcano, Alejandra G. Serrano, Sharia D. Hernandez, Enyu Dai, Xuanye Cao, Jian Hu, Minghao Dang, Ruiping Wang, Yanshuo Chu, Xingzhi Song, Jianhua Zhang, Edwin Roger Parra, Jennifer Ann Wargo, Stephen G. Swisher, Tina Cascone, Boris Sepesi, P. Andrew Futreal, Mingyao Li, Steven M. Dubinett, Junya Fujimoto, Luisa M. Solis Soto, Ignacio Ivan Wistuba, Christopher S. Stevenson, Avrum E. Spira, Shabnam Shalapour, Humam N. Kadara, Linghua Wang	University of California, Los Angeles, The University of Texas Health Science Center at Houston, Boston University, University of Pennsylvania, Johnson & Johnson (United States), The University of Texas MD Anderson Cancer Center	Cancer Discovery	https://doi.org/10.1158/2159-8290.cd-21-1658	162	article	True	Single-cell and spatial transcriptomics	Molecular Biology	Biochemistry, Genetics and Molecular Biology	Life Sciences	Single-cell and spatial transcriptomics; Cancer Immunotherapy and Biomarkers; Lung Cancer Research Studies	False	False	True	False	False
W3083144367	Abstract 6499: Small slide, big world: Fast detection of altered proteins and RNA levels in clinical samples using Nanostring nCounter® GeoMxTM Digital Spatial Profiler	2020-08-15	Jingjing Gong, Matthew R. Farren, Walid Labib Shaib, Gregory B. Lesinski, Sarah E. Warren, Yan Mei Liang	Nanostring Technologies (United States), Emory University, Winship Cancer Institute	Cancer Research	https://doi.org/10.1158/1538-7445.am2020-6499	1	conference-abstract	False	Nanoplatforms for cancer theranostics	Biomedical Engineering	Engineering	Physical Sciences	Nanoplatforms for cancer theranostics; Cancer Research and Treatments; Single-cell and spatial transcriptomics	False	False	True	False	False
W4304956742	Transcriptomic dissection of Intraepithelial Papillary Mucinous Neoplasms progression by spatial technologies identified novel markers of pancreatic carcinogenesis	2022-10-13	Antonio Agostini, Geny Piro, Frediano Socrate Inzani, Giuseppe Quero, Annachiara Esposito, Alessia Caggiano, Lorenzo Priori, Alberto Larghi, Sergio Alfieri, Raffaella Casolino, Vincenzo Corbo, Andrew Victor Biankin, Giampaolo Tortora, Carmine Carbone	University of Glasgow, Università Cattolica del Sacro Cuore, Istituti di Ricovero e Cura a Carattere Scientifico, UNSW Sydney, Glasgow Royal Infirmary, University of Verona, Agostino Gemelli University Polyclinic	bioRxiv (Cold Spring Harbor Laboratory)	https://doi.org/10.1101/2022.10.12.511894	1	preprint	True	Pancreatic and Hepatic Oncology Research	Oncology	Medicine	Health Sciences	Pancreatic and Hepatic Oncology Research; Single-cell and spatial transcriptomics; Cancer Genomics and Diagnostics	False	False	True	False	False
W4390583888	Spatial profiling of the placental chorioamniotic membranes reveals upregulation of immune checkpoint proteins during Group B Streptococcus infection in a nonhuman primate model	2024-01-04	Gygeria Manuel, Michelle M. Coleman, Austyn Orvis, JEFFREY A. MUNSON, Amanda Li, Raj P. Kapur, Miranda Li, Edmunda Li, Blair Armistead, Lakshmi Rajagopal, Kristina M. Adams Waldorf	Seattle Children's Hospital, University of Washington, Seattle Children's Research Institute, Morehouse School of Medicine, Case Western Reserve University	Frontiers in Cellular and Infection Microbiology	https://doi.org/10.3389/fcimb.2023.1299644	4	article	True	Neonatal and Maternal Infections	Public Health, Environmental and Occupational Health	Medicine	Health Sciences	Neonatal and Maternal Infections; Preterm Birth and Chorioamnionitis; Reproductive System and Pregnancy	False	False	True	False	False
W4401386382	Human Vascularized Macrophage-Islet Organoids to Model Immune-Mediated Pancreatic β cell Pyroptosis upon Viral Infection	2024-08-06	Liuliu Yang, Yuling Han, Tuo Zhang, Xue Dong, Jian Ge, Aadita Roy, Jiajun Zhu, Tiankun Lu, J. Jeya Vandana, Neranjan de Silva, Catherine C. Robertson, Jenny Xiang, Chendong Pan, Yanjie Sun, Jianwen Que, Todd Evans, Chengyang Liu, Wei J. Wang, Ali Hadi Naji, Stephen C.J. Parker, Robert E. Schwartz, Shuibing Chen	Columbia University Irving Medical Center, University of Pennsylvania, Beijing Institute for Stem Cell and Regenerative Medicine, Chinese Academy of Sciences, Institute of Zoology, University of Michigan, Chinese Academy of Medical Sciences & Peking Union Medical College, Weill Cornell Medicine, State Key Laboratory of Stem Cell and Reproductive Biology, State Key Laboratory of Experimental Hematology, Institute of Hematology & Blood Diseases Hospital	bioRxiv (Cold Spring Harbor Laboratory)	https://doi.org/10.1101/2024.08.05.606734	1	preprint	True	Pancreatic function and diabetes	Surgery	Medicine	Health Sciences	Pancreatic function and diabetes; Diabetes and associated disorders; Phagocytosis and Immune Regulation	False	False	True	False	False
W4412578865	Spatial transcriptomics mapping of immune cell and TGFβ signalling pathway heterogeneity in testicular germ cell tumours	2025-07-22	Sarah C. Moody, Daniela Fietz, Benedict Nathaniel, Mark Frydenberg, Ben Tran, Hans‐Christian Schuppe, Kate L. Loveland	Peter MacCallum Cancer Centre, Justus-Liebig-Universität Gießen, Monash University, Cabrini Hospital, Hudson Institute of Medical Research, Walter and Eliza Hall Institute of Medical Research	Andrology	https://doi.org/10.1111/andr.70100	3	article	True	Single-cell and spatial transcriptomics	Molecular Biology	Biochemistry, Genetics and Molecular Biology	Life Sciences	Single-cell and spatial transcriptomics; Testicular diseases and treatments; Glioma Diagnosis and Treatment	False	False	True	False	False
W4391878586	Identification of retinal tau oligomers, citrullinated tau, and other tau isoforms in early and advanced AD and relations to disease status	2024-02-16	Haoshen Shi, Nazanin Mirzaei, Yosef Koronyo, Miyah R. Davis, Edward Robinson, Gila M. Braun, Ousman Jallow, Altan Rentsendorj, V. Krishnan Ramanujan, Justyna Fert‐Bober, Andrei A. Kramerov, Alexander V. Ljubimov, Lon S. S. Schneider, Warren G. Tourtellotte, Debra Hawes, Julie A. Schneider, Keith L. Black, Rakez Kayed, Maj‐Linda B. Selenica, Daniel C. Lee, Dieu-Trang S. Fuchs, Maya Koronyo‐Hamaoui	Rush University Medical Center, Cedars-Sinai Medical Center, University of Kentucky, The University of Texas Medical Branch at Galveston, University of Southern California, Cedars-Sinai Smidt Heart Institute, University of South Florida	bioRxiv (Cold Spring Harbor Laboratory)	https://doi.org/10.1101/2024.02.13.579999	1	preprint	True	Dementia and Cognitive Impairment Research	Psychiatry and Mental health	Medicine	Health Sciences	Dementia and Cognitive Impairment Research; Glaucoma and retinal disorders; Alzheimer's disease research and treatments	False	False	True	False	False
W7123972930	Altered acetate metabolism and signaling in IgA nephropathy: an integrated gut microbiome and glomerular spatial transcriptome analysis	2026-01-14	Jung Hun Koh, Sehoon Park, Minji Kang, Ji In Park, Jangwook Lee, Hyunjeong Cho, Ji Eun Kim, Hoonsik Nam, Doyeon Kim, Minshu Li, Sunghyouk Park, Kyung Chul Moon, Hyun Je Kim, Yon Su Kim, Dong Ki Kim, Hajeong Lee	Seoul National University, Seoul National University Hospital, Chungbuk National University Hospital, Kangwon National University Hospital, Dongguk University Ilsan Hospital, Korea University Guro Hospital	Frontiers in Immunology	https://doi.org/10.3389/fimmu.2025.1665585	2	article	True	Renal Diseases and Glomerulopathies	Nephrology	Medicine	Health Sciences	Renal Diseases and Glomerulopathies; Gut microbiota and health; Chronic Kidney Disease and Diabetes	False	False	True	False	False
W4308398775	117 High-plex spatial proteomic profiling of immunotherapy response groups in head and neck cancer identifies tissue signatures associated with therapy response	2022-11-01	Arutha Kulasinghe, Habib Sadeghirad, Ning Liu, James H. Monkman, Chin Wee Tan, Caroline Cooper, S. Church, Fabian Schneider, Jeppe Thaagard, James Robert Mansfield, Kenneth John O'Byrne, Melissa Boneta Davis, Brett G.M. Hughes	The University of Queensland, Nanostring Technologies (United States), Princess Alexandra Hospital, Walter and Eliza Hall Institute of Medical Research, Royal Brisbane and Women's Hospital	Regular and Young Investigator Award Abstracts	https://doi.org/10.1136/jitc-2022-sitc2022.0117	1	conference-abstract	True	Radiomics and Machine Learning in Medical Imaging	Radiology, Nuclear Medicine and Imaging	Medicine	Health Sciences	Radiomics and Machine Learning in Medical Imaging; Cancer Genomics and Diagnostics; Ferroptosis and cancer prognosis	False	False	True	False	False
W4220705731	Abstract P1-05-02: Intratumor molecular tumor heterogeneity in low ER-expressing primary breast tumors	2022-02-15	Julia Foldi, Emily Reisenbichler, Liuliu Pan, Krsitina Sorg, S. Church, Lajos Pusztai	Nanostring Technologies (United States), Yale University	Cancer Research	https://doi.org/10.1158/1538-7445.sabcs21-p1-05-02	1	conference-abstract	False	Estrogen and related hormone effects	Genetics	Biochemistry, Genetics and Molecular Biology	Life Sciences	Estrogen and related hormone effects	False	False	True	False	False
W4416295050	Spatial Multi-Omics Workflow and Analytical Guidelines for Alzheimer’s Neuropathology	2025-11-17	Xuehan Sun, Hannah R. Hudson, Timothy C. Orr, Srinivas Koutarapu, Alyssa B. Rosenbloom, Matthew H. Ingalls, Oliver Braubach, Christopher Dirk Keene, Joseph Beechem, Miranda E. Orr	University of Washington, St. Louis VA Medical Center, Washington University in St. Louis	bioRxiv (Cold Spring Harbor Laboratory)	https://doi.org/10.1101/2025.11.16.688710	1	preprint	True	Single-cell and spatial transcriptomics	Molecular Biology	Biochemistry, Genetics and Molecular Biology	Life Sciences	Single-cell and spatial transcriptomics; Cell Image Analysis Techniques; Bioinformatics and Genomic Networks	False	False	True	False	False
W2980057502	Advanced molecular characterization using Digital Spatial Profiling Technology on immuno-oncology targets in methylated compared with unmethylated IDH-wildtype glioblastoma	2019-10-01	Hannah R. Barber, Beatrice Lander, Aled R. Daniels, Antonis Tofias, Jing Gong, Yuqi Ren, Xing Ren, Yan Mei Liang, Paul White, Kathreena Mary Kurian	Nanostring Technologies (United States), University of the West of England, University of Bristol	Neuro-Oncology	https://doi.org/10.1093/neuonc/noz167.032	3	conference-abstract	True	Cancer Research and Treatments	Biotechnology	Biochemistry, Genetics and Molecular Biology	Life Sciences	Cancer Research and Treatments; Cell Image Analysis Techniques; Single-cell and spatial transcriptomics	False	False	True	False	False
W4391163727	P172 Spatial Transcriptomics Characterization of S1P Pathway Genes in Ulcerative Colitis and Crohn’s Disease Colon Tissues	2024-01-01	Jingwan Zhang, Rachel Maddux, Anne Sohrt Petersen, Saurabh Mehandru, William M. Stauffer, Vijay R. Baichwal, Sarah Harris	Icahn School of Medicine at Mount Sinai, Bristol-Myers Squibb (United States)	Journal of Crohn s and Colitis	https://doi.org/10.1093/ecco-jcc/jjad212.0302	1	conference-abstract	True	Inflammatory Bowel Disease	Genetics	Biochemistry, Genetics and Molecular Biology	Life Sciences	Inflammatory Bowel Disease; Cancer Immunotherapy and Biomarkers; Systemic Lupus Erythematosus Research	False	False	True	False	False
W4380488414	Spatial proteomics reveals heterogeneity in neural markers underpinning high-fat diet-induced myopathy in male mice	2023-06-13	Lydia D. Hardowar, Jayakumar Narayanan Vadakekolathu, Sergio Rutella, Richard P. Hulse, Craig L. Doig	Nottingham Trent University	bioRxiv (Cold Spring Harbor Laboratory)	https://doi.org/10.1101/2023.06.12.544330	1	preprint	True	Muscle Physiology and Disorders	Molecular Biology	Biochemistry, Genetics and Molecular Biology	Life Sciences	Muscle Physiology and Disorders; Adipose Tissue and Metabolism; Exercise and Physiological Responses	False	False	True	False	False
W7123676956	Protocol for dual spatial transcriptomic profiling of infected tissues	2026-01-14	Hao Xuan Zhou, Ankush Tyagi, Maxine A. McClain, Esperanza Anguiano, Serena Abbondante, Eric M. Pearlman, Mihaela G. Gadjeva	Khalifa University of Science and Technology, University of California, Irvine	STAR Protocols	https://doi.org/10.1016/j.xpro.2025.104282	1	article	True	Single-cell and spatial transcriptomics	Molecular Biology	Biochemistry, Genetics and Molecular Biology	Life Sciences	Single-cell and spatial transcriptomics; Orthopedic Infections and Treatments; Neutrophil, Myeloperoxidase and Oxidative Mechanisms	False	False	True	False	False
W4412924498	Spatial deciphering of the transcriptomic heterogeneity of tumor spread through air spaces in lung cancer	2025-07-25	Wenhao Wang, Wenhao Zhou, Jingli Fan, Tao Jiang, Guang Yang, Congcong Song, Siwei Xu, Haitao Luo, Huining Liu	Hebei Medical University, First Hospital of Shijiazhuang, First Affiliated Hospital of Hebei Medical University	Frontiers in Pharmacology	https://doi.org/10.3389/fphar.2025.1567527	1	article	True	Single-cell and spatial transcriptomics	Molecular Biology	Biochemistry, Genetics and Molecular Biology	Life Sciences	Single-cell and spatial transcriptomics; Indoor Air Quality and Microbial Exposure; Esophageal Cancer Research and Treatment	False	False	True	False	False
W4295227464	Validation of a novel model of ovarian carcinogenesis: Digital spatial profiling of premalignant fallopian tube lesions in the MADM mouse and the potential impact on primary prevention of epithelial ovarian cancer (124)	2022-08-01	Annelise Wilhite, Kevin Lee, Catherine E. Lyons, Hui Zong, Jennifer Michelle Scalici	University of Virginia, USA Mitchell Cancer Institute, University of South Alabama	Gynecologic Oncology	https://doi.org/10.1016/s0090-8258(22)01350-6	1	article	False	Ovarian cancer diagnosis and treatment	Reproductive Medicine	Medicine	Health Sciences	Ovarian cancer diagnosis and treatment; Cancer Research and Treatments; Single-cell and spatial transcriptomics	False	False	True	False	False
W4379281034	Spatially resolved multi-region transcriptomic subtyping and assessment of gene expression profiles associated with long-term benefit from chemo-immunotherapy in patients with extensive-stage small cell lung cancer (ES-SCLC).	2023-06-01	Melina Peressini, Rosario García Campelo, Manuel Cobo, Manuel Dómine, Javier de Castro, José Fuentes Pradera, Juan Felipe Cordoba, Emilio Esteban, Enric Carcereny, Laia Vilà, Alberto Moreno, Silverio Ros, Gerardo Huidobro Vence, Bartomeu Massutí, Magdalena Molero, Vera Adradas, Esther Conde, Santiago Ponce Aix, Luis G Paz-Ares, Jon Zugazagoitia	Hospital Universitario La Paz, Centro de Investigación Biomédica en Red de Cáncer, Hospital Universitario 12 De Octubre, Institut Gustave Roussy, Universidad Complutense de Madrid, Hospital Regional Universitario de Málaga, Hospital Universitario Virgen de la Arrixaca, Hospital Universitario Reina Sofía, Hospital Universitario Fundación Jiménez Díaz, Corporació Sanitària Parc Taulí, Hospital Universitario de Valme, Complexo Hospitalario Universitario A Coruña, Hospital Universitari Arnau de Vilanova, Research Institute Hospital 12 de Octubre, Hospital Universitario Central de Asturias	Journal of Clinical Oncology	https://doi.org/10.1200/jco.2023.41.16_suppl.8594	1	conference-abstract	False	Lung Cancer Research Studies	Oncology	Medicine	Health Sciences	Lung Cancer Research Studies; Lung Cancer Treatments and Mutations; RNA modifications and cancer	False	False	True	False	False
W4362542507	Abstract 4629: Heterogeneity in glioblastoma tumor microenvironment: Opportunities for new therapies	2023-04-04	Sandra Delebecq, Adele Ponzoni, Richard Ruez, Corinne Ramos, Jonathan Stauber		Cancer Research	https://doi.org/10.1158/1538-7445.am2023-4629	1	conference-abstract	False	Molecular Biology Techniques and Applications	Molecular Biology	Biochemistry, Genetics and Molecular Biology	Life Sciences	Molecular Biology Techniques and Applications; Radiomics and Machine Learning in Medical Imaging; Ferroptosis and cancer prognosis	False	False	True	False	False
W4414992802	58Dissecting the interplay between Bap1 and Pbrm1 in renal cell carcinoma	2025-10-01	Bingqing Xie, Akhilesh C. Mishra, Ming Gao, James Brugarolas	The University of Texas Southwestern Medical Center, National Institute of Technology Rourkela	The Oncologist	https://doi.org/10.1093/oncolo/oyaf276.059	1	article	True	Renal and related cancers	Molecular Biology	Biochemistry, Genetics and Molecular Biology	Life Sciences	Renal and related cancers; Renal cell carcinoma treatment	False	False	True	False	False
W7161156929	Characterization of the tumor microenvironment in locally advanced gastric cancer and identification of spatially predictive biomarkers associated with beneficial neoadjuvant immunochemotherapy	2026-05-14	Xiaohong Xu, Jun Fan, Li Peng, Zhengkai Xiang, Danju Luo, Chenggong Ma, Bo Huang, Xiu Nie, Xiaochuan Dong	Hubei Cancer Hospital, Huazhong University of Science and Technology	Frontiers in Immunology	https://doi.org/10.3389/fimmu.2026.1823308	2	article	True	Cancer Immunotherapy and Biomarkers	Oncology	Medicine	Health Sciences	Cancer Immunotherapy and Biomarkers; Gastric Cancer Management and Outcomes; Cancer Cells and Metastasis	False	False	True	False	False
W4206492491	High-plex proteomic prognostic marker discovery for patients with pancreatic cancer adenocarcinoma using digital spatial profiling.	2022-01-19	Nigel Balfour Jamieson, Assya Legrini, Holly Leslie, Stephan B. Dreyer, Andrew Victor Biankin, David Kuang-Fu Chang	University of Glasgow	Journal of Clinical Oncology	https://doi.org/10.1200/jco.2022.40.4_suppl.611	1	conference-abstract	False	Radiomics and Machine Learning in Medical Imaging	Radiology, Nuclear Medicine and Imaging	Medicine	Health Sciences	Radiomics and Machine Learning in Medical Imaging; Pancreatic and Hepatic Oncology Research; Cancer Genomics and Diagnostics	False	False	True	False	False
W4411713869	The Translational Research Program in Cancer Differences across Populations	2025-06-27	Jane C. Figueiredo, Diana G. Redwood, Li Li, Elizabeth Donato, Daniel G. Fort, Eric E. Fox, William M. Grady, Heather A. Green, Tabitha A. Harrison, Carl Haupt, Li Hsu, Meredith A.J. Hullar, Jeroen R. Huyghe, Wenora Johnson, Amanda L. Koehne, Scott D. LaBrie, Meredith A. Lakey, Minggang Lin, Nicole C. Loroña, Grace A. Maresh, Marc Ryan Matrana, Jonathan D. Mizrahi, Sarah H. Nash, Nathalie T. Nguyen, Jennifer Leigh Paruch, Amanda I. Phipps, Conghui Qu, Timothy W. Randolph, Stephanie Romo, Claire Elizabeth Thomas, Sushma Thomas, James J. Tiesinga, Charles B. Whitlow, Cecilia C.S. Yeung, Hang Yin, Craig M. Zibilich, Christopher I. Li, Timothy K. Thomas, Ulrike Peters	Cedars-Sinai Medical Center, Fred Hutch Cancer Center, Ochsner Health System, University of Washington, Alaska Native Medical Center, Cancer Consortium, Alaska Native Tribal Health Consortium, University of Iowa, Patient-Centered Outcomes Research Institute	Cancer Epidemiology Biomarkers & Prevention	https://doi.org/10.1158/1055-9965.epi-24-1711	2	article	True	Colorectal Cancer Treatments and Studies	Oncology	Medicine	Health Sciences	Colorectal Cancer Treatments and Studies; Cancer Genomics and Diagnostics; Molecular Biology Techniques and Applications	False	False	True	False	False
W4294053500	Cell type-specific inference of differential expression in spatial transcriptomics	2022-09-01	Dylan M. Cable, Evan M. Murray, Vignesh Shanmugam, Simon Zhang, Luli S. Zou, Michael Diao, Haiqi Chen, Evan Z. Macosko, Rafael A. Irizarry, Fei Chen	Massachusetts Institute of Technology, The University of Texas Southwestern Medical Center, Dana-Farber Cancer Institute, Dana-Farber/Harvard Cancer Center, Harvard University, Brigham and Women's Hospital, Broad Institute, Massachusetts General Hospital	Nature Methods	https://doi.org/10.1038/s41592-022-01575-3	182	article	True	Single-cell and spatial transcriptomics	Molecular Biology	Biochemistry, Genetics and Molecular Biology	Life Sciences	Single-cell and spatial transcriptomics; Cell Image Analysis Techniques; Neutrophil, Myeloperoxidase and Oxidative Mechanisms	False	False	True	False	False
W3024300243	The Society for Immunotherapy of Cancer statement on best practices for multiplex immunohistochemistry (IHC) and immunofluorescence (IF) staining and validation	2020-05-01	Janis Marie Taube, Güray Aktürk, Michael R. Angelo, Elizabeth L. Engle, Sacha Gnjatic, Shirley Greenbaum, Noah F. Greenwald, Cyrus V. Hedvat, Travis J. Hollmann, Jonathan Wes Juco, Edwin Roger Parra, Marlon Cezar Rebelatto, David L. Rimm, Jaime Rodriguez‐Canales, Kurt Alex Schalper, Edward C. Stack, Cláudia S. Ferreira, Konstanty Korski, Ana Lako, Scott J. Rodig, Emanuel Schenck, Keith E. Steele, Michael J. Surace, Michael T. Tetzlaff, Katharina von Loga, Ignacio Ivan Wistuba, Carlo Bruno Bifulco	Stanford University, Icahn School of Medicine at Mount Sinai, Bristol-Myers Squibb (United States), Stanford Medicine, Harvard University, Royal Marsden NHS Foundation Trust, Tisch Cancer Institute, Roche Pharma AG (Germany), Yale University, Providence Portland Medical Center, The University of Texas MD Anderson Cancer Center, AstraZeneca (United States), Johns Hopkins Medicine, Royal Marsden Hospital, Merck & Co., Inc., Rahway, NJ, USA (United States), Memorial Sloan Kettering Cancer Center, Johns Hopkins University, Dana-Farber Brigham Cancer Center, Jounce Therapeutics (United States)	Journal for ImmunoTherapy of Cancer	https://doi.org/10.1136/jitc-2019-000155	298	article	True	Single-cell and spatial transcriptomics	Molecular Biology	Biochemistry, Genetics and Molecular Biology	Life Sciences	Single-cell and spatial transcriptomics; Cancer Immunotherapy and Biomarkers; Advanced Fluorescence Microscopy Techniques	False	False	True	False	False
W4408313125	Identification of conserved gene expression changes across common glomerular diseases by spatial transcriptomics	2025-03-11	Jeong Min Cho, Minji Kang, Sehoon Park, Jaeik Oh, Hsin‐Ping Ku, Ha Yeon Shin, Jung Hun Koh, Semin Cho, Yaerim Kim, Soojin Lee, Yong Chul Kim, Seung Seok Han, Kwon-Wook Joo, Yon Su Kim, Seung Hee Yang, Kyung Chul Moon, Hajeong Lee, Hyun Je Kim, Dong Ki Kim, on behalf of KORNERSTONE investigators	Seoul National University Hospital Biomedical Research Institute, Keimyung University, Seoul National University, Seoul National University Hospital, Chung-Ang University Gwangmyeong Hospital, Eulji University Uijeongbu Eulji Medical Center	Journal of Nephrology	https://doi.org/10.1007/s40620-025-02233-5	2	article	False	Single-cell and spatial transcriptomics	Molecular Biology	Biochemistry, Genetics and Molecular Biology	Life Sciences	Single-cell and spatial transcriptomics; Renal Diseases and Glomerulopathies; Chronic Kidney Disease and Diabetes	False	False	True	False	False
W4406024174	The human master circadian clock is vulnerable to tau pathology in the early stages of Alzheimer’s: a postmortem neuropathology using spatial in‐situ proteomics	2024-12-01	Gowoon Son, Mihovil Mladinov, Felipe Luiz Pereira, Song Hua Li, Chia‐Ling Tu, Grace Judge, Cláudia Kimie Suemoto, Renata Elaine Paraízo Leite, Vítor Ribeiro Paes, Carlos Augusto Pasqualucci, Wilson Jacob Filho, Salvatore Spina, William W. Seeley, Wenhan Chang, Thomas C. Neylan, Lea T. Grinberg	San Francisco VA Medical Center, Universidade de São Paulo, University of California, San Francisco	Alzheimer s & Dementia	https://doi.org/10.1002/alz.088431	3	article	True	Circadian rhythm and melatonin	Endocrine and Autonomic Systems	Neuroscience	Life Sciences	Circadian rhythm and melatonin; Alzheimer's disease research and treatments; Sleep and Wakefulness Research	False	False	True	False	False
W7127134750	Spatial Analysis of Intraductal Papillary Mucinous Neoplasms Defines a Paradoxical Keratin 17-Positive, Low-Grade Epithelial Population Harboring Malignant Features	2026-01-01	Jay Li, Georgina Branch, Justin Macchia, Ahmed M. Elhossiny, Nandini Arya, Julia Liang, Padma Kadiyala, Nicole Peterson, Richard S. Kwon, Jorge D. Machicado, Erik‐Jan Wamsteker, Allison R. Schulman, George Philips, Stacy B. Menees, Jonathan Xia, Aatur D. Singhi, Vaibhav Sahai, Jiayun M. Fang, Timothy L. Frankel, Filip Bednar, Marina Pasca di Magliano, Jiaqi Shi, Eileen S. Carpenter	Michigan Medicine, U-M Rogel Cancer Center, VA Ann Arbor Healthcare System, Ann Arbor VA Medical Center, University of Michigan, University of Pittsburgh	Cellular and Molecular Gastroenterology and Hepatology	https://doi.org/10.1016/j.jcmgh.2026.101749	2	article	True	Skin and Cellular Biology Research	Cell Biology	Biochemistry, Genetics and Molecular Biology	Life Sciences	Skin and Cellular Biology Research; Nonmelanoma Skin Cancer Studies; Hair Growth and Disorders	False	False	True	False	False
W4416827248	Immune-modulating effects on tumor-draining lymph nodes of neoadjuvant chemoradiotherapy combined with dual immunotherapy in patients with T3-4N0-2 NSCLC	2025-11-01	Ezgi B Ulas, Sofie J. I. Koomen, Anne Vrijmoet, Ilias Houda, H. Ibrahim Korkmaz, Chris Dickhoff, Idris Bahce, Suresh Senan, Tanja D. de Gruijl, Marieke F. Fransen, Teodora Radonic, Febe van Maldegem, Famke L. Schneiders	Amsterdam Movement Sciences, Rode Kruis Ziekenhuis, Amsterdam UMC Location Vrije Universiteit Amsterdam, Amsterdam institute for Immunology and Infectious Diseases, Cancer Center Amsterdam	Journal for ImmunoTherapy of Cancer	https://doi.org/10.1136/jitc-2025-013237	3	article	True	Cancer Immunotherapy and Biomarkers	Oncology	Medicine	Health Sciences	Cancer Immunotherapy and Biomarkers; Effects of Radiation Exposure; Colorectal and Anal Carcinomas	False	False	True	False	False
W4380626549	#3979 DIGITAL SPATIAL PROFILING CAN BE USED TO STUDY GLOMERULAR ENDOTHELIAL CELLS IN IGA NEPHROPATHY	2023-06-01	Haresh Selvaskandan, Charlotte Boys, Izabella Z. A. Pawluczyk, Jonathan Barratt	Heidelberg University, University of Leicester	Nephrology Dialysis Transplantation	https://doi.org/10.1093/ndt/gfad063c_3979	1	article	True	Single-cell and spatial transcriptomics	Molecular Biology	Biochemistry, Genetics and Molecular Biology	Life Sciences	Single-cell and spatial transcriptomics; Renal and Vascular Pathologies; Renal Diseases and Glomerulopathies	False	False	True	False	False
W4312086544	Cellular senescence profiling reveals distinct sub‐types of neurofibrillary tangle bearing neurons.	2022-12-01	Miranda E. Orr, Timothy C. Orr, Shiva Kazempour Dehkordi, Habil Zare, Jamie M. Walker, Christopher Dirk Keene	University of Washington, Wake Forest University, Wake Forest University Health Sciences, The University of Texas at San Antonio Health Science Center, W. G. (Bill) Hefner VA Medical Center	Alzheimer s & Dementia	https://doi.org/10.1002/alz.069118	2	article	False	Genetics, Aging, and Longevity in Model Organisms	Aging	Biochemistry, Genetics and Molecular Biology	Life Sciences	Genetics, Aging, and Longevity in Model Organisms; Health, Environment, Cognitive Aging	False	False	True	False	False
W4311350141	Spatial omics technologies at multimodal and single cell/subcellular level	2022-12-13	Jiwoon Park, Junbum Kim, Tyler Lewy, Charles M. Rice, Olivier Elemento, André F. Rendeiro, Christopher E. Mason	CeMM Research Center for Molecular Medicine, Cornell University, Rockefeller University, Weill Cornell Medicine, Austrian Academy of Sciences	Genome biology	https://doi.org/10.1186/s13059-022-02824-6	127	article	True	Single-cell and spatial transcriptomics	Molecular Biology	Biochemistry, Genetics and Molecular Biology	Life Sciences	Single-cell and spatial transcriptomics; Cell Image Analysis Techniques; Gene Regulatory Network Analysis	False	False	True	False	False
W7127685787	Proteogenomic Profiling Reveals a Distinct Endogenous p16INK4a-Associated Senescence Signature in the Human Ovary	2026-02-04	Fiona Senchyna, Kevin Schneider, Pooja Raj Devrukhkar, Nicolas J.-P. Martin, Tommy Tran, Josef Byrne, Mark A. Watson, Fei Wu, Minja Belić, Matías Fuentealba, Elisheva D. Shanes, Mary Ellen G. Pavone, Bikem Soygur, Birgit Schilling, Simon Melov, Francesca Elizabeth Duncan, David Furman	Buck Institute for Research on Aging, University of Southern California, Northwestern University	bioRxiv (Cold Spring Harbor Laboratory)	https://doi.org/10.64898/2026.02.02.703302	1	preprint	True	Telomeres, Telomerase, and Senescence	Physiology	Medicine	Health Sciences	Telomeres, Telomerase, and Senescence; Cancer-related Molecular Pathways; Chromatin Remodeling and Cancer	False	False	True	False	False
W4284887125	Spatial meta-transcriptomics reveal associations of intratumor bacteria burden with lung cancer cells showing a distinct oncogenic signature	2022-07-01	Abigail Wong-Rolle, Qiang G Dong, Yunhua Zhu, Prajan Divakar, Jyh Liang Hor, Noémi Kedei, Madeline Wong, Desiree Tillo, Elizabeth A. Conner, Arun Kumar Rajan, David S. Schrump, Chengcheng Jin, Ronald N. Germain, Chen Ning Zhao	National Institute of Allergy and Infectious Diseases, University of Pennsylvania, National Cancer Institute, Nanostring Technologies (United States), National Institutes of Health, Center for Cancer Research, Frederick National Laboratory for Cancer Research	Journal for ImmunoTherapy of Cancer	https://doi.org/10.1136/jitc-2022-004698	98	article	True	Cancer Research and Treatments	Biotechnology	Biochemistry, Genetics and Molecular Biology	Life Sciences	Cancer Research and Treatments; Lung Cancer Diagnosis and Treatment; Gut microbiota and health	False	False	True	False	False
W4362597079	Abstract 4709: Spatial whole transcriptome profiling of human normal liver and HCC uncovers unique insights into metabolic zonation	2023-04-04	Yan Liang, Nan Wang, Xia Li, Kathy Ton, Liang Zhang, Megan Vandenberg, Charlie Glaser, Zhiyong Ding, Joseph Beechem, Andy Nam, Yan Liang	Nanostring Technologies (United States)	Cancer Research	https://doi.org/10.1158/1538-7445.am2023-4709	1	conference-abstract	False	Metabolomics and Mass Spectrometry Studies	Molecular Biology	Biochemistry, Genetics and Molecular Biology	Life Sciences	Metabolomics and Mass Spectrometry Studies; Cancer, Hypoxia, and Metabolism; Liver Disease Diagnosis and Treatment	False	False	True	False	False
W4412639118	Unraveling tumor microenvironments with spatial genomics: Implications for precision breast cancer therapy	2025-07-24	Amina Suleiman Kamsalem, Obianujunwa Mercy Ubah, Tobiloba Philip Olatokun, Regina Omodolapo Oluwaniyi, Olivia Ajifa Philips, Damilola Samuel Ojo-omoniyi, Omolola Lolade Oluwasakinju	Ahmadu Bello University, National Hospital Abuja, University of Ilorin, Lead City University, Changchun University of Chinese Medicine, Obafemi Awolowo University	International Journal of Life Science Research Archive	https://doi.org/10.53771/ijlsra.2025.9.1.0045	1	article	True	Cancer Genomics and Diagnostics	Cancer Research	Biochemistry, Genetics and Molecular Biology	Life Sciences	Cancer Genomics and Diagnostics; Single-cell and spatial transcriptomics; Cancer Research and Treatments	False	False	True	False	False
W7124734515	Digital spatial profiling identifies features of primary and locoregional metastatic vasculature in triple negative breast cancer	2026-01-19	Akhilandeshwari Ravichandran, Kyle R. Upton, Shiva Taheri, Liu C, Kaltin Ferguson, Mark N. Adams, Laura Jane Bray	Mater Research, The University of Queensland, Queensland University of Technology, Translational Research Institute, Princess Alexandra Hospital, Mater Health Services	Clinical & Experimental Metastasis	https://doi.org/10.1007/s10585-026-10391-4	1	article	True	S100 Proteins and Annexins	Molecular Biology	Biochemistry, Genetics and Molecular Biology	Life Sciences	S100 Proteins and Annexins; Angiogenesis and VEGF in Cancer; Biomarkers in Disease Mechanisms	False	False	True	False	False
W4409625734	Abstract 774: Deciphering the biology of colorectal metastasis to the peritoneal surface	2025-04-21	Shahid Umar, Badal C. Roy, Amrita Mitra, Jill Haley, Harsh B. Pathak, Andrew K. Godwin, Luke V. Selby, Mazin Al‐Kasspooles	University of Kansas Medical Center	Cancer Research	https://doi.org/10.1158/1538-7445.am2025-774	1	conference-abstract	False	Intraperitoneal and Appendiceal Malignancies	Surgery	Medicine	Health Sciences	Intraperitoneal and Appendiceal Malignancies	False	False	True	False	False
W4379521442	The technological landscape and applications of single-cell multi-omics	2023-06-06	Alev Baysoy, Zhiliang Bai, Rahul Satija, Rong Liang Fan	Yale University, New York Genome Center, Yale Cancer Center, New York University	Nature Reviews Molecular Cell Biology	https://doi.org/10.1038/s41580-023-00615-w	1041	review	True	Single-cell and spatial transcriptomics	Molecular Biology	Biochemistry, Genetics and Molecular Biology	Life Sciences	Single-cell and spatial transcriptomics; Cancer Genomics and Diagnostics; Bioinformatics and Genomic Networks	False	False	True	False	False
W7118118521	Novel insights into meningioma brain invasion with spatial transcriptomic profiling	2026-01-04	Andrea Daniela Maier, Claes Ottzen Laurentiussen, Signe Regner Michaelsen, Lorenzo Perino, Tobias Overlund Stannius, Dylan Scott Lykke Harwood, Marc Nihøj Klausen, Jeppe Lohfert Haslund-Vinding, Nicolai Schou Bager, David Scheie, Ane Yde Schmidt, Linea Cecilie Melchior, Aušrinė Areškevičiūtė, Frederik Vilhardt, Knud Elnegaard Josefsen, David Ronan Raleigh, Frederik Otzen Bagger, Tiit Illimar Mathiesen, Bjarne Winther Kristensen	University of Copenhagen, Karolinska Institutet, Copenhagen University Hospital, Rigshospitalet, University of California, San Francisco	Acta Neuropathologica Communications	https://doi.org/10.1186/s40478-025-02206-6	2	article	True	Meningioma and schwannoma management	Epidemiology	Medicine	Health Sciences	Meningioma and schwannoma management; Glioma Diagnosis and Treatment; Brain Metastases and Treatment	False	False	True	False	False
W4399555498	Spatial resolution of transcriptomic plasticity states underpinning lethal morphologies in lung adenocarcinoma	2024-06-12	Hannah L. Williams, Nicolas Poulain, Ian R. Powley, Silvia Martinelli, Robert Bielik, Holly Leslie, Colin Nixon, Claire Wilson, Marco Sereno, Zhangyi He, Leah Officer-Jones, Fiona Ballantyne, Rachel L. Pennie, Colin S. Wood, David Y. Lewis, Nigel Balfour Jamieson, John P. C. Le Quesne	University of Glasgow, Glasgow Royal Infirmary, NHS Greater Glasgow and Clyde, NIHR Leicester Biomedical Research Centre, Cancer Research UK Scotland Institute, University of Leicester, University of Bern	bioRxiv (Cold Spring Harbor Laboratory)	https://doi.org/10.1101/2024.06.11.598228	1	preprint	False	Ferroptosis and cancer prognosis	Pulmonary and Respiratory Medicine	Medicine	Health Sciences	Ferroptosis and cancer prognosis; Gene expression and cancer classification; Bioinformatics and Genomic Networks	False	False	True	False	False
W4367624001	The immunopeptidome landscape associated with T cell infiltration, inflammation and immune editing in lung cancer	2023-05-01	Anne I. Kraemer, Chloé Chong, Florian Huber, HuiSong Pak, Brian J. Stevenson, Markus Müller, Justine Michaux, Emma Ricart Altimiras, Sylvie Rusakiewicz, Laia Simó‐Riudalbas, Evarist Planet, Maciej Wiznerowicz, Julien Dagher, Didier Trono, George Coukos, Stephanie Tissot, Michal Bassani‐Sternberg	Centre Hospitalier Universitaire Vaudois, University of Lausanne, SIB Swiss Institute of Bioinformatics, Ludwig Cancer Research, International Institute for Molecular Oncology, École Polytechnique Fédérale de Lausanne, Poznan University of Medical Sciences	Nature Cancer	https://doi.org/10.1038/s43018-023-00548-5	88	article	True	vaccines and immunoinformatics approaches	Molecular Biology	Biochemistry, Genetics and Molecular Biology	Life Sciences	vaccines and immunoinformatics approaches; Peptidase Inhibition and Analysis; Immunotherapy and Immune Responses	False	False	True	False	False
W4416730346	Exploratory spatial transcriptomic profiling of peritumoral Th2 immune polarization in HPV-positive oropharyngeal cancer	2025-11-26	Naohiro Wakisaka, Makiko Moriyama‐Kita, Satoru Kondo, Eiji Kobayashi, Takayoshi Ueno, Yosuke Nakanishi, Kazuhira Endo, Hisashi Sugimoto, Tomokazu Yoshizaki	Kanazawa University, Kanazawa Medical Center	Frontiers in Oncology	https://doi.org/10.3389/fonc.2025.1732480	1	article	True	Single-cell and spatial transcriptomics	Molecular Biology	Biochemistry, Genetics and Molecular Biology	Life Sciences	Single-cell and spatial transcriptomics; IL-33, ST2, and ILC Pathways; Cancer Immunotherapy and Biomarkers	False	False	True	False	False
W4379337948	Deep multi-omic analyses to identify targetable pathways in desmoplastic small round cell tumor (DSRCT) with opportunities for clinical intervention.	2023-06-01	Limin Zhu, Jamie M. Keck, Jayne M. Stommel, Brett Johnson, Christopher L. Corless, Christopher W. Ryan, Gordon Brent Mills, Lara Emily Davis	OHSU Knight Cancer Institute, Oregon Health & Science University	Journal of Clinical Oncology	https://doi.org/10.1200/jco.2023.41.16_suppl.e22006	3	conference-abstract	False	Sarcoma Diagnosis and Treatment	Pulmonary and Respiratory Medicine	Medicine	Health Sciences	Sarcoma Diagnosis and Treatment; Peptidase Inhibition and Analysis; Protein Degradation and Inhibitors	False	False	True	False	False
W4409690291	Abstract 769: Spatial proteomics and transcriptomics reveal an altered immune cell landscape in bladder cancer patients unresponsive to BCG treatment	2025-04-21	Trine Strandgaard, Tine G. Andreasen, Tessa Jane Divita, Liina Salminen, Sean Houghton, Kasper Thorsen, Iver Nordentoft, Iyinyeoluwa Okulate, Alexander C. Schmitz, Søren R. Paludan, John P. Sfakianos, Amir Horowitz, Jørgen Bjerggaard Jensen, Lars Dyrskjøt	Aarhus University Hospital, Weill Cornell Medicine, Icahn School of Medicine at Mount Sinai, Aarhus University	Cancer Research	https://doi.org/10.1158/1538-7445.am2025-769	1	conference-abstract	False	Bladder and Urothelial Cancer Treatments	Surgery	Medicine	Health Sciences	Bladder and Urothelial Cancer Treatments; Immune responses and vaccinations	False	False	True	False	False
W4398223324	Association of computed tomography scan–assessed body composition with immune and PI3K/AKT pathway proteins in distinct breast cancer tumor components	2024-05-22	Ting‐Yuan David Cheng, Dongtao Ann Fu, Sara Moscovita Falzarano, Runzhi Zhang, Susmita R. Datta, Weizhou Zhang, Angela R. Omilian, Livingstone Aduse‐Poku, Jiang Bian, Jerome Irianto, Jaya Ruth Asirvatham, Martha Campbell‐Thompson	Roswell Park Comprehensive Cancer Center, Baylor Scott & White Health, University of Florida, Florida State University, The Ohio State University	medRxiv	https://doi.org/10.1101/2024.05.21.24307688	1	preprint	True	Nutrition and Health in Aging	Physiology	Medicine	Health Sciences	Nutrition and Health in Aging; Nutritional Studies and Diet; Body Composition Measurement Techniques	False	False	True	False	False
W4394832871	MP74-10 AI-BASED RISK-STRATIFICATION TOOL PATHOMIQ_PRAD ANALYZES HISTOPATHOLOGY IMAGES TO ACCURATELY PREDICT METASTASIS IN BLACK MEN AND HELPS DISCOVER CANCER DRIVERS	2024-04-15	Dimple Chakravarty, Muhammad Hassan, Chensu Xie, Parag Jain, Rachel Brody, Lawrence W. Leung, Monali Fatterpekar, Wei Huang, Swati Bhardwaj, Hirak S. Basu, George Wilding, Rajat Roy, Sujit S. Nair, Ashutosh Kumar Tewari		The Journal of Urology	https://doi.org/10.1097/01.ju.0001008632.59099.b9.10	2	article	False	Prostate Cancer Diagnosis and Treatment	Pulmonary and Respiratory Medicine	Medicine	Health Sciences	Prostate Cancer Diagnosis and Treatment; Cancer-related molecular mechanisms research; Biomarkers in Disease Mechanisms	False	False	True	False	False
W4362657848	Analysis of Donor Pancreata Defines the Transcriptomic Signature and Microenvironment of Early Neoplastic Lesions	2023-04-06	Eileen S. Carpenter, Ahmed M. Elhossiny, Padma Kadiyala, Jay Li, Jake J. McGue, Brian D. Griffith, Yaqing Zhang, Jacob Edwards, Sarah Nelson, Fatima Lima, Katelyn L. Donahue, Wenting Du, Allison C. Bischoff, Danyah Alomari, Hannah R. Watkoske, Michael Mattea, Stephanie The, Carlos E. Espinoza, Meredith Barrett, Christopher J. Sonnenday, Nicholas Olden, Chin‐Tung Chen, Nicole Peterson, Valerie Gunchick, Vaibhav Sahai, Arvind Rao, Filip Bednar, Jiaqi Shi, Timothy L. Frankel, Marina Pasca di Magliano	Michigan Medicine, Memorial Sloan Kettering Cancer Center, U-M Rogel Cancer Center, University of Michigan, Gift of Life Michigan	Cancer Discovery	https://doi.org/10.1158/2159-8290.cd-23-0013	151	article	True	Pancreatic and Hepatic Oncology Research	Oncology	Medicine	Health Sciences	Pancreatic and Hepatic Oncology Research; Single-cell and spatial transcriptomics; Pancreatitis Pathology and Treatment	False	False	True	False	False
W4416139944	TMOD-29. Animal Free Modeling of Diffuse Intrinsic Pontine Glioma using a Human Neural Organoid	2025-11-01	Jack M. Shireman, Elliot Xie, Connie Lebaken, Shawn Damodharan, Christina M. Kendziorski, Mahua Dey	University of Chicago, University of Wisconsin–Madison	Neuro-Oncology	https://doi.org/10.1093/neuonc/noaf201.1903	1	conference-abstract	True	Glioma Diagnosis and Treatment	Genetics	Medicine	Health Sciences	Glioma Diagnosis and Treatment; Single-cell and spatial transcriptomics; Extracellular vesicles in disease	False	False	True	False	False
W4392956156	Human lung cancer harbors spatially organized stem-immunity hubs associated with response to immunotherapy	2024-03-19	Jonathan H. Chen, Linda T. Nieman, Maxwell Spurrell, Vjola Jorgji, Liad Elmelech, Peter M. Richieri, Katherine H. Xu, Roopa Madhu, Milan Parikh, Izabella Zamora, Arnav Mehta, Christopher S. Nabel, Samuel S. Freeman, Joshua D. Pirl, Chenyue Lu, Catherine Belle Meador, Jaimie Lynn Barth, Mustafa Sakhi, Alexander L. Tang, Siranush Sarkizova, Colles O. Price, Nicolas Fernandez, George Emanuel, Jiang He, Katrina van Raay, Jason Reeves, Keren Yizhak, Matan Hofree, Angela R. Shih, Moshe Sade-Feldman, Genevieve Marie Boland, Karin Pelka, Martin J. Aryee, Mari A. Mino-Kenudson, Justin F. Gainor, Ilya Korsunsky, Nir Hacohen	Massachusetts Institute of Technology, Koch Institute for Integrative Cancer Research At MIT, University of Pennsylvania, Dana-Farber Cancer Institute, Hebrew University of Jerusalem, Nanostring Technologies (United States), Harvard University, Brigham and Women's Hospital, Broad Institute, Technion – Israel Institute of Technology, Massachusetts General Hospital, Gladstone Institutes, University of California, San Francisco	Nature Immunology	https://doi.org/10.1038/s41590-024-01792-2	152	article	True	Immunotherapy and Immune Responses	Immunology	Immunology and Microbiology	Life Sciences	Immunotherapy and Immune Responses; Cancer Immunotherapy and Biomarkers; Immune Cell Function and Interaction	False	False	True	False	False
W7124996914	Prehabilitation as a Biologically Active Intervention Is Associated with the Remodeling of the Pancreatic Tumor-Immune Microenvironment	2026-01-18	Renee Stubbins, Boris Li, Matthew Vasquez, Blythe K. Gorman, Joseph M. Zambelas, Kelvin Allenson, Atiya F. Dhala, Wenjuan Dong, H. Zhao, Stephen Wong	Weill Cornell Medicine, Texas A&M University, Houston Methodist	International Journal of Molecular Sciences	https://doi.org/10.3390/ijms27020943	1	article	True	Cancer, Stress, Anesthesia, and Immune Response	Psychiatry and Mental health	Medicine	Health Sciences	Cancer, Stress, Anesthesia, and Immune Response; Immune cells in cancer; Cancer Research and Treatments	False	False	True	False	False
W4387981172	LSC - 2023 - Defining and modelling the fibrotic niche in lung fibrosis	2023-09-09	Joseph A. Bell, Michael Eyres, Elizabeth R. Davies, Zijian Xu, Yihua Wang, Gayle B. Marshall, Donna E. Davies, Emily Offer, Mark G. Jones	Medicines Discovery Catapult, University of Southampton	Unknown	https://doi.org/10.1183/13993003.congress-2023.oa4197	1	conference-abstract	False	Delphi Technique in Research	Sociology and Political Science	Social Sciences	Social Sciences	Delphi Technique in Research; Radiomics and Machine Learning in Medical Imaging	False	False	True	False	False
W4313816473	Abstract C111: Spatial transcriptome profiling of tumor and tumor microenvironment of triple negative breast cancer in patients of African American and European American descent	2023-01-01	Deepa Bedi, Balasubramanyam Karanam, Isra A. Elhussin, Chitra R. Nayak, Clayton Clopton Yates	Tuskegee University	Cancer Epidemiology Biomarkers & Prevention	https://doi.org/10.1158/1538-7755.disp22-c111	1	conference-abstract	False	Molecular Biology Techniques and Applications	Molecular Biology	Biochemistry, Genetics and Molecular Biology	Life Sciences	Molecular Biology Techniques and Applications; RNA modifications and cancer; Ferroptosis and cancer prognosis	False	False	True	False	False
W4388680019	Defining and modelling the fibrotic niche in lung fibrosis	2023-03-09	Joseph A. Bell, Michael Eyres, Elizabeth R. Davies, Z Xu, Yihua Wang, Gayle B. Marshall, Donna E. Davies, Emily Offer, Mark G. Jones	Medicines Discovery Catapult, University of Southampton	12.01 - Idiopathic interstitial pneumonias	https://doi.org/10.1183/23120541.lsc-2023.100	1	conference-abstract	False	Delphi Technique in Research	Sociology and Political Science	Social Sciences	Social Sciences	Delphi Technique in Research	False	False	True	False	False
W2063116926	Head of Cancer Drugs Fund regrets its establishment, conference hears	2015-01-15	Neil Hawkes		BMJ	https://doi.org/10.1136/bmj.h270	1	article	False	interferon and immune responses	Immunology	Immunology and Microbiology	Life Sciences	interferon and immune responses	False	False	True	False	False
W4387996162	KEAP1 mutation in lung adenocarcinoma promotes immune evasion and immunotherapy resistance	2023-10-25	Anastasia‐Maria Zavitsanou, Ray Pillai, Hao Yuan, Warren Wu, Eric Bartnicki, Triantafyllia R. Karakousi, Sahith Rajalingam, Alberto Herrera, Angeliki Karatza, Ali Rashidfarrokhi, Sabrina M. Solis, Metamia Ciampricotti, Anna H. Yeaton, Ellie N. Ivanova, Corrin A. Wohlhieter, Terkild B. Buus, Makiko Hayashi, Burcu Karadal-Ferrena, Harvey Ira Pass, John Thomas Poirier, Charles M. Rudin, Kwok‐Kin Wong, Andre Luis Moreira, Kamal Mohan Khanna, Aristotelis Tsirigos, Thales Y. Papagiannakopoulos, Sergei B. Koralov	Memorial Sloan Kettering Cancer Center, University of Copenhagen, VA NY Harbor Healthcare System, New York University, NYU Langone Health, Weill Cornell Medicine, NYU Langone’s Laura and Isaac Perlmutter Cancer Center, LEO Foundation	Cell Reports	https://doi.org/10.1016/j.celrep.2023.113295	152	article	True	Cancer Immunotherapy and Biomarkers	Oncology	Medicine	Health Sciences	Cancer Immunotherapy and Biomarkers; Immune Cell Function and Interaction; Immunotherapy and Immune Responses	False	False	True	False	False
W4410192454	Spatially resolved transcriptomic profiling for glomerular and tubulointerstitial gene expression in C3 glomerulopathy	2025-05-01	Jung Hun Koh, Minji Kang, Sehoon Park, Ha Yeon Shin, Hyunah Ku, Seong Min Lee, Jeong Min Cho, Semin Cho, Yaerim Kim, Soojin Lee, Hajeong Lee, Kwon Wook Joo, Kyung Chul Moon, Seung Hee Yang, Hyun Je Kim, Dong Ki Kim	Keimyung University, Seoul National University, Seoul National University Hospital, Chung-Ang University Gwangmyeong Hospital, Eulji University Uijeongbu Eulji Medical Center	Clinical Kidney Journal	https://doi.org/10.1093/ckj/sfaf139	1	article	True	Complement system in diseases	Immunology	Immunology and Microbiology	Life Sciences	Complement system in diseases; Renal Diseases and Glomerulopathies; Coagulation, Bradykinin, Polyphosphates, and Angioedema	False	False	True	False	False
W4410805594	Tumor heterogeneity between primary and paired recurrent breast cancer and its potential molecular mechanism.	2025-05-28	Yujing Tan, Jiani Wang, Cheng Zeng, Binghe Xu, Fei Ma	Chinese Academy of Medical Sciences & Peking Union Medical College, Cancer Hospital of Chinese Academy of Medical Sciences	Journal of Clinical Oncology	https://doi.org/10.1200/jco.2025.43.16_suppl.e13177	2	article	False	Estrogen and related hormone effects	Genetics	Biochemistry, Genetics and Molecular Biology	Life Sciences	Estrogen and related hormone effects; Breast Cancer Treatment Studies; HER2/EGFR in Cancer Research	False	False	True	False	False
W4405178784	Chemotherapy induces myeloid-driven spatially confined T cell exhaustion in ovarian cancer	2024-12-01	Inga-Maria Launonen, Iga Niemiec, María Mercedes Hincapié-Otero, Erdoğan Pekcan Erkan, Ada Junquera, Daria Afenteva, Matías Marín Falco, Zhihan Liang, Matilda Salko, Foteini Chamchougia, Angela Szabo, Fernando Pérez‐Villatoro, Yilin Li, Giulia Micoli, Ashwini S. Nagaraj, Ulla‐Maija Haltia, Essi Kahelin, Jaana Oikkonen, Johanna Hynninen, Anni Virtanen, Ajit J. Nirmal, Tuulia Vallius, Sampsa Hautaniemi, Peter Karl Sorger, Anna Vähärautio, Anniina Färkkilä	Finnish Cancer Institute, Institute for Molecular Medicine Finland, Turku University Hospital, Hospital District of Helsinki and Uusimaa, Helsinki University Hospital, Harvard University, University of Turku, University of Helsinki	Cancer Cell	https://doi.org/10.1016/j.ccell.2024.11.005	81	article	True	Immune cells in cancer	Immunology	Immunology and Microbiology	Life Sciences	Immune cells in cancer; Immune Cell Function and Interaction; Single-cell and spatial transcriptomics	False	False	True	False	False
